nohup: ignoring input
Deploying Playbooks
[WARNING]: Invalid characters were found in group names but not replaced, use
-vvvv to see details

PLAY [Gather facts for all hosts] **********************************************

TASK [Group hosts to determine when using --limit] *****************************
ok: [anfitrion]
ok: [asus-tuf]
ok: [server]
ok: [localhost]

TASK [Gather facts] ************************************************************
[WARNING]: Could not match supplied host pattern, ignoring:
all_using_limit_True
ok: [server]
ok: [anfitrion]
ok: [localhost]
ok: [asus-tuf]

PLAY [Gather facts for all hosts (if using --limit)] ***************************
skipping: no hosts matched

PLAY [Group hosts based on configuration] **************************************

TASK [Group hosts based on Kolla action] ***************************************
ok: [anfitrion]
ok: [asus-tuf]
ok: [server]
ok: [localhost]

TASK [Group hosts based on enabled services] ***********************************
ok: [anfitrion] => (item=enable_aodh_False)
ok: [anfitrion] => (item=enable_barbican_False)
ok: [anfitrion] => (item=enable_blazar_False)
ok: [anfitrion] => (item=enable_ceilometer_False)
ok: [anfitrion] => (item=enable_ceph_rgw_False)
ok: [anfitrion] => (item=enable_cinder_False)
ok: [anfitrion] => (item=enable_cloudkitty_False)
ok: [anfitrion] => (item=enable_collectd_False)
ok: [anfitrion] => (item=enable_cyborg_False)
ok: [anfitrion] => (item=enable_designate_False)
ok: [anfitrion] => (item=enable_etcd_False)
ok: [anfitrion] => (item=enable_fluentd_True)
ok: [anfitrion] => (item=enable_glance_True)
ok: [anfitrion] => (item=enable_gnocchi_False)
ok: [anfitrion] => (item=enable_grafana_False)
ok: [anfitrion] => (item=enable_hacluster_False)
ok: [anfitrion] => (item=enable_heat_True)
ok: [anfitrion] => (item=enable_horizon_True)
ok: [anfitrion] => (item=enable_influxdb_False)
ok: [anfitrion] => (item=enable_ironic_False)
ok: [anfitrion] => (item=enable_iscsid_False)
ok: [anfitrion] => (item=enable_keystone_True)
ok: [anfitrion] => (item=enable_kuryr_False)
ok: [anfitrion] => (item=enable_letsencrypt_False)
ok: [anfitrion] => (item=enable_loadbalancer_True)
ok: [anfitrion] => (item=enable_magnum_False)
ok: [anfitrion] => (item=enable_manila_False)
ok: [anfitrion] => (item=enable_mariadb_True)
ok: [anfitrion] => (item=enable_masakari_False)
ok: [anfitrion] => (item=enable_memcached_True)
ok: [anfitrion] => (item=enable_mistral_False)
ok: [anfitrion] => (item=enable_multipathd_False)
ok: [anfitrion] => (item=enable_neutron_True)
ok: [anfitrion] => (item=enable_nova_True)
ok: [anfitrion] => (item=enable_octavia_False)
ok: [anfitrion] => (item=enable_opensearch_False)
ok: [anfitrion] => (item=enable_opensearch_dashboards_False)
ok: [anfitrion] => (item=enable_openvswitch_True_enable_ovs_dpdk_False)
ok: [anfitrion] => (item=enable_ovn_False)
ok: [anfitrion] => (item=enable_placement_True)
ok: [anfitrion] => (item=enable_prometheus_False)
ok: [anfitrion] => (item=enable_rabbitmq_True)
ok: [anfitrion] => (item=enable_valkey_False)
ok: [anfitrion] => (item=enable_skyline_False)
ok: [anfitrion] => (item=enable_tacker_False)
ok: [anfitrion] => (item=enable_telegraf_False)
ok: [anfitrion] => (item=enable_trove_False)
ok: [anfitrion] => (item=enable_watcher_False)
ok: [anfitrion] => (item=enable_zun_False)
ok: [asus-tuf] => (item=enable_aodh_False)
ok: [asus-tuf] => (item=enable_barbican_False)
ok: [asus-tuf] => (item=enable_blazar_False)
ok: [asus-tuf] => (item=enable_ceilometer_False)
ok: [asus-tuf] => (item=enable_ceph_rgw_False)
ok: [asus-tuf] => (item=enable_cinder_False)
ok: [asus-tuf] => (item=enable_cloudkitty_False)
ok: [asus-tuf] => (item=enable_collectd_False)
ok: [asus-tuf] => (item=enable_cyborg_False)
ok: [asus-tuf] => (item=enable_designate_False)
ok: [asus-tuf] => (item=enable_etcd_False)
ok: [asus-tuf] => (item=enable_fluentd_True)
ok: [asus-tuf] => (item=enable_glance_True)
ok: [asus-tuf] => (item=enable_gnocchi_False)
ok: [asus-tuf] => (item=enable_grafana_False)
ok: [asus-tuf] => (item=enable_hacluster_False)
ok: [asus-tuf] => (item=enable_heat_True)
ok: [asus-tuf] => (item=enable_horizon_True)
ok: [asus-tuf] => (item=enable_influxdb_False)
ok: [asus-tuf] => (item=enable_ironic_False)
ok: [asus-tuf] => (item=enable_iscsid_False)
ok: [asus-tuf] => (item=enable_keystone_True)
ok: [asus-tuf] => (item=enable_kuryr_False)
ok: [asus-tuf] => (item=enable_letsencrypt_False)
ok: [asus-tuf] => (item=enable_loadbalancer_True)
ok: [asus-tuf] => (item=enable_magnum_False)
ok: [asus-tuf] => (item=enable_manila_False)
ok: [asus-tuf] => (item=enable_mariadb_True)
ok: [asus-tuf] => (item=enable_masakari_False)
ok: [asus-tuf] => (item=enable_memcached_True)
ok: [asus-tuf] => (item=enable_mistral_False)
ok: [asus-tuf] => (item=enable_multipathd_False)
ok: [asus-tuf] => (item=enable_neutron_True)
ok: [asus-tuf] => (item=enable_nova_True)
ok: [asus-tuf] => (item=enable_octavia_False)
ok: [asus-tuf] => (item=enable_opensearch_False)
ok: [asus-tuf] => (item=enable_opensearch_dashboards_False)
ok: [asus-tuf] => (item=enable_openvswitch_True_enable_ovs_dpdk_False)
ok: [asus-tuf] => (item=enable_ovn_False)
ok: [asus-tuf] => (item=enable_placement_True)
ok: [asus-tuf] => (item=enable_prometheus_False)
ok: [asus-tuf] => (item=enable_rabbitmq_True)
ok: [asus-tuf] => (item=enable_valkey_False)
ok: [asus-tuf] => (item=enable_skyline_False)
ok: [asus-tuf] => (item=enable_tacker_False)
ok: [asus-tuf] => (item=enable_telegraf_False)
ok: [asus-tuf] => (item=enable_trove_False)
ok: [asus-tuf] => (item=enable_watcher_False)
ok: [asus-tuf] => (item=enable_zun_False)
ok: [server] => (item=enable_aodh_False)
ok: [server] => (item=enable_barbican_False)
ok: [server] => (item=enable_blazar_False)
ok: [server] => (item=enable_ceilometer_False)
ok: [server] => (item=enable_ceph_rgw_False)
ok: [server] => (item=enable_cinder_False)
ok: [server] => (item=enable_cloudkitty_False)
ok: [server] => (item=enable_collectd_False)
ok: [server] => (item=enable_cyborg_False)
ok: [server] => (item=enable_designate_False)
ok: [server] => (item=enable_etcd_False)
ok: [server] => (item=enable_fluentd_True)
ok: [server] => (item=enable_glance_True)
ok: [server] => (item=enable_gnocchi_False)
ok: [server] => (item=enable_grafana_False)
ok: [server] => (item=enable_hacluster_False)
ok: [server] => (item=enable_heat_True)
ok: [server] => (item=enable_horizon_True)
ok: [server] => (item=enable_influxdb_False)
ok: [server] => (item=enable_ironic_False)
ok: [server] => (item=enable_iscsid_False)
ok: [server] => (item=enable_keystone_True)
ok: [server] => (item=enable_kuryr_False)
ok: [server] => (item=enable_letsencrypt_False)
ok: [server] => (item=enable_loadbalancer_True)
ok: [server] => (item=enable_magnum_False)
ok: [server] => (item=enable_manila_False)
ok: [server] => (item=enable_mariadb_True)
ok: [server] => (item=enable_masakari_False)
ok: [server] => (item=enable_memcached_True)
ok: [server] => (item=enable_mistral_False)
ok: [server] => (item=enable_multipathd_False)
ok: [server] => (item=enable_neutron_True)
ok: [server] => (item=enable_nova_True)
ok: [server] => (item=enable_octavia_False)
ok: [server] => (item=enable_opensearch_False)
ok: [server] => (item=enable_opensearch_dashboards_False)
ok: [server] => (item=enable_openvswitch_True_enable_ovs_dpdk_False)
ok: [server] => (item=enable_ovn_False)
ok: [server] => (item=enable_placement_True)
ok: [server] => (item=enable_prometheus_False)
ok: [server] => (item=enable_rabbitmq_True)
ok: [server] => (item=enable_valkey_False)
ok: [server] => (item=enable_skyline_False)
ok: [server] => (item=enable_tacker_False)
ok: [server] => (item=enable_telegraf_False)
ok: [server] => (item=enable_trove_False)
ok: [server] => (item=enable_watcher_False)
ok: [server] => (item=enable_zun_False)
ok: [localhost] => (item=enable_aodh_False)
ok: [localhost] => (item=enable_barbican_False)
ok: [localhost] => (item=enable_blazar_False)
ok: [localhost] => (item=enable_ceilometer_False)
ok: [localhost] => (item=enable_ceph_rgw_False)
ok: [localhost] => (item=enable_cinder_False)
ok: [localhost] => (item=enable_cloudkitty_False)
ok: [localhost] => (item=enable_collectd_False)
ok: [localhost] => (item=enable_cyborg_False)
ok: [localhost] => (item=enable_designate_False)
ok: [localhost] => (item=enable_etcd_False)
ok: [localhost] => (item=enable_fluentd_True)
ok: [localhost] => (item=enable_glance_True)
ok: [localhost] => (item=enable_gnocchi_False)
ok: [localhost] => (item=enable_grafana_False)
ok: [localhost] => (item=enable_hacluster_False)
ok: [localhost] => (item=enable_heat_True)
ok: [localhost] => (item=enable_horizon_True)
ok: [localhost] => (item=enable_influxdb_False)
ok: [localhost] => (item=enable_ironic_False)
ok: [localhost] => (item=enable_iscsid_False)
ok: [localhost] => (item=enable_keystone_True)
ok: [localhost] => (item=enable_kuryr_False)
ok: [localhost] => (item=enable_letsencrypt_False)
ok: [localhost] => (item=enable_loadbalancer_True)
ok: [localhost] => (item=enable_magnum_False)
ok: [localhost] => (item=enable_manila_False)
ok: [localhost] => (item=enable_mariadb_True)
ok: [localhost] => (item=enable_masakari_False)
ok: [localhost] => (item=enable_memcached_True)
[WARNING]: Could not match supplied host pattern, ignoring:
kolla_action_precheck
ok: [localhost] => (item=enable_mistral_False)
ok: [localhost] => (item=enable_multipathd_False)
ok: [localhost] => (item=enable_neutron_True)
ok: [localhost] => (item=enable_nova_True)
ok: [localhost] => (item=enable_octavia_False)
ok: [localhost] => (item=enable_opensearch_False)
ok: [localhost] => (item=enable_opensearch_dashboards_False)
ok: [localhost] => (item=enable_openvswitch_True_enable_ovs_dpdk_False)
ok: [localhost] => (item=enable_ovn_False)
ok: [localhost] => (item=enable_placement_True)
ok: [localhost] => (item=enable_prometheus_False)
ok: [localhost] => (item=enable_rabbitmq_True)
ok: [localhost] => (item=enable_valkey_False)
ok: [localhost] => (item=enable_skyline_False)
ok: [localhost] => (item=enable_tacker_False)
ok: [localhost] => (item=enable_telegraf_False)
ok: [localhost] => (item=enable_trove_False)
ok: [localhost] => (item=enable_watcher_False)
ok: [localhost] => (item=enable_zun_False)

PLAY [Apply role prechecks] ****************************************************
skipping: no hosts matched

PLAY [Apply role common] *******************************************************

TASK [common : include_tasks] **************************************************
included: /opt/kolla-ansible/share/kolla-ansible/ansible/roles/common/tasks/deploy.yml for anfitrion, asus-tuf, server

TASK [common : Ensuring config directories exist] ******************************
ok: [server] => (item=[{'service_name': 'kolla-toolbox'}, 'kolla-toolbox'])
ok: [anfitrion] => (item=[{'service_name': 'kolla-toolbox'}, 'kolla-toolbox'])
ok: [asus-tuf] => (item=[{'service_name': 'kolla-toolbox'}, 'kolla-toolbox'])

TASK [common : include_tasks] **************************************************
skipping: [anfitrion]
skipping: [asus-tuf]
skipping: [server]

TASK [common : Copying over config.json files for services] ********************
ok: [server] => (item={'key': 'kolla-toolbox', 'value': {'container_name': 'kolla_toolbox', 'group': 'kolla-toolbox', 'enabled': True, 'image': 'quay.io/openstack.kolla/kolla-toolbox:2025.2-ubuntu-noble', 'environment': {'ANSIBLE_NOCOLOR': '1', 'ANSIBLE_LIBRARY': '/usr/share/ansible', 'REQUESTS_CA_BUNDLE': ''}, 'privileged': True, 'volumes': ['/etc/kolla/kolla-toolbox/:/var/lib/kolla/config_files/:ro', '/etc/localtime:/etc/localtime:ro', '/etc/timezone:/etc/timezone:ro', '/dev/:/dev/', '/run/:/run/:shared', 'kolla_logs:/var/log/kolla/'], 'dimensions': {'ulimits': {'nofile': {'soft': 1048576, 'hard': 1048576}}}}})
ok: [anfitrion] => (item={'key': 'kolla-toolbox', 'value': {'container_name': 'kolla_toolbox', 'group': 'kolla-toolbox', 'enabled': True, 'image': 'quay.io/openstack.kolla/kolla-toolbox:2025.2-ubuntu-noble', 'environment': {'ANSIBLE_NOCOLOR': '1', 'ANSIBLE_LIBRARY': '/usr/share/ansible', 'REQUESTS_CA_BUNDLE': ''}, 'privileged': True, 'volumes': ['/etc/kolla/kolla-toolbox/:/var/lib/kolla/config_files/:ro', '/etc/localtime:/etc/localtime:ro', '/etc/timezone:/etc/timezone:ro', '/dev/:/dev/', '/run/:/run/:shared', 'kolla_logs:/var/log/kolla/'], 'dimensions': {'ulimits': {'nofile': {'soft': 1048576, 'hard': 1048576}}}}})
ok: [asus-tuf] => (item={'key': 'kolla-toolbox', 'value': {'container_name': 'kolla_toolbox', 'group': 'kolla-toolbox', 'enabled': True, 'image': 'quay.io/openstack.kolla/kolla-toolbox:2025.2-ubuntu-noble', 'environment': {'ANSIBLE_NOCOLOR': '1', 'ANSIBLE_LIBRARY': '/usr/share/ansible', 'REQUESTS_CA_BUNDLE': ''}, 'privileged': True, 'volumes': ['/etc/kolla/kolla-toolbox/:/var/lib/kolla/config_files/:ro', '/etc/localtime:/etc/localtime:ro', '/etc/timezone:/etc/timezone:ro', '/dev/:/dev/', '/run/:/run/:shared', 'kolla_logs:/var/log/kolla/'], 'dimensions': {'ulimits': {'nofile': {'soft': 1048576, 'hard': 1048576}}}}})

TASK [common : Ensure RabbitMQ Erlang cookie exists] ***************************
ok: [server]
ok: [anfitrion]
ok: [asus-tuf]

TASK [common : Ensuring config directories have correct owner and permission] ***
skipping: [anfitrion] => (item={'key': 'kolla-toolbox', 'value': {'container_name': 'kolla_toolbox', 'group': 'kolla-toolbox', 'enabled': True, 'image': 'quay.io/openstack.kolla/kolla-toolbox:2025.2-ubuntu-noble', 'environment': {'ANSIBLE_NOCOLOR': '1', 'ANSIBLE_LIBRARY': '/usr/share/ansible', 'REQUESTS_CA_BUNDLE': ''}, 'privileged': True, 'volumes': ['/etc/kolla/kolla-toolbox/:/var/lib/kolla/config_files/:ro', '/etc/localtime:/etc/localtime:ro', '/etc/timezone:/etc/timezone:ro', '/dev/:/dev/', '/run/:/run/:shared', 'kolla_logs:/var/log/kolla/'], 'dimensions': {'ulimits': {'nofile': {'soft': 1048576, 'hard': 1048576}}}}}) 
skipping: [anfitrion]
skipping: [asus-tuf] => (item={'key': 'kolla-toolbox', 'value': {'container_name': 'kolla_toolbox', 'group': 'kolla-toolbox', 'enabled': True, 'image': 'quay.io/openstack.kolla/kolla-toolbox:2025.2-ubuntu-noble', 'environment': {'ANSIBLE_NOCOLOR': '1', 'ANSIBLE_LIBRARY': '/usr/share/ansible', 'REQUESTS_CA_BUNDLE': ''}, 'privileged': True, 'volumes': ['/etc/kolla/kolla-toolbox/:/var/lib/kolla/config_files/:ro', '/etc/localtime:/etc/localtime:ro', '/etc/timezone:/etc/timezone:ro', '/dev/:/dev/', '/run/:/run/:shared', 'kolla_logs:/var/log/kolla/'], 'dimensions': {'ulimits': {'nofile': {'soft': 1048576, 'hard': 1048576}}}}}) 
skipping: [asus-tuf]
skipping: [server] => (item={'key': 'kolla-toolbox', 'value': {'container_name': 'kolla_toolbox', 'group': 'kolla-toolbox', 'enabled': True, 'image': 'quay.io/openstack.kolla/kolla-toolbox:2025.2-ubuntu-noble', 'environment': {'ANSIBLE_NOCOLOR': '1', 'ANSIBLE_LIBRARY': '/usr/share/ansible', 'REQUESTS_CA_BUNDLE': ''}, 'privileged': True, 'volumes': ['/etc/kolla/kolla-toolbox/:/var/lib/kolla/config_files/:ro', '/etc/localtime:/etc/localtime:ro', '/etc/timezone:/etc/timezone:ro', '/dev/:/dev/', '/run/:/run/:shared', 'kolla_logs:/var/log/kolla/'], 'dimensions': {'ulimits': {'nofile': {'soft': 1048576, 'hard': 1048576}}}}}) 
skipping: [server]

TASK [common : Copy rabbitmq-env.conf to kolla toolbox] ************************
ok: [server] => (item=/opt/kolla-ansible/share/kolla-ansible/ansible/roles/common/templates/rabbitmq-env.conf.j2)
ok: [anfitrion] => (item=/opt/kolla-ansible/share/kolla-ansible/ansible/roles/common/templates/rabbitmq-env.conf.j2)
ok: [asus-tuf] => (item=/opt/kolla-ansible/share/kolla-ansible/ansible/roles/common/templates/rabbitmq-env.conf.j2)

TASK [common : Copy rabbitmq erl_inetrc to kolla toolbox] **********************
ok: [server] => (item=/opt/kolla-ansible/share/kolla-ansible/ansible/roles/common/templates/erl_inetrc.j2)
ok: [anfitrion] => (item=/opt/kolla-ansible/share/kolla-ansible/ansible/roles/common/templates/erl_inetrc.j2)
ok: [asus-tuf] => (item=/opt/kolla-ansible/share/kolla-ansible/ansible/roles/common/templates/erl_inetrc.j2)

TASK [service-check-containers : common | Check containers] ********************
ok: [anfitrion] => (item={'key': 'kolla-toolbox', 'value': {'container_name': 'kolla_toolbox', 'group': 'kolla-toolbox', 'enabled': True, 'image': 'quay.io/openstack.kolla/kolla-toolbox:2025.2-ubuntu-noble', 'environment': {'ANSIBLE_NOCOLOR': '1', 'ANSIBLE_LIBRARY': '/usr/share/ansible', 'REQUESTS_CA_BUNDLE': ''}, 'privileged': True, 'volumes': ['/etc/kolla/kolla-toolbox/:/var/lib/kolla/config_files/:ro', '/etc/localtime:/etc/localtime:ro', '/etc/timezone:/etc/timezone:ro', '/dev/:/dev/', '/run/:/run/:shared', 'kolla_logs:/var/log/kolla/'], 'dimensions': {'ulimits': {'nofile': {'soft': 1048576, 'hard': 1048576}}}}})
ok: [server] => (item={'key': 'kolla-toolbox', 'value': {'container_name': 'kolla_toolbox', 'group': 'kolla-toolbox', 'enabled': True, 'image': 'quay.io/openstack.kolla/kolla-toolbox:2025.2-ubuntu-noble', 'environment': {'ANSIBLE_NOCOLOR': '1', 'ANSIBLE_LIBRARY': '/usr/share/ansible', 'REQUESTS_CA_BUNDLE': ''}, 'privileged': True, 'volumes': ['/etc/kolla/kolla-toolbox/:/var/lib/kolla/config_files/:ro', '/etc/localtime:/etc/localtime:ro', '/etc/timezone:/etc/timezone:ro', '/dev/:/dev/', '/run/:/run/:shared', 'kolla_logs:/var/log/kolla/'], 'dimensions': {'ulimits': {'nofile': {'soft': 1048576, 'hard': 1048576}}}}})
ok: [asus-tuf] => (item={'key': 'kolla-toolbox', 'value': {'container_name': 'kolla_toolbox', 'group': 'kolla-toolbox', 'enabled': True, 'image': 'quay.io/openstack.kolla/kolla-toolbox:2025.2-ubuntu-noble', 'environment': {'ANSIBLE_NOCOLOR': '1', 'ANSIBLE_LIBRARY': '/usr/share/ansible', 'REQUESTS_CA_BUNDLE': ''}, 'privileged': True, 'volumes': ['/etc/kolla/kolla-toolbox/:/var/lib/kolla/config_files/:ro', '/etc/localtime:/etc/localtime:ro', '/etc/timezone:/etc/timezone:ro', '/dev/:/dev/', '/run/:/run/:shared', 'kolla_logs:/var/log/kolla/'], 'dimensions': {'ulimits': {'nofile': {'soft': 1048576, 'hard': 1048576}}}}})

TASK [service-check-containers : common | Notify handlers to restart containers] ***
ok: [anfitrion] => {
    "msg": "Notifying handlers"
}
ok: [asus-tuf] => {
    "msg": "Notifying handlers"
}
ok: [server] => {
    "msg": "Notifying handlers"
}

TASK [service-check-containers : Include tasks] ********************************
skipping: [anfitrion] => (item={'key': 'kolla-toolbox', 'value': {'container_name': 'kolla_toolbox', 'group': 'kolla-toolbox', 'enabled': True, 'image': 'quay.io/openstack.kolla/kolla-toolbox:2025.2-ubuntu-noble', 'environment': {'ANSIBLE_NOCOLOR': '1', 'ANSIBLE_LIBRARY': '/usr/share/ansible', 'REQUESTS_CA_BUNDLE': ''}, 'privileged': True, 'volumes': ['/etc/kolla/kolla-toolbox/:/var/lib/kolla/config_files/:ro', '/etc/localtime:/etc/localtime:ro', '/etc/timezone:/etc/timezone:ro', '/dev/:/dev/', '/run/:/run/:shared', 'kolla_logs:/var/log/kolla/'], 'dimensions': {'ulimits': {'nofile': {'soft': 1048576, 'hard': 1048576}}}}}) 
skipping: [anfitrion]
skipping: [asus-tuf] => (item={'key': 'kolla-toolbox', 'value': {'container_name': 'kolla_toolbox', 'group': 'kolla-toolbox', 'enabled': True, 'image': 'quay.io/openstack.kolla/kolla-toolbox:2025.2-ubuntu-noble', 'environment': {'ANSIBLE_NOCOLOR': '1', 'ANSIBLE_LIBRARY': '/usr/share/ansible', 'REQUESTS_CA_BUNDLE': ''}, 'privileged': True, 'volumes': ['/etc/kolla/kolla-toolbox/:/var/lib/kolla/config_files/:ro', '/etc/localtime:/etc/localtime:ro', '/etc/timezone:/etc/timezone:ro', '/dev/:/dev/', '/run/:/run/:shared', 'kolla_logs:/var/log/kolla/'], 'dimensions': {'ulimits': {'nofile': {'soft': 1048576, 'hard': 1048576}}}}}) 
skipping: [asus-tuf]
skipping: [server] => (item={'key': 'kolla-toolbox', 'value': {'container_name': 'kolla_toolbox', 'group': 'kolla-toolbox', 'enabled': True, 'image': 'quay.io/openstack.kolla/kolla-toolbox:2025.2-ubuntu-noble', 'environment': {'ANSIBLE_NOCOLOR': '1', 'ANSIBLE_LIBRARY': '/usr/share/ansible', 'REQUESTS_CA_BUNDLE': ''}, 'privileged': True, 'volumes': ['/etc/kolla/kolla-toolbox/:/var/lib/kolla/config_files/:ro', '/etc/localtime:/etc/localtime:ro', '/etc/timezone:/etc/timezone:ro', '/dev/:/dev/', '/run/:/run/:shared', 'kolla_logs:/var/log/kolla/'], 'dimensions': {'ulimits': {'nofile': {'soft': 1048576, 'hard': 1048576}}}}}) 
skipping: [server]

TASK [common : Creating log volume] ********************************************
ok: [server]
ok: [anfitrion]
ok: [asus-tuf]

TASK [common : Link kolla_logs volume to /var/log/kolla] ***********************
ok: [anfitrion]
ok: [server]
ok: [asus-tuf]

TASK [common : Flush handlers] *************************************************

TASK [common : Flush handlers] *************************************************

TASK [common : Flush handlers] *************************************************

PLAY [Apply role cron] *********************************************************

TASK [cron : include_tasks] ****************************************************
[WARNING]: file /opt/kolla-ansible/share/kolla-
ansible/ansible/roles/cron/tasks/bootstrap.yml is empty and had no tasks to
include
included: /opt/kolla-ansible/share/kolla-ansible/ansible/roles/cron/tasks/deploy.yml for anfitrion, asus-tuf, server

TASK [cron : Ensuring config directories exist] ********************************
ok: [anfitrion]
ok: [server]
ok: [asus-tuf]

TASK [cron : include_tasks] ****************************************************
skipping: [anfitrion]
skipping: [asus-tuf]
skipping: [server]

TASK [cron : Copying over config.json files for services] **********************
ok: [server] => (item={'key': 'cron', 'value': {'container_name': 'cron', 'group': 'cron', 'enabled': True, 'image': 'quay.io/openstack.kolla/cron:2025.2-ubuntu-noble', 'environment': {'KOLLA_LOGROTATE_SCHEDULE': 'daily'}, 'volumes': ['/etc/kolla/cron/:/var/lib/kolla/config_files/:ro', '/etc/localtime:/etc/localtime:ro', '/etc/timezone:/etc/timezone:ro', 'kolla_logs:/var/log/kolla/'], 'dimensions': {'ulimits': {'nofile': {'soft': 1048576, 'hard': 1048576}}}}})
ok: [anfitrion] => (item={'key': 'cron', 'value': {'container_name': 'cron', 'group': 'cron', 'enabled': True, 'image': 'quay.io/openstack.kolla/cron:2025.2-ubuntu-noble', 'environment': {'KOLLA_LOGROTATE_SCHEDULE': 'daily'}, 'volumes': ['/etc/kolla/cron/:/var/lib/kolla/config_files/:ro', '/etc/localtime:/etc/localtime:ro', '/etc/timezone:/etc/timezone:ro', 'kolla_logs:/var/log/kolla/'], 'dimensions': {'ulimits': {'nofile': {'soft': 1048576, 'hard': 1048576}}}}})
ok: [asus-tuf] => (item={'key': 'cron', 'value': {'container_name': 'cron', 'group': 'cron', 'enabled': True, 'image': 'quay.io/openstack.kolla/cron:2025.2-ubuntu-noble', 'environment': {'KOLLA_LOGROTATE_SCHEDULE': 'daily'}, 'volumes': ['/etc/kolla/cron/:/var/lib/kolla/config_files/:ro', '/etc/localtime:/etc/localtime:ro', '/etc/timezone:/etc/timezone:ro', 'kolla_logs:/var/log/kolla/'], 'dimensions': {'ulimits': {'nofile': {'soft': 1048576, 'hard': 1048576}}}}})

TASK [cron : Copying over cron logrotate config file] **************************
ok: [server] => (item=/opt/kolla-ansible/share/kolla-ansible/ansible/roles/cron/templates/cron-logrotate-global.conf.j2)
ok: [anfitrion] => (item=/opt/kolla-ansible/share/kolla-ansible/ansible/roles/cron/templates/cron-logrotate-global.conf.j2)
ok: [asus-tuf] => (item=/opt/kolla-ansible/share/kolla-ansible/ansible/roles/cron/templates/cron-logrotate-global.conf.j2)

TASK [cron : Ensuring config directories have correct owner and permission] ****
ok: [anfitrion] => (item={'key': 'cron', 'value': {'container_name': 'cron', 'group': 'cron', 'enabled': True, 'image': 'quay.io/openstack.kolla/cron:2025.2-ubuntu-noble', 'environment': {'KOLLA_LOGROTATE_SCHEDULE': 'daily'}, 'volumes': ['/etc/kolla/cron/:/var/lib/kolla/config_files/:ro', '/etc/localtime:/etc/localtime:ro', '/etc/timezone:/etc/timezone:ro', 'kolla_logs:/var/log/kolla/'], 'dimensions': {'ulimits': {'nofile': {'soft': 1048576, 'hard': 1048576}}}}})
ok: [server] => (item={'key': 'cron', 'value': {'container_name': 'cron', 'group': 'cron', 'enabled': True, 'image': 'quay.io/openstack.kolla/cron:2025.2-ubuntu-noble', 'environment': {'KOLLA_LOGROTATE_SCHEDULE': 'daily'}, 'volumes': ['/etc/kolla/cron/:/var/lib/kolla/config_files/:ro', '/etc/localtime:/etc/localtime:ro', '/etc/timezone:/etc/timezone:ro', 'kolla_logs:/var/log/kolla/'], 'dimensions': {'ulimits': {'nofile': {'soft': 1048576, 'hard': 1048576}}}}})
ok: [asus-tuf] => (item={'key': 'cron', 'value': {'container_name': 'cron', 'group': 'cron', 'enabled': True, 'image': 'quay.io/openstack.kolla/cron:2025.2-ubuntu-noble', 'environment': {'KOLLA_LOGROTATE_SCHEDULE': 'daily'}, 'volumes': ['/etc/kolla/cron/:/var/lib/kolla/config_files/:ro', '/etc/localtime:/etc/localtime:ro', '/etc/timezone:/etc/timezone:ro', 'kolla_logs:/var/log/kolla/'], 'dimensions': {'ulimits': {'nofile': {'soft': 1048576, 'hard': 1048576}}}}})

TASK [service-check-containers : cron | Check containers] **********************
ok: [anfitrion] => (item={'key': 'cron', 'value': {'container_name': 'cron', 'group': 'cron', 'enabled': True, 'image': 'quay.io/openstack.kolla/cron:2025.2-ubuntu-noble', 'environment': {'KOLLA_LOGROTATE_SCHEDULE': 'daily'}, 'volumes': ['/etc/kolla/cron/:/var/lib/kolla/config_files/:ro', '/etc/localtime:/etc/localtime:ro', '/etc/timezone:/etc/timezone:ro', 'kolla_logs:/var/log/kolla/'], 'dimensions': {'ulimits': {'nofile': {'soft': 1048576, 'hard': 1048576}}}}})
ok: [server] => (item={'key': 'cron', 'value': {'container_name': 'cron', 'group': 'cron', 'enabled': True, 'image': 'quay.io/openstack.kolla/cron:2025.2-ubuntu-noble', 'environment': {'KOLLA_LOGROTATE_SCHEDULE': 'daily'}, 'volumes': ['/etc/kolla/cron/:/var/lib/kolla/config_files/:ro', '/etc/localtime:/etc/localtime:ro', '/etc/timezone:/etc/timezone:ro', 'kolla_logs:/var/log/kolla/'], 'dimensions': {'ulimits': {'nofile': {'soft': 1048576, 'hard': 1048576}}}}})
ok: [asus-tuf] => (item={'key': 'cron', 'value': {'container_name': 'cron', 'group': 'cron', 'enabled': True, 'image': 'quay.io/openstack.kolla/cron:2025.2-ubuntu-noble', 'environment': {'KOLLA_LOGROTATE_SCHEDULE': 'daily'}, 'volumes': ['/etc/kolla/cron/:/var/lib/kolla/config_files/:ro', '/etc/localtime:/etc/localtime:ro', '/etc/timezone:/etc/timezone:ro', 'kolla_logs:/var/log/kolla/'], 'dimensions': {'ulimits': {'nofile': {'soft': 1048576, 'hard': 1048576}}}}})

TASK [service-check-containers : cron | Notify handlers to restart containers] ***
ok: [anfitrion] => {
    "msg": "Notifying handlers"
}
ok: [asus-tuf] => {
    "msg": "Notifying handlers"
}
ok: [server] => {
    "msg": "Notifying handlers"
}

TASK [service-check-containers : Include tasks] ********************************
skipping: [anfitrion] => (item={'key': 'cron', 'value': {'container_name': 'cron', 'group': 'cron', 'enabled': True, 'image': 'quay.io/openstack.kolla/cron:2025.2-ubuntu-noble', 'environment': {'KOLLA_LOGROTATE_SCHEDULE': 'daily'}, 'volumes': ['/etc/kolla/cron/:/var/lib/kolla/config_files/:ro', '/etc/localtime:/etc/localtime:ro', '/etc/timezone:/etc/timezone:ro', 'kolla_logs:/var/log/kolla/'], 'dimensions': {'ulimits': {'nofile': {'soft': 1048576, 'hard': 1048576}}}}}) 
skipping: [anfitrion]
skipping: [asus-tuf] => (item={'key': 'cron', 'value': {'container_name': 'cron', 'group': 'cron', 'enabled': True, 'image': 'quay.io/openstack.kolla/cron:2025.2-ubuntu-noble', 'environment': {'KOLLA_LOGROTATE_SCHEDULE': 'daily'}, 'volumes': ['/etc/kolla/cron/:/var/lib/kolla/config_files/:ro', '/etc/localtime:/etc/localtime:ro', '/etc/timezone:/etc/timezone:ro', 'kolla_logs:/var/log/kolla/'], 'dimensions': {'ulimits': {'nofile': {'soft': 1048576, 'hard': 1048576}}}}}) 
skipping: [asus-tuf]
skipping: [server] => (item={'key': 'cron', 'value': {'container_name': 'cron', 'group': 'cron', 'enabled': True, 'image': 'quay.io/openstack.kolla/cron:2025.2-ubuntu-noble', 'environment': {'KOLLA_LOGROTATE_SCHEDULE': 'daily'}, 'volumes': ['/etc/kolla/cron/:/var/lib/kolla/config_files/:ro', '/etc/localtime:/etc/localtime:ro', '/etc/timezone:/etc/timezone:ro', 'kolla_logs:/var/log/kolla/'], 'dimensions': {'ulimits': {'nofile': {'soft': 1048576, 'hard': 1048576}}}}}) 
skipping: [server]

TASK [cron : Flush handlers] ***************************************************

TASK [cron : Flush handlers] ***************************************************

TASK [cron : Flush handlers] ***************************************************

PLAY [Apply role fluentd] ******************************************************

TASK [fluentd : include_tasks] *************************************************
[WARNING]: file /opt/kolla-ansible/share/kolla-
ansible/ansible/roles/fluentd/tasks/bootstrap.yml is empty and had no tasks to
include
included: /opt/kolla-ansible/share/kolla-ansible/ansible/roles/fluentd/tasks/deploy.yml for anfitrion, asus-tuf, server

TASK [fluentd : Ensuring config directories exist] *****************************
ok: [anfitrion]
ok: [server]
ok: [asus-tuf]

TASK [fluentd : include_tasks] *************************************************
skipping: [anfitrion]
skipping: [asus-tuf]
skipping: [server]

TASK [fluentd : Ensure /var/log/journal exists on EL systems] ******************
skipping: [anfitrion]
skipping: [asus-tuf]
skipping: [server]

TASK [fluentd : Copying over config.json files for services] *******************
ok: [server] => (item={'key': 'fluentd', 'value': {'container_name': 'fluentd', 'group': 'fluentd', 'enabled': True, 'image': 'quay.io/openstack.kolla/fluentd:2025.2-ubuntu-noble', 'environment': {'KOLLA_CONFIG_STRATEGY': 'COPY_ALWAYS'}, 'volumes': ['/etc/kolla/fluentd/:/var/lib/kolla/config_files/:ro', '/etc/localtime:/etc/localtime:ro', '/etc/timezone:/etc/timezone:ro', 'kolla_logs:/var/log/kolla/', 'fluentd_data:/var/lib/fluentd/data/', '/var/log/journal:/var/log/journal:ro'], 'dimensions': {'ulimits': {'nofile': {'soft': 1048576, 'hard': 1048576}}}}})
ok: [anfitrion] => (item={'key': 'fluentd', 'value': {'container_name': 'fluentd', 'group': 'fluentd', 'enabled': True, 'image': 'quay.io/openstack.kolla/fluentd:2025.2-ubuntu-noble', 'environment': {'KOLLA_CONFIG_STRATEGY': 'COPY_ALWAYS'}, 'volumes': ['/etc/kolla/fluentd/:/var/lib/kolla/config_files/:ro', '/etc/localtime:/etc/localtime:ro', '/etc/timezone:/etc/timezone:ro', 'kolla_logs:/var/log/kolla/', 'fluentd_data:/var/lib/fluentd/data/', '/var/log/journal:/var/log/journal:ro'], 'dimensions': {'ulimits': {'nofile': {'soft': 1048576, 'hard': 1048576}}}}})
ok: [asus-tuf] => (item={'key': 'fluentd', 'value': {'container_name': 'fluentd', 'group': 'fluentd', 'enabled': True, 'image': 'quay.io/openstack.kolla/fluentd:2025.2-ubuntu-noble', 'environment': {'KOLLA_CONFIG_STRATEGY': 'COPY_ALWAYS'}, 'volumes': ['/etc/kolla/fluentd/:/var/lib/kolla/config_files/:ro', '/etc/localtime:/etc/localtime:ro', '/etc/timezone:/etc/timezone:ro', 'kolla_logs:/var/log/kolla/', 'fluentd_data:/var/lib/fluentd/data/', '/var/log/journal:/var/log/journal:ro'], 'dimensions': {'ulimits': {'nofile': {'soft': 1048576, 'hard': 1048576}}}}})

TASK [fluentd : Find custom fluentd input config files] ************************
[WARNING]: Skipped '/etc/kolla/config/fluentd/input' path due to this access
issue: '/etc/kolla/config/fluentd/input' is not a directory
ok: [anfitrion -> localhost]

TASK [fluentd : Find custom fluentd filter config files] ***********************
[WARNING]: Skipped '/etc/kolla/config/fluentd/filter' path due to this access
issue: '/etc/kolla/config/fluentd/filter' is not a directory
ok: [anfitrion -> localhost]

TASK [fluentd : Find custom fluentd format config files] ***********************
[WARNING]: Skipped '/etc/kolla/config/fluentd/format' path due to this access
issue: '/etc/kolla/config/fluentd/format' is not a directory
ok: [anfitrion -> localhost]

TASK [fluentd : Find custom fluentd output config files] ***********************
[WARNING]: Skipped '/etc/kolla/config/fluentd/output' path due to this access
issue: '/etc/kolla/config/fluentd/output' is not a directory
ok: [anfitrion -> localhost]

TASK [fluentd : Copying over fluentd.conf] *************************************
ok: [server]
ok: [anfitrion]
ok: [asus-tuf]

TASK [fluentd : Ensuring config directories have correct owner and permission] ***
ok: [server] => (item={'key': 'fluentd', 'value': {'container_name': 'fluentd', 'group': 'fluentd', 'enabled': True, 'image': 'quay.io/openstack.kolla/fluentd:2025.2-ubuntu-noble', 'environment': {'KOLLA_CONFIG_STRATEGY': 'COPY_ALWAYS'}, 'volumes': ['/etc/kolla/fluentd/:/var/lib/kolla/config_files/:ro', '/etc/localtime:/etc/localtime:ro', '/etc/timezone:/etc/timezone:ro', 'kolla_logs:/var/log/kolla/', 'fluentd_data:/var/lib/fluentd/data/', '/var/log/journal:/var/log/journal:ro'], 'dimensions': {'ulimits': {'nofile': {'soft': 1048576, 'hard': 1048576}}}}})
ok: [anfitrion] => (item={'key': 'fluentd', 'value': {'container_name': 'fluentd', 'group': 'fluentd', 'enabled': True, 'image': 'quay.io/openstack.kolla/fluentd:2025.2-ubuntu-noble', 'environment': {'KOLLA_CONFIG_STRATEGY': 'COPY_ALWAYS'}, 'volumes': ['/etc/kolla/fluentd/:/var/lib/kolla/config_files/:ro', '/etc/localtime:/etc/localtime:ro', '/etc/timezone:/etc/timezone:ro', 'kolla_logs:/var/log/kolla/', 'fluentd_data:/var/lib/fluentd/data/', '/var/log/journal:/var/log/journal:ro'], 'dimensions': {'ulimits': {'nofile': {'soft': 1048576, 'hard': 1048576}}}}})
ok: [asus-tuf] => (item={'key': 'fluentd', 'value': {'container_name': 'fluentd', 'group': 'fluentd', 'enabled': True, 'image': 'quay.io/openstack.kolla/fluentd:2025.2-ubuntu-noble', 'environment': {'KOLLA_CONFIG_STRATEGY': 'COPY_ALWAYS'}, 'volumes': ['/etc/kolla/fluentd/:/var/lib/kolla/config_files/:ro', '/etc/localtime:/etc/localtime:ro', '/etc/timezone:/etc/timezone:ro', 'kolla_logs:/var/log/kolla/', 'fluentd_data:/var/lib/fluentd/data/', '/var/log/journal:/var/log/journal:ro'], 'dimensions': {'ulimits': {'nofile': {'soft': 1048576, 'hard': 1048576}}}}})

TASK [service-check-containers : fluentd | Check containers] *******************
ok: [anfitrion] => (item={'key': 'fluentd', 'value': {'container_name': 'fluentd', 'group': 'fluentd', 'enabled': True, 'image': 'quay.io/openstack.kolla/fluentd:2025.2-ubuntu-noble', 'environment': {'KOLLA_CONFIG_STRATEGY': 'COPY_ALWAYS'}, 'volumes': ['/etc/kolla/fluentd/:/var/lib/kolla/config_files/:ro', '/etc/localtime:/etc/localtime:ro', '/etc/timezone:/etc/timezone:ro', 'kolla_logs:/var/log/kolla/', 'fluentd_data:/var/lib/fluentd/data/', '/var/log/journal:/var/log/journal:ro'], 'dimensions': {'ulimits': {'nofile': {'soft': 1048576, 'hard': 1048576}}}}})
ok: [server] => (item={'key': 'fluentd', 'value': {'container_name': 'fluentd', 'group': 'fluentd', 'enabled': True, 'image': 'quay.io/openstack.kolla/fluentd:2025.2-ubuntu-noble', 'environment': {'KOLLA_CONFIG_STRATEGY': 'COPY_ALWAYS'}, 'volumes': ['/etc/kolla/fluentd/:/var/lib/kolla/config_files/:ro', '/etc/localtime:/etc/localtime:ro', '/etc/timezone:/etc/timezone:ro', 'kolla_logs:/var/log/kolla/', 'fluentd_data:/var/lib/fluentd/data/', '/var/log/journal:/var/log/journal:ro'], 'dimensions': {'ulimits': {'nofile': {'soft': 1048576, 'hard': 1048576}}}}})
ok: [asus-tuf] => (item={'key': 'fluentd', 'value': {'container_name': 'fluentd', 'group': 'fluentd', 'enabled': True, 'image': 'quay.io/openstack.kolla/fluentd:2025.2-ubuntu-noble', 'environment': {'KOLLA_CONFIG_STRATEGY': 'COPY_ALWAYS'}, 'volumes': ['/etc/kolla/fluentd/:/var/lib/kolla/config_files/:ro', '/etc/localtime:/etc/localtime:ro', '/etc/timezone:/etc/timezone:ro', 'kolla_logs:/var/log/kolla/', 'fluentd_data:/var/lib/fluentd/data/', '/var/log/journal:/var/log/journal:ro'], 'dimensions': {'ulimits': {'nofile': {'soft': 1048576, 'hard': 1048576}}}}})

TASK [service-check-containers : fluentd | Notify handlers to restart containers] ***
ok: [anfitrion] => {
    "msg": "Notifying handlers"
}
ok: [asus-tuf] => {
    "msg": "Notifying handlers"
}
ok: [server] => {
    "msg": "Notifying handlers"
}

TASK [service-check-containers : Include tasks] ********************************
skipping: [anfitrion] => (item={'key': 'fluentd', 'value': {'container_name': 'fluentd', 'group': 'fluentd', 'enabled': True, 'image': 'quay.io/openstack.kolla/fluentd:2025.2-ubuntu-noble', 'environment': {'KOLLA_CONFIG_STRATEGY': 'COPY_ALWAYS'}, 'volumes': ['/etc/kolla/fluentd/:/var/lib/kolla/config_files/:ro', '/etc/localtime:/etc/localtime:ro', '/etc/timezone:/etc/timezone:ro', 'kolla_logs:/var/log/kolla/', 'fluentd_data:/var/lib/fluentd/data/', '/var/log/journal:/var/log/journal:ro'], 'dimensions': {'ulimits': {'nofile': {'soft': 1048576, 'hard': 1048576}}}}}) 
skipping: [anfitrion]
skipping: [asus-tuf] => (item={'key': 'fluentd', 'value': {'container_name': 'fluentd', 'group': 'fluentd', 'enabled': True, 'image': 'quay.io/openstack.kolla/fluentd:2025.2-ubuntu-noble', 'environment': {'KOLLA_CONFIG_STRATEGY': 'COPY_ALWAYS'}, 'volumes': ['/etc/kolla/fluentd/:/var/lib/kolla/config_files/:ro', '/etc/localtime:/etc/localtime:ro', '/etc/timezone:/etc/timezone:ro', 'kolla_logs:/var/log/kolla/', 'fluentd_data:/var/lib/fluentd/data/', '/var/log/journal:/var/log/journal:ro'], 'dimensions': {'ulimits': {'nofile': {'soft': 1048576, 'hard': 1048576}}}}}) 
skipping: [asus-tuf]
skipping: [server] => (item={'key': 'fluentd', 'value': {'container_name': 'fluentd', 'group': 'fluentd', 'enabled': True, 'image': 'quay.io/openstack.kolla/fluentd:2025.2-ubuntu-noble', 'environment': {'KOLLA_CONFIG_STRATEGY': 'COPY_ALWAYS'}, 'volumes': ['/etc/kolla/fluentd/:/var/lib/kolla/config_files/:ro', '/etc/localtime:/etc/localtime:ro', '/etc/timezone:/etc/timezone:ro', 'kolla_logs:/var/log/kolla/', 'fluentd_data:/var/lib/fluentd/data/', '/var/log/journal:/var/log/journal:ro'], 'dimensions': {'ulimits': {'nofile': {'soft': 1048576, 'hard': 1048576}}}}}) 
skipping: [server]

TASK [fluentd : Flush handlers] ************************************************

TASK [fluentd : Flush handlers] ************************************************

TASK [fluentd : Flush handlers] ************************************************

PLAY [Apply role loadbalancer] *************************************************

TASK [loadbalancer : include_tasks] ********************************************
included: /opt/kolla-ansible/share/kolla-ansible/ansible/roles/loadbalancer/tasks/deploy.yml for anfitrion

TASK [loadbalancer : Check IPv6 support] ***************************************
ok: [anfitrion]

TASK [Setting sysctl values] ***************************************************
included: sysctl for anfitrion

TASK [sysctl : Check IPv6 support] *********************************************
ok: [anfitrion]

TASK [sysctl : Setting sysctl values] ******************************************
ok: [anfitrion] => (item={'name': 'net.ipv6.ip_nonlocal_bind', 'value': 1})
ok: [anfitrion] => (item={'name': 'net.ipv4.ip_nonlocal_bind', 'value': 1})
ok: [anfitrion] => (item={'name': 'net.ipv4.tcp_retries2', 'value': 'KOLLA_UNSET'})
ok: [anfitrion] => (item={'name': 'net.unix.max_dgram_qlen', 'value': 128})

TASK [module-load : Load modules] **********************************************
ok: [anfitrion] => (item=ip_vs)

TASK [module-load : Persist modules via modules-load.d] ************************
ok: [anfitrion] => (item=ip_vs)

TASK [module-load : Drop module persistence] ***********************************
skipping: [anfitrion] => (item=ip_vs) 
skipping: [anfitrion]

TASK [loadbalancer : Ensuring config directories exist] ************************
ok: [anfitrion] => (item={'key': 'haproxy', 'value': {'container_name': 'haproxy', 'group': 'loadbalancer', 'enabled': True, 'image': 'quay.io/openstack.kolla/haproxy:2025.2-ubuntu-noble', 'privileged': True, 'volumes': ['/etc/kolla/haproxy/:/var/lib/kolla/config_files/:ro', '/etc/localtime:/etc/localtime:ro', '/etc/timezone:/etc/timezone:ro', 'haproxy_socket:/var/lib/kolla/haproxy/', 'letsencrypt_certificates:/etc/haproxy/certificates'], 'dimensions': {'ulimits': {'nofile': {'soft': 1048576, 'hard': 1048576}}}, 'healthcheck': {'interval': '30', 'retries': '3', 'start_period': '5', 'test': ['CMD-SHELL', 'healthcheck_curl http://192.168.0.10:61313'], 'timeout': '30'}}})
ok: [anfitrion] => (item={'key': 'proxysql', 'value': {'container_name': 'proxysql', 'group': 'loadbalancer', 'enabled': True, 'image': 'quay.io/openstack.kolla/proxysql:2025.2-ubuntu-noble', 'privileged': False, 'volumes': ['/etc/kolla/proxysql/:/var/lib/kolla/config_files/:ro', '/etc/localtime:/etc/localtime:ro', '/etc/timezone:/etc/timezone:ro', 'kolla_logs:/var/log/kolla/', 'proxysql:/var/lib/proxysql/', 'proxysql_socket:/var/lib/kolla/proxysql/'], 'dimensions': {'ulimits': {'nofile': {'soft': 1048576, 'hard': 1048576}}}, 'healthcheck': {'interval': '30', 'retries': '3', 'start_period': '5', 'test': ['CMD-SHELL', 'healthcheck_listen proxysql 6032'], 'timeout': '30'}}})
ok: [anfitrion] => (item={'key': 'keepalived', 'value': {'container_name': 'keepalived', 'group': 'loadbalancer', 'enabled': True, 'image': 'quay.io/openstack.kolla/keepalived:2025.2-ubuntu-noble', 'privileged': True, 'volumes': ['/etc/kolla/keepalived/:/var/lib/kolla/config_files/:ro', '/etc/localtime:/etc/localtime:ro', '/etc/timezone:/etc/timezone:ro', '/lib/modules:/lib/modules:ro', 'haproxy_socket:/var/lib/kolla/haproxy/', 'proxysql_socket:/var/lib/kolla/proxysql/'], 'dimensions': {'ulimits': {'nofile': {'soft': 1048576, 'hard': 1048576}}}}})

TASK [loadbalancer : Ensuring haproxy service config subdir exists] ************
ok: [anfitrion]

TASK [loadbalancer : Ensuring proxysql service config subdirectories exist] ****
ok: [anfitrion] => (item=users)
ok: [anfitrion] => (item=rules)

TASK [loadbalancer : Ensuring keepalived checks subdir exists] *****************
ok: [anfitrion]

TASK [loadbalancer : Remove mariadb.cfg if proxysql enabled] *******************
ok: [anfitrion]

TASK [loadbalancer : Removing checks for services which are disabled] **********
skipping: [anfitrion] => (item={'key': 'haproxy', 'value': {'container_name': 'haproxy', 'group': 'loadbalancer', 'enabled': True, 'image': 'quay.io/openstack.kolla/haproxy:2025.2-ubuntu-noble', 'privileged': True, 'volumes': ['/etc/kolla/haproxy/:/var/lib/kolla/config_files/:ro', '/etc/localtime:/etc/localtime:ro', '/etc/timezone:/etc/timezone:ro', 'haproxy_socket:/var/lib/kolla/haproxy/', 'letsencrypt_certificates:/etc/haproxy/certificates'], 'dimensions': {'ulimits': {'nofile': {'soft': 1048576, 'hard': 1048576}}}, 'healthcheck': {'interval': '30', 'retries': '3', 'start_period': '5', 'test': ['CMD-SHELL', 'healthcheck_curl http://192.168.0.10:61313'], 'timeout': '30'}}}) 
skipping: [anfitrion] => (item={'key': 'proxysql', 'value': {'container_name': 'proxysql', 'group': 'loadbalancer', 'enabled': True, 'image': 'quay.io/openstack.kolla/proxysql:2025.2-ubuntu-noble', 'privileged': False, 'volumes': ['/etc/kolla/proxysql/:/var/lib/kolla/config_files/:ro', '/etc/localtime:/etc/localtime:ro', '/etc/timezone:/etc/timezone:ro', 'kolla_logs:/var/log/kolla/', 'proxysql:/var/lib/proxysql/', 'proxysql_socket:/var/lib/kolla/proxysql/'], 'dimensions': {'ulimits': {'nofile': {'soft': 1048576, 'hard': 1048576}}}, 'healthcheck': {'interval': '30', 'retries': '3', 'start_period': '5', 'test': ['CMD-SHELL', 'healthcheck_listen proxysql 6032'], 'timeout': '30'}}}) 
skipping: [anfitrion] => (item={'key': 'keepalived', 'value': {'container_name': 'keepalived', 'group': 'loadbalancer', 'enabled': True, 'image': 'quay.io/openstack.kolla/keepalived:2025.2-ubuntu-noble', 'privileged': True, 'volumes': ['/etc/kolla/keepalived/:/var/lib/kolla/config_files/:ro', '/etc/localtime:/etc/localtime:ro', '/etc/timezone:/etc/timezone:ro', '/lib/modules:/lib/modules:ro', 'haproxy_socket:/var/lib/kolla/haproxy/', 'proxysql_socket:/var/lib/kolla/proxysql/'], 'dimensions': {'ulimits': {'nofile': {'soft': 1048576, 'hard': 1048576}}}}}) 
skipping: [anfitrion] => (item={'key': 'haproxy-ssh', 'value': {'container_name': 'haproxy_ssh', 'group': 'loadbalancer', 'enabled': False, 'image': 'quay.io/openstack.kolla/haproxy-ssh:2025.2-ubuntu-noble', 'volumes': ['/etc/kolla/haproxy-ssh/:/var/lib/kolla/config_files/:ro', '/etc/localtime:/etc/localtime:ro', '/etc/timezone:/etc/timezone:ro', 'haproxy_socket:/var/lib/kolla/haproxy/', '__omit_place_holder__9e93341e2fdc5b59ef93b1c5f7e1bf7c21937f9a', '__omit_place_holder__9e93341e2fdc5b59ef93b1c5f7e1bf7c21937f9a'], 'dimensions': {'ulimits': {'nofile': {'soft': 1048576, 'hard': 1048576}}}, 'healthcheck': {'interval': '30', 'retries': '3', 'start_period': '5', 'test': ['CMD-SHELL', 'healthcheck_listen sshd 2985'], 'timeout': '30'}}}) 
skipping: [anfitrion]

TASK [loadbalancer : Copying checks for services which are enabled] ************
ok: [anfitrion] => (item={'key': 'haproxy', 'value': {'container_name': 'haproxy', 'group': 'loadbalancer', 'enabled': True, 'image': 'quay.io/openstack.kolla/haproxy:2025.2-ubuntu-noble', 'privileged': True, 'volumes': ['/etc/kolla/haproxy/:/var/lib/kolla/config_files/:ro', '/etc/localtime:/etc/localtime:ro', '/etc/timezone:/etc/timezone:ro', 'haproxy_socket:/var/lib/kolla/haproxy/', 'letsencrypt_certificates:/etc/haproxy/certificates'], 'dimensions': {'ulimits': {'nofile': {'soft': 1048576, 'hard': 1048576}}}, 'healthcheck': {'interval': '30', 'retries': '3', 'start_period': '5', 'test': ['CMD-SHELL', 'healthcheck_curl http://192.168.0.10:61313'], 'timeout': '30'}}})
ok: [anfitrion] => (item={'key': 'proxysql', 'value': {'container_name': 'proxysql', 'group': 'loadbalancer', 'enabled': True, 'image': 'quay.io/openstack.kolla/proxysql:2025.2-ubuntu-noble', 'privileged': False, 'volumes': ['/etc/kolla/proxysql/:/var/lib/kolla/config_files/:ro', '/etc/localtime:/etc/localtime:ro', '/etc/timezone:/etc/timezone:ro', 'kolla_logs:/var/log/kolla/', 'proxysql:/var/lib/proxysql/', 'proxysql_socket:/var/lib/kolla/proxysql/'], 'dimensions': {'ulimits': {'nofile': {'soft': 1048576, 'hard': 1048576}}}, 'healthcheck': {'interval': '30', 'retries': '3', 'start_period': '5', 'test': ['CMD-SHELL', 'healthcheck_listen proxysql 6032'], 'timeout': '30'}}})
skipping: [anfitrion] => (item={'key': 'keepalived', 'value': {'container_name': 'keepalived', 'group': 'loadbalancer', 'enabled': True, 'image': 'quay.io/openstack.kolla/keepalived:2025.2-ubuntu-noble', 'privileged': True, 'volumes': ['/etc/kolla/keepalived/:/var/lib/kolla/config_files/:ro', '/etc/localtime:/etc/localtime:ro', '/etc/timezone:/etc/timezone:ro', '/lib/modules:/lib/modules:ro', 'haproxy_socket:/var/lib/kolla/haproxy/', 'proxysql_socket:/var/lib/kolla/proxysql/'], 'dimensions': {'ulimits': {'nofile': {'soft': 1048576, 'hard': 1048576}}}}}) 
skipping: [anfitrion] => (item={'key': 'haproxy-ssh', 'value': {'container_name': 'haproxy_ssh', 'group': 'loadbalancer', 'enabled': False, 'image': 'quay.io/openstack.kolla/haproxy-ssh:2025.2-ubuntu-noble', 'volumes': ['/etc/kolla/haproxy-ssh/:/var/lib/kolla/config_files/:ro', '/etc/localtime:/etc/localtime:ro', '/etc/timezone:/etc/timezone:ro', 'haproxy_socket:/var/lib/kolla/haproxy/', '__omit_place_holder__9e93341e2fdc5b59ef93b1c5f7e1bf7c21937f9a', '__omit_place_holder__9e93341e2fdc5b59ef93b1c5f7e1bf7c21937f9a'], 'dimensions': {'ulimits': {'nofile': {'soft': 1048576, 'hard': 1048576}}}, 'healthcheck': {'interval': '30', 'retries': '3', 'start_period': '5', 'test': ['CMD-SHELL', 'healthcheck_listen sshd 2985'], 'timeout': '30'}}}) 

TASK [loadbalancer : Copying over config.json files for services] **************
ok: [anfitrion] => (item={'key': 'haproxy', 'value': {'container_name': 'haproxy', 'group': 'loadbalancer', 'enabled': True, 'image': 'quay.io/openstack.kolla/haproxy:2025.2-ubuntu-noble', 'privileged': True, 'volumes': ['/etc/kolla/haproxy/:/var/lib/kolla/config_files/:ro', '/etc/localtime:/etc/localtime:ro', '/etc/timezone:/etc/timezone:ro', 'haproxy_socket:/var/lib/kolla/haproxy/', 'letsencrypt_certificates:/etc/haproxy/certificates'], 'dimensions': {'ulimits': {'nofile': {'soft': 1048576, 'hard': 1048576}}}, 'healthcheck': {'interval': '30', 'retries': '3', 'start_period': '5', 'test': ['CMD-SHELL', 'healthcheck_curl http://192.168.0.10:61313'], 'timeout': '30'}}})
ok: [anfitrion] => (item={'key': 'proxysql', 'value': {'container_name': 'proxysql', 'group': 'loadbalancer', 'enabled': True, 'image': 'quay.io/openstack.kolla/proxysql:2025.2-ubuntu-noble', 'privileged': False, 'volumes': ['/etc/kolla/proxysql/:/var/lib/kolla/config_files/:ro', '/etc/localtime:/etc/localtime:ro', '/etc/timezone:/etc/timezone:ro', 'kolla_logs:/var/log/kolla/', 'proxysql:/var/lib/proxysql/', 'proxysql_socket:/var/lib/kolla/proxysql/'], 'dimensions': {'ulimits': {'nofile': {'soft': 1048576, 'hard': 1048576}}}, 'healthcheck': {'interval': '30', 'retries': '3', 'start_period': '5', 'test': ['CMD-SHELL', 'healthcheck_listen proxysql 6032'], 'timeout': '30'}}})
ok: [anfitrion] => (item={'key': 'keepalived', 'value': {'container_name': 'keepalived', 'group': 'loadbalancer', 'enabled': True, 'image': 'quay.io/openstack.kolla/keepalived:2025.2-ubuntu-noble', 'privileged': True, 'volumes': ['/etc/kolla/keepalived/:/var/lib/kolla/config_files/:ro', '/etc/localtime:/etc/localtime:ro', '/etc/timezone:/etc/timezone:ro', '/lib/modules:/lib/modules:ro', 'haproxy_socket:/var/lib/kolla/haproxy/', 'proxysql_socket:/var/lib/kolla/proxysql/'], 'dimensions': {'ulimits': {'nofile': {'soft': 1048576, 'hard': 1048576}}}}})

TASK [loadbalancer : Copying over haproxy.cfg] *********************************
ok: [anfitrion] => (item=/opt/kolla-ansible/share/kolla-ansible/ansible/roles/loadbalancer/templates/haproxy/haproxy_main.cfg.j2)

TASK [loadbalancer : Copying over proxysql config] *****************************
ok: [anfitrion] => (item=/opt/kolla-ansible/share/kolla-ansible/ansible/roles/loadbalancer/templates/proxysql/proxysql.yaml.j2)

TASK [loadbalancer : Copying over haproxy single external frontend config] *****
skipping: [anfitrion]

TASK [loadbalancer : Copying over custom haproxy services configuration] *******
[WARNING]: Unable to find '/etc/kolla/config/haproxy/services.d' in expected
paths (use -vvvvv to see paths)
skipping: [anfitrion]

TASK [loadbalancer : Copying over keepalived.conf] *****************************
ok: [anfitrion] => (item=/opt/kolla-ansible/share/kolla-ansible/ansible/roles/loadbalancer/templates/keepalived/keepalived.conf.j2)

TASK [loadbalancer : include_tasks] ********************************************
skipping: [anfitrion]

TASK [loadbalancer : Copying over haproxy start script] ************************
ok: [anfitrion] => (item=/opt/kolla-ansible/share/kolla-ansible/ansible/roles/loadbalancer/templates/haproxy/haproxy_run.sh.j2)

TASK [loadbalancer : Copying over proxysql start script] ***********************
ok: [anfitrion] => (item=/opt/kolla-ansible/share/kolla-ansible/ansible/roles/loadbalancer/templates/proxysql/proxysql_run.sh.j2)

TASK [loadbalancer : Copying files for haproxy-ssh] ****************************
skipping: [anfitrion] => (item={'src': 'haproxy-ssh/sshd_config.j2', 'dest': 'sshd_config'}) 
skipping: [anfitrion] => (item={'src': 'haproxy-ssh/id_rsa.pub', 'dest': 'id_rsa.pub'}) 
skipping: [anfitrion]

TASK [service-check-containers : loadbalancer | Check containers] **************
ok: [anfitrion] => (item={'key': 'haproxy', 'value': {'container_name': 'haproxy', 'group': 'loadbalancer', 'enabled': True, 'image': 'quay.io/openstack.kolla/haproxy:2025.2-ubuntu-noble', 'privileged': True, 'volumes': ['/etc/kolla/haproxy/:/var/lib/kolla/config_files/:ro', '/etc/localtime:/etc/localtime:ro', '/etc/timezone:/etc/timezone:ro', 'haproxy_socket:/var/lib/kolla/haproxy/', 'letsencrypt_certificates:/etc/haproxy/certificates'], 'dimensions': {'ulimits': {'nofile': {'soft': 1048576, 'hard': 1048576}}}, 'healthcheck': {'interval': '30', 'retries': '3', 'start_period': '5', 'test': ['CMD-SHELL', 'healthcheck_curl http://192.168.0.10:61313'], 'timeout': '30'}}})
ok: [anfitrion] => (item={'key': 'proxysql', 'value': {'container_name': 'proxysql', 'group': 'loadbalancer', 'enabled': True, 'image': 'quay.io/openstack.kolla/proxysql:2025.2-ubuntu-noble', 'privileged': False, 'volumes': ['/etc/kolla/proxysql/:/var/lib/kolla/config_files/:ro', '/etc/localtime:/etc/localtime:ro', '/etc/timezone:/etc/timezone:ro', 'kolla_logs:/var/log/kolla/', 'proxysql:/var/lib/proxysql/', 'proxysql_socket:/var/lib/kolla/proxysql/'], 'dimensions': {'ulimits': {'nofile': {'soft': 1048576, 'hard': 1048576}}}, 'healthcheck': {'interval': '30', 'retries': '3', 'start_period': '5', 'test': ['CMD-SHELL', 'healthcheck_listen proxysql 6032'], 'timeout': '30'}}})
ok: [anfitrion] => (item={'key': 'keepalived', 'value': {'container_name': 'keepalived', 'group': 'loadbalancer', 'enabled': True, 'image': 'quay.io/openstack.kolla/keepalived:2025.2-ubuntu-noble', 'privileged': True, 'volumes': ['/etc/kolla/keepalived/:/var/lib/kolla/config_files/:ro', '/etc/localtime:/etc/localtime:ro', '/etc/timezone:/etc/timezone:ro', '/lib/modules:/lib/modules:ro', 'haproxy_socket:/var/lib/kolla/haproxy/', 'proxysql_socket:/var/lib/kolla/proxysql/'], 'dimensions': {'ulimits': {'nofile': {'soft': 1048576, 'hard': 1048576}}}}})

TASK [service-check-containers : loadbalancer | Notify handlers to restart containers] ***
ok: [anfitrion] => {
    "msg": "Notifying handlers"
}

TASK [service-check-containers : Include tasks] ********************************
skipping: [anfitrion] => (item={'key': 'haproxy', 'value': {'container_name': 'haproxy', 'group': 'loadbalancer', 'enabled': True, 'image': 'quay.io/openstack.kolla/haproxy:2025.2-ubuntu-noble', 'privileged': True, 'volumes': ['/etc/kolla/haproxy/:/var/lib/kolla/config_files/:ro', '/etc/localtime:/etc/localtime:ro', '/etc/timezone:/etc/timezone:ro', 'haproxy_socket:/var/lib/kolla/haproxy/', 'letsencrypt_certificates:/etc/haproxy/certificates'], 'dimensions': {'ulimits': {'nofile': {'soft': 1048576, 'hard': 1048576}}}, 'healthcheck': {'interval': '30', 'retries': '3', 'start_period': '5', 'test': ['CMD-SHELL', 'healthcheck_curl http://192.168.0.10:61313'], 'timeout': '30'}}}) 
skipping: [anfitrion] => (item={'key': 'proxysql', 'value': {'container_name': 'proxysql', 'group': 'loadbalancer', 'enabled': True, 'image': 'quay.io/openstack.kolla/proxysql:2025.2-ubuntu-noble', 'privileged': False, 'volumes': ['/etc/kolla/proxysql/:/var/lib/kolla/config_files/:ro', '/etc/localtime:/etc/localtime:ro', '/etc/timezone:/etc/timezone:ro', 'kolla_logs:/var/log/kolla/', 'proxysql:/var/lib/proxysql/', 'proxysql_socket:/var/lib/kolla/proxysql/'], 'dimensions': {'ulimits': {'nofile': {'soft': 1048576, 'hard': 1048576}}}, 'healthcheck': {'interval': '30', 'retries': '3', 'start_period': '5', 'test': ['CMD-SHELL', 'healthcheck_listen proxysql 6032'], 'timeout': '30'}}}) 
skipping: [anfitrion] => (item={'key': 'keepalived', 'value': {'container_name': 'keepalived', 'group': 'loadbalancer', 'enabled': True, 'image': 'quay.io/openstack.kolla/keepalived:2025.2-ubuntu-noble', 'privileged': True, 'volumes': ['/etc/kolla/keepalived/:/var/lib/kolla/config_files/:ro', '/etc/localtime:/etc/localtime:ro', '/etc/timezone:/etc/timezone:ro', '/lib/modules:/lib/modules:ro', 'haproxy_socket:/var/lib/kolla/haproxy/', 'proxysql_socket:/var/lib/kolla/proxysql/'], 'dimensions': {'ulimits': {'nofile': {'soft': 1048576, 'hard': 1048576}}}}}) 
skipping: [anfitrion]

TASK [include_role : aodh] *****************************************************
skipping: [anfitrion]

TASK [include_role : barbican] *************************************************
skipping: [anfitrion]

TASK [include_role : blazar] ***************************************************
skipping: [anfitrion]

TASK [include_role : ceph-rgw] *************************************************
skipping: [anfitrion]

TASK [include_role : cinder] ***************************************************
skipping: [anfitrion]

TASK [include_role : cloudkitty] ***********************************************
skipping: [anfitrion]

TASK [include_role : cyborg] ***************************************************
skipping: [anfitrion]

TASK [include_role : designate] ************************************************
skipping: [anfitrion]

TASK [include_role : etcd] *****************************************************
skipping: [anfitrion]

TASK [include_role : glance] ***************************************************
included: glance for anfitrion

TASK [haproxy-config : Copying over glance haproxy config] *********************
ok: [anfitrion] => (item={'key': 'glance-api', 'value': {'container_name': 'glance_api', 'group': 'glance-api', 'host_in_groups': True, 'enabled': True, 'image': 'quay.io/openstack.kolla/glance-api:2025.2-ubuntu-noble', 'environment': {'http_proxy': '', 'https_proxy': '', 'no_proxy': 'localhost,127.0.0.1,192.168.0.10,192.168.0.200'}, 'privileged': False, 'volumes': ['/etc/kolla/glance-api/:/var/lib/kolla/config_files/:ro', '/etc/localtime:/etc/localtime:ro', '/etc/timezone:/etc/timezone:ro', 'glance:/var/lib/glance/', '', 'kolla_logs:/var/log/kolla/', '/dev/shm:/dev/shm', '', ''], 'dimensions': {'ulimits': {'nofile': {'soft': 1048576, 'hard': 1048576}}}, 'healthcheck': {'interval': '30', 'retries': '3', 'start_period': '5', 'test': ['CMD-SHELL', 'healthcheck_curl http://192.168.0.10:9292'], 'timeout': '30'}, 'haproxy': {'glance_api': {'enabled': True, 'mode': 'http', 'external': False, 'port': '9292', 'frontend_http_extra': ['timeout client 6h'], 'backend_http_extra': ['timeout server 6h', 'option httpchk'], 'custom_member_list': ['server anfitrion 192.168.0.10:9292 check inter 2000 rise 2 fall 5', '']}, 'glance_api_external': {'enabled': True, 'mode': 'http', 'external': True, 'external_fqdn': '192.168.0.200', 'port': '9292', 'frontend_http_extra': ['timeout client 6h'], 'backend_http_extra': ['timeout server 6h', 'option httpchk'], 'custom_member_list': ['server anfitrion 192.168.0.10:9292 check inter 2000 rise 2 fall 5', '']}}}})
skipping: [anfitrion] => (item={'key': 'glance-tls-proxy', 'value': {'container_name': 'glance_tls_proxy', 'group': 'glance-api', 'host_in_groups': True, 'enabled': 'no', 'image': 'quay.io/openstack.kolla/haproxy:2025.2-ubuntu-noble', 'volumes': ['/etc/kolla/glance-tls-proxy/:/var/lib/kolla/config_files/:ro', '/etc/localtime:/etc/localtime:ro', '/etc/timezone:/etc/timezone:ro', 'kolla_logs:/var/log/kolla/', '/dev/shm:/dev/shm'], 'dimensions': {'ulimits': {'nofile': {'soft': 1048576, 'hard': 1048576}}}, 'healthcheck': {'interval': '30', 'retries': '3', 'start_period': '5', 'test': ['CMD-SHELL', 'healthcheck_curl -u openstack:yYXvKZGfDF73wcxDnvULGUjtYUlAdhtbvWhYjqgM 192.168.0.10:9293'], 'timeout': '30'}, 'haproxy': {'glance_tls_proxy': {'enabled': False, 'mode': 'http', 'external': False, 'port': '9292', 'frontend_http_extra': ['timeout client 6h'], 'backend_http_extra': ['timeout server 6h', 'option httpchk'], 'custom_member_list': ['server anfitrion 192.168.0.10:9292 check inter 2000 rise 2 fall 5 ssl verify required ca-file ca-certificates.crt', ''], 'tls_backend': 'yes'}, 'glance_tls_proxy_external': {'enabled': False, 'mode': 'http', 'external': True, 'external_fqdn': '192.168.0.200', 'port': '9292', 'frontend_http_extra': ['timeout client 6h'], 'backend_http_extra': ['timeout server 6h', 'option httpchk'], 'custom_member_list': ['server anfitrion 192.168.0.10:9292 check inter 2000 rise 2 fall 5 ssl verify required ca-file ca-certificates.crt', ''], 'tls_backend': 'yes'}}}}) 

TASK [haproxy-config : Add configuration for glance when using single external frontend] ***
skipping: [anfitrion] => (item={'key': 'glance-api', 'value': {'container_name': 'glance_api', 'group': 'glance-api', 'host_in_groups': True, 'enabled': True, 'image': 'quay.io/openstack.kolla/glance-api:2025.2-ubuntu-noble', 'environment': {'http_proxy': '', 'https_proxy': '', 'no_proxy': 'localhost,127.0.0.1,192.168.0.10,192.168.0.200'}, 'privileged': False, 'volumes': ['/etc/kolla/glance-api/:/var/lib/kolla/config_files/:ro', '/etc/localtime:/etc/localtime:ro', '/etc/timezone:/etc/timezone:ro', 'glance:/var/lib/glance/', '', 'kolla_logs:/var/log/kolla/', '/dev/shm:/dev/shm', '', ''], 'dimensions': {'ulimits': {'nofile': {'soft': 1048576, 'hard': 1048576}}}, 'healthcheck': {'interval': '30', 'retries': '3', 'start_period': '5', 'test': ['CMD-SHELL', 'healthcheck_curl http://192.168.0.10:9292'], 'timeout': '30'}, 'haproxy': {'glance_api': {'enabled': True, 'mode': 'http', 'external': False, 'port': '9292', 'frontend_http_extra': ['timeout client 6h'], 'backend_http_extra': ['timeout server 6h', 'option httpchk'], 'custom_member_list': ['server anfitrion 192.168.0.10:9292 check inter 2000 rise 2 fall 5', '']}, 'glance_api_external': {'enabled': True, 'mode': 'http', 'external': True, 'external_fqdn': '192.168.0.200', 'port': '9292', 'frontend_http_extra': ['timeout client 6h'], 'backend_http_extra': ['timeout server 6h', 'option httpchk'], 'custom_member_list': ['server anfitrion 192.168.0.10:9292 check inter 2000 rise 2 fall 5', '']}}}}) 
skipping: [anfitrion] => (item={'key': 'glance-tls-proxy', 'value': {'container_name': 'glance_tls_proxy', 'group': 'glance-api', 'host_in_groups': True, 'enabled': 'no', 'image': 'quay.io/openstack.kolla/haproxy:2025.2-ubuntu-noble', 'volumes': ['/etc/kolla/glance-tls-proxy/:/var/lib/kolla/config_files/:ro', '/etc/localtime:/etc/localtime:ro', '/etc/timezone:/etc/timezone:ro', 'kolla_logs:/var/log/kolla/', '/dev/shm:/dev/shm'], 'dimensions': {'ulimits': {'nofile': {'soft': 1048576, 'hard': 1048576}}}, 'healthcheck': {'interval': '30', 'retries': '3', 'start_period': '5', 'test': ['CMD-SHELL', 'healthcheck_curl -u openstack:yYXvKZGfDF73wcxDnvULGUjtYUlAdhtbvWhYjqgM 192.168.0.10:9293'], 'timeout': '30'}, 'haproxy': {'glance_tls_proxy': {'enabled': False, 'mode': 'http', 'external': False, 'port': '9292', 'frontend_http_extra': ['timeout client 6h'], 'backend_http_extra': ['timeout server 6h', 'option httpchk'], 'custom_member_list': ['server anfitrion 192.168.0.10:9292 check inter 2000 rise 2 fall 5 ssl verify required ca-file ca-certificates.crt', ''], 'tls_backend': 'yes'}, 'glance_tls_proxy_external': {'enabled': False, 'mode': 'http', 'external': True, 'external_fqdn': '192.168.0.200', 'port': '9292', 'frontend_http_extra': ['timeout client 6h'], 'backend_http_extra': ['timeout server 6h', 'option httpchk'], 'custom_member_list': ['server anfitrion 192.168.0.10:9292 check inter 2000 rise 2 fall 5 ssl verify required ca-file ca-certificates.crt', ''], 'tls_backend': 'yes'}}}}) 
skipping: [anfitrion]

TASK [haproxy-config : Configuring firewall for glance] ************************
skipping: [anfitrion] => (item={'key': 'glance_api', 'value': {'enabled': True, 'mode': 'http', 'external': False, 'port': '9292', 'frontend_http_extra': ['timeout client 6h'], 'backend_http_extra': ['timeout server 6h', 'option httpchk'], 'custom_member_list': ['server anfitrion 192.168.0.10:9292 check inter 2000 rise 2 fall 5', '']}}) 
skipping: [anfitrion] => (item={'key': 'glance_api_external', 'value': {'enabled': True, 'mode': 'http', 'external': True, 'external_fqdn': '192.168.0.200', 'port': '9292', 'frontend_http_extra': ['timeout client 6h'], 'backend_http_extra': ['timeout server 6h', 'option httpchk'], 'custom_member_list': ['server anfitrion 192.168.0.10:9292 check inter 2000 rise 2 fall 5', '']}}) 
skipping: [anfitrion]

TASK [proxysql-config : Copying over glance ProxySQL users config] *************
ok: [anfitrion]

TASK [proxysql-config : Copying over glance ProxySQL rules config] *************
ok: [anfitrion]

TASK [include_role : gnocchi] **************************************************
skipping: [anfitrion]

TASK [include_role : grafana] **************************************************
skipping: [anfitrion]

TASK [include_role : heat] *****************************************************
included: heat for anfitrion

TASK [haproxy-config : Copying over heat haproxy config] ***********************
ok: [anfitrion] => (item={'key': 'heat-api', 'value': {'container_name': 'heat_api', 'group': 'heat-api', 'enabled': True, 'image': 'quay.io/openstack.kolla/heat-api:2025.2-ubuntu-noble', 'volumes': ['/etc/kolla/heat-api/:/var/lib/kolla/config_files/:ro', '/etc/localtime:/etc/localtime:ro', '/etc/timezone:/etc/timezone:ro', '', 'kolla_logs:/var/log/kolla/', '/dev/shm:/dev/shm'], 'dimensions': {'ulimits': {'nofile': {'soft': 1048576, 'hard': 1048576}}}, 'healthcheck': {'interval': '30', 'retries': '3', 'start_period': '5', 'test': ['CMD-SHELL', 'healthcheck_curl http://192.168.0.10:8004'], 'timeout': '30'}, 'wsgi': 'heat.wsgi.api:application', 'haproxy': {'heat_api': {'enabled': True, 'mode': 'http', 'external': False, 'port': '8004', 'listen_port': '8004', 'tls_backend': 'no', 'backend_http_extra': ['option httpchk']}, 'heat_api_external': {'enabled': True, 'mode': 'http', 'external': True, 'external_fqdn': '192.168.0.200', 'port': '8004', 'listen_port': '8004', 'tls_backend': 'no', 'backend_http_extra': ['option httpchk']}}}})
ok: [anfitrion] => (item={'key': 'heat-api-cfn', 'value': {'container_name': 'heat_api_cfn', 'group': 'heat-api-cfn', 'enabled': True, 'image': 'quay.io/openstack.kolla/heat-api-cfn:2025.2-ubuntu-noble', 'volumes': ['/etc/kolla/heat-api-cfn/:/var/lib/kolla/config_files/:ro', '/etc/localtime:/etc/localtime:ro', '/etc/timezone:/etc/timezone:ro', '', 'kolla_logs:/var/log/kolla/', '/dev/shm:/dev/shm'], 'dimensions': {'ulimits': {'nofile': {'soft': 1048576, 'hard': 1048576}}}, 'healthcheck': {'interval': '30', 'retries': '3', 'start_period': '5', 'test': ['CMD-SHELL', 'healthcheck_curl http://192.168.0.10:8000'], 'timeout': '30'}, 'wsgi': 'heat.wsgi.cfn:application', 'haproxy': {'heat_api_cfn': {'enabled': True, 'mode': 'http', 'external': False, 'port': '8000', 'listen_port': '8000', 'tls_backend': 'no', 'backend_http_extra': ['option httpchk']}, 'heat_api_cfn_external': {'enabled': True, 'mode': 'http', 'external': True, 'external_fqdn': '192.168.0.200', 'port': '8000', 'listen_port': '8000', 'tls_backend': 'no', 'backend_http_extra': ['option httpchk']}}}})
skipping: [anfitrion] => (item={'key': 'heat-engine', 'value': {'container_name': 'heat_engine', 'group': 'heat-engine', 'enabled': True, 'image': 'quay.io/openstack.kolla/heat-engine:2025.2-ubuntu-noble', 'volumes': ['/etc/kolla/heat-engine/:/var/lib/kolla/config_files/:ro', '/etc/localtime:/etc/localtime:ro', '/etc/timezone:/etc/timezone:ro', '', 'kolla_logs:/var/log/kolla/', '/dev/shm:/dev/shm'], 'dimensions': {'ulimits': {'nofile': {'soft': 1048576, 'hard': 1048576}}}, 'healthcheck': {'interval': '30', 'retries': '3', 'start_period': '5', 'test': ['CMD-SHELL', 'healthcheck_port heat-engine 5672'], 'timeout': '30'}}}) 

TASK [haproxy-config : Add configuration for heat when using single external frontend] ***
skipping: [anfitrion] => (item={'key': 'heat-api', 'value': {'container_name': 'heat_api', 'group': 'heat-api', 'enabled': True, 'image': 'quay.io/openstack.kolla/heat-api:2025.2-ubuntu-noble', 'volumes': ['/etc/kolla/heat-api/:/var/lib/kolla/config_files/:ro', '/etc/localtime:/etc/localtime:ro', '/etc/timezone:/etc/timezone:ro', '', 'kolla_logs:/var/log/kolla/', '/dev/shm:/dev/shm'], 'dimensions': {'ulimits': {'nofile': {'soft': 1048576, 'hard': 1048576}}}, 'healthcheck': {'interval': '30', 'retries': '3', 'start_period': '5', 'test': ['CMD-SHELL', 'healthcheck_curl http://192.168.0.10:8004'], 'timeout': '30'}, 'wsgi': 'heat.wsgi.api:application', 'haproxy': {'heat_api': {'enabled': True, 'mode': 'http', 'external': False, 'port': '8004', 'listen_port': '8004', 'tls_backend': 'no', 'backend_http_extra': ['option httpchk']}, 'heat_api_external': {'enabled': True, 'mode': 'http', 'external': True, 'external_fqdn': '192.168.0.200', 'port': '8004', 'listen_port': '8004', 'tls_backend': 'no', 'backend_http_extra': ['option httpchk']}}}}) 
skipping: [anfitrion] => (item={'key': 'heat-api-cfn', 'value': {'container_name': 'heat_api_cfn', 'group': 'heat-api-cfn', 'enabled': True, 'image': 'quay.io/openstack.kolla/heat-api-cfn:2025.2-ubuntu-noble', 'volumes': ['/etc/kolla/heat-api-cfn/:/var/lib/kolla/config_files/:ro', '/etc/localtime:/etc/localtime:ro', '/etc/timezone:/etc/timezone:ro', '', 'kolla_logs:/var/log/kolla/', '/dev/shm:/dev/shm'], 'dimensions': {'ulimits': {'nofile': {'soft': 1048576, 'hard': 1048576}}}, 'healthcheck': {'interval': '30', 'retries': '3', 'start_period': '5', 'test': ['CMD-SHELL', 'healthcheck_curl http://192.168.0.10:8000'], 'timeout': '30'}, 'wsgi': 'heat.wsgi.cfn:application', 'haproxy': {'heat_api_cfn': {'enabled': True, 'mode': 'http', 'external': False, 'port': '8000', 'listen_port': '8000', 'tls_backend': 'no', 'backend_http_extra': ['option httpchk']}, 'heat_api_cfn_external': {'enabled': True, 'mode': 'http', 'external': True, 'external_fqdn': '192.168.0.200', 'port': '8000', 'listen_port': '8000', 'tls_backend': 'no', 'backend_http_extra': ['option httpchk']}}}}) 
skipping: [anfitrion] => (item={'key': 'heat-engine', 'value': {'container_name': 'heat_engine', 'group': 'heat-engine', 'enabled': True, 'image': 'quay.io/openstack.kolla/heat-engine:2025.2-ubuntu-noble', 'volumes': ['/etc/kolla/heat-engine/:/var/lib/kolla/config_files/:ro', '/etc/localtime:/etc/localtime:ro', '/etc/timezone:/etc/timezone:ro', '', 'kolla_logs:/var/log/kolla/', '/dev/shm:/dev/shm'], 'dimensions': {'ulimits': {'nofile': {'soft': 1048576, 'hard': 1048576}}}, 'healthcheck': {'interval': '30', 'retries': '3', 'start_period': '5', 'test': ['CMD-SHELL', 'healthcheck_port heat-engine 5672'], 'timeout': '30'}}}) 
skipping: [anfitrion]

TASK [haproxy-config : Configuring firewall for heat] **************************
skipping: [anfitrion] => (item={'key': 'heat_api', 'value': {'enabled': True, 'mode': 'http', 'external': False, 'port': '8004', 'listen_port': '8004', 'tls_backend': 'no', 'backend_http_extra': ['option httpchk']}}) 
skipping: [anfitrion] => (item={'key': 'heat_api_external', 'value': {'enabled': True, 'mode': 'http', 'external': True, 'external_fqdn': '192.168.0.200', 'port': '8004', 'listen_port': '8004', 'tls_backend': 'no', 'backend_http_extra': ['option httpchk']}}) 
skipping: [anfitrion] => (item={'key': 'heat_api_cfn', 'value': {'enabled': True, 'mode': 'http', 'external': False, 'port': '8000', 'listen_port': '8000', 'tls_backend': 'no', 'backend_http_extra': ['option httpchk']}}) 
skipping: [anfitrion] => (item={'key': 'heat_api_cfn_external', 'value': {'enabled': True, 'mode': 'http', 'external': True, 'external_fqdn': '192.168.0.200', 'port': '8000', 'listen_port': '8000', 'tls_backend': 'no', 'backend_http_extra': ['option httpchk']}}) 
skipping: [anfitrion]

TASK [proxysql-config : Copying over heat ProxySQL users config] ***************
ok: [anfitrion]

TASK [proxysql-config : Copying over heat ProxySQL rules config] ***************
ok: [anfitrion]

TASK [include_role : horizon] **************************************************
included: horizon for anfitrion

TASK [haproxy-config : Copying over horizon haproxy config] ********************
ok: [anfitrion] => (item={'key': 'horizon', 'value': {'container_name': 'horizon', 'group': 'horizon', 'enabled': True, 'image': 'quay.io/openstack.kolla/horizon:2025.2-ubuntu-noble', 'environment': {'ENABLE_BLAZAR': 'no', 'ENABLE_CLOUDKITTY': 'no', 'ENABLE_DESIGNATE': 'no', 'ENABLE_FWAAS': 'no', 'ENABLE_HEAT': 'yes', 'ENABLE_IRONIC': 'no', 'ENABLE_MAGNUM': 'no', 'ENABLE_MANILA': 'no', 'ENABLE_MASAKARI': 'no', 'ENABLE_MISTRAL': 'no', 'ENABLE_NEUTRON_VPNAAS': 'no', 'ENABLE_OCTAVIA': 'no', 'ENABLE_TACKER': 'no', 'ENABLE_TROVE': 'no', 'ENABLE_WATCHER': 'no', 'ENABLE_ZUN': 'no', 'FORCE_GENERATE': 'no'}, 'volumes': ['/etc/kolla/horizon/:/var/lib/kolla/config_files/:ro', '', '/etc/localtime:/etc/localtime:ro', '/etc/timezone:/etc/timezone:ro', 'kolla_logs:/var/log/kolla/'], 'dimensions': {'ulimits': {'nofile': {'soft': 1048576, 'hard': 1048576}}}, 'healthcheck': {'interval': '30', 'retries': '3', 'start_period': '5', 'test': ['CMD-SHELL', 'healthcheck_curl http://192.168.0.10:8080'], 'timeout': '30'}, 'wsgi': 'openstack_dashboard.wsgi:application', 'haproxy': {'horizon': {'enabled': True, 'mode': 'http', 'external': False, 'port': '80', 'listen_port': '8080', 'frontend_http_extra': [''], 'backend_http_extra': ['balance roundrobin', 'option httpchk'], 'tls_backend': 'no'}, 'horizon_redirect': {'enabled': False, 'mode': 'redirect', 'external': False, 'port': '80', 'listen_port': '8080', 'frontend_redirect_extra': ['']}, 'horizon_external': {'enabled': True, 'mode': 'http', 'external': True, 'external_fqdn': '192.168.0.200', 'port': '80', 'listen_port': '8080', 'frontend_http_extra': [''], 'backend_http_extra': ['balance roundrobin', 'option httpchk'], 'tls_backend': 'no'}, 'horizon_external_redirect': {'enabled': False, 'mode': 'redirect', 'external': True, 'external_fqdn': '192.168.0.200', 'port': '80', 'listen_port': '8080', 'frontend_redirect_extra': ['']}, 'acme_client': {'enabled': 'no', 'with_frontend': False, 'custom_member_list': []}}}})

TASK [haproxy-config : Add configuration for horizon when using single external frontend] ***
skipping: [anfitrion] => (item={'key': 'horizon', 'value': {'container_name': 'horizon', 'group': 'horizon', 'enabled': True, 'image': 'quay.io/openstack.kolla/horizon:2025.2-ubuntu-noble', 'environment': {'ENABLE_BLAZAR': 'no', 'ENABLE_CLOUDKITTY': 'no', 'ENABLE_DESIGNATE': 'no', 'ENABLE_FWAAS': 'no', 'ENABLE_HEAT': 'yes', 'ENABLE_IRONIC': 'no', 'ENABLE_MAGNUM': 'no', 'ENABLE_MANILA': 'no', 'ENABLE_MASAKARI': 'no', 'ENABLE_MISTRAL': 'no', 'ENABLE_NEUTRON_VPNAAS': 'no', 'ENABLE_OCTAVIA': 'no', 'ENABLE_TACKER': 'no', 'ENABLE_TROVE': 'no', 'ENABLE_WATCHER': 'no', 'ENABLE_ZUN': 'no', 'FORCE_GENERATE': 'no'}, 'volumes': ['/etc/kolla/horizon/:/var/lib/kolla/config_files/:ro', '', '/etc/localtime:/etc/localtime:ro', '/etc/timezone:/etc/timezone:ro', 'kolla_logs:/var/log/kolla/'], 'dimensions': {'ulimits': {'nofile': {'soft': 1048576, 'hard': 1048576}}}, 'healthcheck': {'interval': '30', 'retries': '3', 'start_period': '5', 'test': ['CMD-SHELL', 'healthcheck_curl http://192.168.0.10:8080'], 'timeout': '30'}, 'wsgi': 'openstack_dashboard.wsgi:application', 'haproxy': {'horizon': {'enabled': True, 'mode': 'http', 'external': False, 'port': '80', 'listen_port': '8080', 'frontend_http_extra': [''], 'backend_http_extra': ['balance roundrobin', 'option httpchk'], 'tls_backend': 'no'}, 'horizon_redirect': {'enabled': False, 'mode': 'redirect', 'external': False, 'port': '80', 'listen_port': '8080', 'frontend_redirect_extra': ['']}, 'horizon_external': {'enabled': True, 'mode': 'http', 'external': True, 'external_fqdn': '192.168.0.200', 'port': '80', 'listen_port': '8080', 'frontend_http_extra': [''], 'backend_http_extra': ['balance roundrobin', 'option httpchk'], 'tls_backend': 'no'}, 'horizon_external_redirect': {'enabled': False, 'mode': 'redirect', 'external': True, 'external_fqdn': '192.168.0.200', 'port': '80', 'listen_port': '8080', 'frontend_redirect_extra': ['']}, 'acme_client': {'enabled': 'no', 'with_frontend': False, 'custom_member_list': []}}}}) 
skipping: [anfitrion]

TASK [haproxy-config : Configuring firewall for horizon] ***********************
skipping: [anfitrion] => (item={'key': 'horizon', 'value': {'enabled': True, 'mode': 'http', 'external': False, 'port': '80', 'listen_port': '8080', 'frontend_http_extra': [''], 'backend_http_extra': ['balance roundrobin', 'option httpchk'], 'tls_backend': 'no'}}) 
skipping: [anfitrion] => (item={'key': 'horizon_redirect', 'value': {'enabled': False, 'mode': 'redirect', 'external': False, 'port': '80', 'listen_port': '8080', 'frontend_redirect_extra': ['']}}) 
skipping: [anfitrion] => (item={'key': 'horizon_external', 'value': {'enabled': True, 'mode': 'http', 'external': True, 'external_fqdn': '192.168.0.200', 'port': '80', 'listen_port': '8080', 'frontend_http_extra': [''], 'backend_http_extra': ['balance roundrobin', 'option httpchk'], 'tls_backend': 'no'}}) 
skipping: [anfitrion] => (item={'key': 'horizon_external_redirect', 'value': {'enabled': False, 'mode': 'redirect', 'external': True, 'external_fqdn': '192.168.0.200', 'port': '80', 'listen_port': '8080', 'frontend_redirect_extra': ['']}}) 
skipping: [anfitrion] => (item={'key': 'acme_client', 'value': {'enabled': 'no', 'with_frontend': False, 'custom_member_list': []}}) 
skipping: [anfitrion]

TASK [proxysql-config : Copying over horizon ProxySQL users config] ************
ok: [anfitrion]

TASK [proxysql-config : Copying over horizon ProxySQL rules config] ************
ok: [anfitrion]

TASK [include_role : influxdb] *************************************************
skipping: [anfitrion]

TASK [include_role : ironic] ***************************************************
skipping: [anfitrion]

TASK [include_role : keystone] *************************************************
included: keystone for anfitrion

TASK [haproxy-config : Copying over keystone haproxy config] *******************
ok: [anfitrion] => (item={'key': 'keystone', 'value': {'container_name': 'keystone', 'group': 'keystone', 'enabled': True, 'image': 'quay.io/openstack.kolla/keystone:2025.2-ubuntu-noble', 'volumes': ['/etc/kolla/keystone/:/var/lib/kolla/config_files/:ro', '/etc/localtime:/etc/localtime:ro', '/etc/timezone:/etc/timezone:ro', '', 'kolla_logs:/var/log/kolla/', '/dev/shm:/dev/shm', 'keystone_fernet_tokens:/etc/keystone/fernet-keys'], 'dimensions': {'ulimits': {'nofile': {'soft': 1048576, 'hard': 1048576}}}, 'healthcheck': {'interval': '30', 'retries': '3', 'start_period': '5', 'test': ['CMD-SHELL', 'healthcheck_curl http://192.168.0.10:5000'], 'timeout': '30'}, 'wsgi': 'keystone.wsgi.api:application', 'haproxy': {'keystone_internal': {'enabled': True, 'mode': 'http', 'external': False, 'tls_backend': 'no', 'port': '5000', 'listen_port': '5000', 'backend_http_extra': ['balance roundrobin', 'option httpchk']}, 'keystone_external': {'enabled': True, 'mode': 'http', 'external': True, 'external_fqdn': '192.168.0.200', 'tls_backend': 'no', 'port': '5000', 'listen_port': '5000', 'backend_http_extra': ['balance roundrobin', 'option httpchk']}}}})
skipping: [anfitrion] => (item={'key': 'keystone-fernet', 'value': {'container_name': 'keystone_fernet', 'group': 'keystone', 'enabled': True, 'image': 'quay.io/openstack.kolla/keystone-fernet:2025.2-ubuntu-noble', 'volumes': ['/etc/kolla/keystone-fernet/:/var/lib/kolla/config_files/:ro', '/etc/localtime:/etc/localtime:ro', '/etc/timezone:/etc/timezone:ro', 'kolla_logs:/var/log/kolla/', 'keystone_fernet_tokens:/etc/keystone/fernet-keys'], 'dimensions': {'ulimits': {'nofile': {'soft': 1048576, 'hard': 1048576}}}, 'healthcheck': {'interval': '30', 'retries': '3', 'start_period': '5', 'test': ['CMD-SHELL', '/usr/bin/fernet-healthcheck.sh'], 'timeout': '30'}}}) 
skipping: [anfitrion] => (item={'key': 'keystone-httpd', 'value': {'container_name': 'keystone_httpd', 'group': 'keystone', 'enabled': False, 'image': 'quay.io/openstack.kolla/httpd:2025.2-ubuntu-noble', 'volumes': ['/etc/kolla/keystone-httpd/:/var/lib/kolla/config_files/:ro', '/etc/localtime:/etc/localtime:ro', '/etc/timezone:/etc/timezone:ro', 'kolla_logs:/var/log/kolla/'], 'dimensions': {'ulimits': {'nofile': {'soft': 1048576, 'hard': 1048576}}}, 'healthcheck': {'interval': '30', 'retries': '3', 'start_period': '5', 'test': ['CMD-SHELL', 'healthcheck_curl http://192.168.0.10:5000'], 'timeout': '30'}}}) 
skipping: [anfitrion] => (item={'key': 'keystone-ssh', 'value': {'container_name': 'keystone_ssh', 'group': 'keystone', 'enabled': True, 'image': 'quay.io/openstack.kolla/keystone-ssh:2025.2-ubuntu-noble', 'volumes': ['/etc/kolla/keystone-ssh/:/var/lib/kolla/config_files/:ro', '/etc/localtime:/etc/localtime:ro', '/etc/timezone:/etc/timezone:ro', 'kolla_logs:/var/log/kolla/', 'keystone_fernet_tokens:/etc/keystone/fernet-keys'], 'dimensions': {'ulimits': {'nofile': {'soft': 1048576, 'hard': 1048576}}}, 'healthcheck': {'interval': '30', 'retries': '3', 'start_period': '5', 'test': ['CMD-SHELL', 'healthcheck_listen sshd 8023'], 'timeout': '30'}}}) 

TASK [haproxy-config : Add configuration for keystone when using single external frontend] ***
skipping: [anfitrion] => (item={'key': 'keystone', 'value': {'container_name': 'keystone', 'group': 'keystone', 'enabled': True, 'image': 'quay.io/openstack.kolla/keystone:2025.2-ubuntu-noble', 'volumes': ['/etc/kolla/keystone/:/var/lib/kolla/config_files/:ro', '/etc/localtime:/etc/localtime:ro', '/etc/timezone:/etc/timezone:ro', '', 'kolla_logs:/var/log/kolla/', '/dev/shm:/dev/shm', 'keystone_fernet_tokens:/etc/keystone/fernet-keys'], 'dimensions': {'ulimits': {'nofile': {'soft': 1048576, 'hard': 1048576}}}, 'healthcheck': {'interval': '30', 'retries': '3', 'start_period': '5', 'test': ['CMD-SHELL', 'healthcheck_curl http://192.168.0.10:5000'], 'timeout': '30'}, 'wsgi': 'keystone.wsgi.api:application', 'haproxy': {'keystone_internal': {'enabled': True, 'mode': 'http', 'external': False, 'tls_backend': 'no', 'port': '5000', 'listen_port': '5000', 'backend_http_extra': ['balance roundrobin', 'option httpchk']}, 'keystone_external': {'enabled': True, 'mode': 'http', 'external': True, 'external_fqdn': '192.168.0.200', 'tls_backend': 'no', 'port': '5000', 'listen_port': '5000', 'backend_http_extra': ['balance roundrobin', 'option httpchk']}}}}) 
skipping: [anfitrion] => (item={'key': 'keystone-fernet', 'value': {'container_name': 'keystone_fernet', 'group': 'keystone', 'enabled': True, 'image': 'quay.io/openstack.kolla/keystone-fernet:2025.2-ubuntu-noble', 'volumes': ['/etc/kolla/keystone-fernet/:/var/lib/kolla/config_files/:ro', '/etc/localtime:/etc/localtime:ro', '/etc/timezone:/etc/timezone:ro', 'kolla_logs:/var/log/kolla/', 'keystone_fernet_tokens:/etc/keystone/fernet-keys'], 'dimensions': {'ulimits': {'nofile': {'soft': 1048576, 'hard': 1048576}}}, 'healthcheck': {'interval': '30', 'retries': '3', 'start_period': '5', 'test': ['CMD-SHELL', '/usr/bin/fernet-healthcheck.sh'], 'timeout': '30'}}}) 
skipping: [anfitrion] => (item={'key': 'keystone-httpd', 'value': {'container_name': 'keystone_httpd', 'group': 'keystone', 'enabled': False, 'image': 'quay.io/openstack.kolla/httpd:2025.2-ubuntu-noble', 'volumes': ['/etc/kolla/keystone-httpd/:/var/lib/kolla/config_files/:ro', '/etc/localtime:/etc/localtime:ro', '/etc/timezone:/etc/timezone:ro', 'kolla_logs:/var/log/kolla/'], 'dimensions': {'ulimits': {'nofile': {'soft': 1048576, 'hard': 1048576}}}, 'healthcheck': {'interval': '30', 'retries': '3', 'start_period': '5', 'test': ['CMD-SHELL', 'healthcheck_curl http://192.168.0.10:5000'], 'timeout': '30'}}}) 
skipping: [anfitrion] => (item={'key': 'keystone-ssh', 'value': {'container_name': 'keystone_ssh', 'group': 'keystone', 'enabled': True, 'image': 'quay.io/openstack.kolla/keystone-ssh:2025.2-ubuntu-noble', 'volumes': ['/etc/kolla/keystone-ssh/:/var/lib/kolla/config_files/:ro', '/etc/localtime:/etc/localtime:ro', '/etc/timezone:/etc/timezone:ro', 'kolla_logs:/var/log/kolla/', 'keystone_fernet_tokens:/etc/keystone/fernet-keys'], 'dimensions': {'ulimits': {'nofile': {'soft': 1048576, 'hard': 1048576}}}, 'healthcheck': {'interval': '30', 'retries': '3', 'start_period': '5', 'test': ['CMD-SHELL', 'healthcheck_listen sshd 8023'], 'timeout': '30'}}}) 
skipping: [anfitrion]

TASK [haproxy-config : Configuring firewall for keystone] **********************
skipping: [anfitrion] => (item={'key': 'keystone_internal', 'value': {'enabled': True, 'mode': 'http', 'external': False, 'tls_backend': 'no', 'port': '5000', 'listen_port': '5000', 'backend_http_extra': ['balance roundrobin', 'option httpchk']}}) 
skipping: [anfitrion] => (item={'key': 'keystone_external', 'value': {'enabled': True, 'mode': 'http', 'external': True, 'external_fqdn': '192.168.0.200', 'tls_backend': 'no', 'port': '5000', 'listen_port': '5000', 'backend_http_extra': ['balance roundrobin', 'option httpchk']}}) 
skipping: [anfitrion]

TASK [proxysql-config : Copying over keystone ProxySQL users config] ***********
ok: [anfitrion]

TASK [proxysql-config : Copying over keystone ProxySQL rules config] ***********
ok: [anfitrion]

TASK [include_role : letsencrypt] **********************************************
skipping: [anfitrion]

TASK [include_role : magnum] ***************************************************
skipping: [anfitrion]

TASK [include_role : manila] ***************************************************
skipping: [anfitrion]

TASK [include_role : mariadb] **************************************************
included: mariadb for anfitrion

TASK [mariadb : Ensure mysql monitor user exist] *******************************
changed: [anfitrion] => (item=anfitrion)

TASK [haproxy-config : Copying over mariadb haproxy config] ********************
skipping: [anfitrion] => (item={'key': 'mariadb', 'value': {'container_name': 'mariadb', 'group': 'mariadb_shard_0', 'enabled': True, 'image': 'quay.io/openstack.kolla/mariadb-server:2025.2-ubuntu-noble', 'volumes': ['/etc/kolla/mariadb/:/var/lib/kolla/config_files/:ro', '/etc/localtime:/etc/localtime:ro', '/etc/timezone:/etc/timezone:ro', 'mariadb:/var/lib/mysql', 'kolla_logs:/var/log/kolla/'], 'dimensions': {'ulimits': {'nofile': {'soft': 1048576, 'hard': 1048576}}}, 'healthcheck': {'interval': '30', 'retries': '3', 'start_period': '5', 'test': ['CMD-SHELL', '/usr/bin/healthcheck.sh --defaults-file /etc/mysql/healthcheck.cnf --connect --galera_online'], 'timeout': '30'}, 'haproxy': {'mariadb_external_lb': {'enabled': False, 'mode': 'tcp', 'port': '3306', 'listen_port': '3306', 'frontend_tcp_extra': ['option clitcpka', 'timeout client 3600s'], 'backend_tcp_extra': ['option srvtcpka', 'timeout server 3600s'], 'custom_member_list': [' server anfitrion anfitrion:3306 check port 3306 inter 2000 rise 2 fall 5', '']}}}}) 
skipping: [anfitrion]

TASK [haproxy-config : Add configuration for mariadb when using single external frontend] ***
skipping: [anfitrion] => (item={'key': 'mariadb', 'value': {'container_name': 'mariadb', 'group': 'mariadb_shard_0', 'enabled': True, 'image': 'quay.io/openstack.kolla/mariadb-server:2025.2-ubuntu-noble', 'volumes': ['/etc/kolla/mariadb/:/var/lib/kolla/config_files/:ro', '/etc/localtime:/etc/localtime:ro', '/etc/timezone:/etc/timezone:ro', 'mariadb:/var/lib/mysql', 'kolla_logs:/var/log/kolla/'], 'dimensions': {'ulimits': {'nofile': {'soft': 1048576, 'hard': 1048576}}}, 'healthcheck': {'interval': '30', 'retries': '3', 'start_period': '5', 'test': ['CMD-SHELL', '/usr/bin/healthcheck.sh --defaults-file /etc/mysql/healthcheck.cnf --connect --galera_online'], 'timeout': '30'}, 'haproxy': {'mariadb_external_lb': {'enabled': False, 'mode': 'tcp', 'port': '3306', 'listen_port': '3306', 'frontend_tcp_extra': ['option clitcpka', 'timeout client 3600s'], 'backend_tcp_extra': ['option srvtcpka', 'timeout server 3600s'], 'custom_member_list': [' server anfitrion anfitrion:3306 check port 3306 inter 2000 rise 2 fall 5', '']}}}}) 
skipping: [anfitrion]

TASK [haproxy-config : Configuring firewall for mariadb] ***********************
skipping: [anfitrion] => (item={'key': 'mariadb_external_lb', 'value': {'enabled': False, 'mode': 'tcp', 'port': '3306', 'listen_port': '3306', 'frontend_tcp_extra': ['option clitcpka', 'timeout client 3600s'], 'backend_tcp_extra': ['option srvtcpka', 'timeout server 3600s'], 'custom_member_list': [' server anfitrion anfitrion:3306 check port 3306 inter 2000 rise 2 fall 5', '']}}) 
skipping: [anfitrion]

TASK [proxysql-config : Copying over mariadb ProxySQL users config] ************
ok: [anfitrion]

TASK [proxysql-config : Copying over mariadb ProxySQL rules config] ************
skipping: [anfitrion]

TASK [include_role : masakari] *************************************************
skipping: [anfitrion]

TASK [include_role : memcached] ************************************************
included: memcached for anfitrion

TASK [haproxy-config : Copying over memcached haproxy config] ******************
ok: [anfitrion] => (item={'key': 'memcached', 'value': {'container_name': 'memcached', 'image': 'quay.io/openstack.kolla/memcached:2025.2-ubuntu-noble', 'enabled': True, 'group': 'memcached', 'volumes': ['/etc/kolla/memcached/:/var/lib/kolla/config_files/:ro', '/etc/localtime:/etc/localtime:ro', '/etc/timezone:/etc/timezone:ro'], 'dimensions': {'ulimits': {'nofile': {'soft': 1048576, 'hard': 1048576}}}, 'healthcheck': {'interval': '30', 'retries': '3', 'start_period': '5', 'test': ['CMD-SHELL', 'healthcheck_listen memcached 11211'], 'timeout': '30'}, 'haproxy': {'memcached': {'enabled': False, 'mode': 'tcp', 'port': '11211', 'frontend_tcp_extra': ['option clitcpka', 'timeout client 3600s'], 'backend_tcp_extra': ['option srvtcpka', 'timeout server 3600s'], 'active_passive': True}}}})

TASK [haproxy-config : Add configuration for memcached when using single external frontend] ***
skipping: [anfitrion] => (item={'key': 'memcached', 'value': {'container_name': 'memcached', 'image': 'quay.io/openstack.kolla/memcached:2025.2-ubuntu-noble', 'enabled': True, 'group': 'memcached', 'volumes': ['/etc/kolla/memcached/:/var/lib/kolla/config_files/:ro', '/etc/localtime:/etc/localtime:ro', '/etc/timezone:/etc/timezone:ro'], 'dimensions': {'ulimits': {'nofile': {'soft': 1048576, 'hard': 1048576}}}, 'healthcheck': {'interval': '30', 'retries': '3', 'start_period': '5', 'test': ['CMD-SHELL', 'healthcheck_listen memcached 11211'], 'timeout': '30'}, 'haproxy': {'memcached': {'enabled': False, 'mode': 'tcp', 'port': '11211', 'frontend_tcp_extra': ['option clitcpka', 'timeout client 3600s'], 'backend_tcp_extra': ['option srvtcpka', 'timeout server 3600s'], 'active_passive': True}}}}) 
skipping: [anfitrion]

TASK [haproxy-config : Configuring firewall for memcached] *********************
skipping: [anfitrion] => (item={'key': 'memcached', 'value': {'enabled': False, 'mode': 'tcp', 'port': '11211', 'frontend_tcp_extra': ['option clitcpka', 'timeout client 3600s'], 'backend_tcp_extra': ['option srvtcpka', 'timeout server 3600s'], 'active_passive': True}}) 
skipping: [anfitrion]

TASK [proxysql-config : Copying over memcached ProxySQL users config] **********
skipping: [anfitrion]

TASK [proxysql-config : Copying over memcached ProxySQL rules config] **********
skipping: [anfitrion]

TASK [include_role : mistral] **************************************************
skipping: [anfitrion]

TASK [include_role : neutron] **************************************************
included: neutron for anfitrion

TASK [haproxy-config : Copying over neutron haproxy config] ********************
ok: [anfitrion] => (item={'key': 'neutron-server', 'value': {'container_name': 'neutron_server', 'image': 'quay.io/openstack.kolla/neutron-server:2025.2-ubuntu-noble', 'enabled': True, 'group': 'neutron-server', 'host_in_groups': True, 'volumes': ['/etc/kolla/neutron-server/:/var/lib/kolla/config_files/:ro', '/etc/localtime:/etc/localtime:ro', '/etc/timezone:/etc/timezone:ro', 'kolla_logs:/var/log/kolla/', '/dev/shm:/dev/shm', ''], 'dimensions': {'ulimits': {'nofile': {'soft': 1048576, 'hard': 1048576}}}, 'healthcheck': {'interval': '30', 'retries': '3', 'start_period': '5', 'test': ['CMD-SHELL', 'healthcheck_curl http://192.168.0.10:9696'], 'timeout': '30'}, 'wsgi': 'neutron.wsgi.api:application', 'haproxy': {'neutron_server': {'enabled': True, 'mode': 'http', 'external': False, 'port': '9696', 'listen_port': '9696', 'backend_http_extra': ['option httpchk'], 'tls_backend': False}, 'neutron_server_external': {'enabled': True, 'mode': 'http', 'external': True, 'external_fqdn': '192.168.0.200', 'port': '9696', 'listen_port': '9696', 'backend_http_extra': ['option httpchk'], 'tls_backend': False}}}})
skipping: [anfitrion] => (item={'key': 'neutron-rpc-server', 'value': {'container_name': 'neutron_rpc_server', 'image': 'quay.io/openstack.kolla/neutron-server:2025.2-ubuntu-noble', 'enabled': True, 'group': 'neutron-rpc-server', 'host_in_groups': True, 'volumes': ['/etc/kolla/neutron-rpc-server/:/var/lib/kolla/config_files/:ro', '/etc/localtime:/etc/localtime:ro', '/etc/timezone:/etc/timezone:ro', 'kolla_logs:/var/log/kolla/', '/dev/shm:/dev/shm'], 'dimensions': {'ulimits': {'nofile': {'soft': 1048576, 'hard': 1048576}}}, 'healthcheck': {'interval': '30', 'retries': '3', 'start_period': '5', 'test': ['CMD-SHELL', 'healthcheck_port neutron-rpc-server 5672'], 'timeout': '30'}}}) 
skipping: [anfitrion] => (item={'key': 'neutron-periodic-worker', 'value': {'container_name': 'neutron_periodic_worker', 'image': 'quay.io/openstack.kolla/neutron-server:2025.2-ubuntu-noble', 'enabled': True, 'group': 'neutron-periodic-worker', 'host_in_groups': True, 'volumes': ['/etc/kolla/neutron-periodic-worker/:/var/lib/kolla/config_files/:ro', '/etc/localtime:/etc/localtime:ro', '/etc/timezone:/etc/timezone:ro', 'kolla_logs:/var/log/kolla/', '/dev/shm:/dev/shm'], 'dimensions': {'ulimits': {'nofile': {'soft': 1048576, 'hard': 1048576}}}, 'healthcheck': {'interval': '30', 'retries': '3', 'start_period': '5', 'test': ['CMD-SHELL', 'healthcheck_port neutron-periodic-workers 3306'], 'timeout': '30'}}}) 
skipping: [anfitrion] => (item={'key': 'neutron-ovn-maintenance-worker', 'value': {'container_name': 'neutron_ovn_maintenance_worker', 'image': 'quay.io/openstack.kolla/neutron-server:2025.2-ubuntu-noble', 'enabled': False, 'group': 'neutron-ovn-maintenance-worker', 'host_in_groups': True, 'volumes': ['/etc/kolla/neutron-ovn-maintenance-worker/:/var/lib/kolla/config_files/:ro', '/etc/localtime:/etc/localtime:ro', '/etc/timezone:/etc/timezone:ro', 'kolla_logs:/var/log/kolla/', '/dev/shm:/dev/shm'], 'dimensions': {'ulimits': {'nofile': {'soft': 1048576, 'hard': 1048576}}}, 'healthcheck': {'interval': '30', 'retries': '3', 'start_period': '5', 'test': ['CMD-SHELL', 'healthcheck_port neutron-ovn-maintenance-worker 6641'], 'timeout': '30'}}}) 
skipping: [anfitrion] => (item={'key': 'neutron-openvswitch-agent', 'value': {'container_name': 'neutron_openvswitch_agent', 'image': 'quay.io/openstack.kolla/neutron-openvswitch-agent:2025.2-ubuntu-noble', 'enabled': True, 'privileged': True, 'host_in_groups': True, 'volumes': ['/etc/kolla/neutron-openvswitch-agent/:/var/lib/kolla/config_files/:ro', '/etc/localtime:/etc/localtime:ro', '/etc/timezone:/etc/timezone:ro', '/lib/modules:/lib/modules:ro', '/run/openvswitch:/run/openvswitch:shared', 'kolla_logs:/var/log/kolla/', '/dev/shm:/dev/shm', ''], 'dimensions': {'ulimits': {'nofile': {'soft': 1048576, 'hard': 1048576}}}, 'healthcheck': {'interval': '30', 'retries': '3', 'start_period': '5', 'test': ['CMD-SHELL', 'healthcheck_port neutron-openvswitch-agent 5672'], 'timeout': '30'}}}) 
skipping: [anfitrion] => (item={'key': 'neutron-dhcp-agent', 'value': {'cgroupns_mode': 'host', 'container_name': 'neutron_dhcp_agent', 'image': 'quay.io/openstack.kolla/neutron-dhcp-agent:2025.2-ubuntu-noble', 'privileged': True, 'enabled': True, 'group': 'neutron-dhcp-agent', 'host_in_groups': True, 'volumes': ['/etc/kolla/neutron-dhcp-agent/:/var/lib/kolla/config_files/:ro', '/etc/localtime:/etc/localtime:ro', '/etc/timezone:/etc/timezone:ro', 'neutron_metadata_socket:/var/lib/neutron/kolla/', '/run/netns:/run/netns:shared', 'kolla_logs:/var/log/kolla/', '/dev/shm:/dev/shm', '', '/var/run/docker.sock:/var/run/docker.sock:ro', '', ''], 'dimensions': {'ulimits': {'nofile': {'soft': 1048576, 'hard': 1048576}}}, 'healthcheck': {'interval': '30', 'retries': '3', 'start_period': '5', 'test': ['CMD-SHELL', 'healthcheck_port neutron-dhcp-agent 5672'], 'timeout': '30'}, 'pid_mode': 'host', 'environment': {'KOLLA_IMAGE': 'quay.io/openstack.kolla/neutron-dhcp-agent:2025.2-ubuntu-noble', 'KOLLA_NAME': 'neutron_dhcp_agent', 'KOLLA_NEUTRON_WRAPPERS': 'true'}}}) 
skipping: [anfitrion] => (item={'key': 'neutron-l3-agent', 'value': {'cgroupns_mode': 'host', 'container_name': 'neutron_l3_agent', 'image': 'quay.io/openstack.kolla/neutron-l3-agent:2025.2-ubuntu-noble', 'privileged': True, 'enabled': True, 'environment': {'KOLLA_IMAGE': 'quay.io/openstack.kolla/neutron-l3-agent:2025.2-ubuntu-noble', 'KOLLA_NAME': 'neutron_l3_agent', 'KOLLA_NEUTRON_WRAPPERS': 'true'}, 'host_in_groups': True, 'volumes': ['/etc/kolla/neutron-l3-agent/:/var/lib/kolla/config_files/:ro', '/etc/localtime:/etc/localtime:ro', '/etc/timezone:/etc/timezone:ro', '/lib/modules:/lib/modules:ro', 'neutron_metadata_socket:/var/lib/neutron/kolla/', '/run/netns:/run/netns:shared', 'kolla_logs:/var/log/kolla/', '/dev/shm:/dev/shm', '', '/var/run/docker.sock:/var/run/docker.sock:ro', '', ''], 'dimensions': {'ulimits': {'nofile': {'soft': 1048576, 'hard': 1048576}}}, 'healthcheck': {'interval': '30', 'retries': '3', 'start_period': '5', 'test': ['CMD-SHELL', "healthcheck_port 'neutron-l3-agent ' 5672"], 'timeout': '30'}, 'pid_mode': 'host'}}) 
skipping: [anfitrion] => (item={'key': 'neutron-sriov-agent', 'value': {'container_name': 'neutron_sriov_agent', 'image': 'quay.io/openstack.kolla/neutron-sriov-agent:2025.2-ubuntu-noble', 'privileged': True, 'enabled': False, 'host_in_groups': True, 'volumes': ['/etc/kolla/neutron-sriov-agent/:/var/lib/kolla/config_files/:ro', '/etc/localtime:/etc/localtime:ro', '/etc/timezone:/etc/timezone:ro', 'kolla_logs:/var/log/kolla/', '/dev/shm:/dev/shm', ''], 'dimensions': {'ulimits': {'nofile': {'soft': 1048576, 'hard': 1048576}}}, 'healthcheck': {'interval': '30', 'retries': '3', 'start_period': '5', 'test': ['CMD-SHELL', 'healthcheck_port neutron-sriov-nic-agent 5672'], 'timeout': '30'}}}) 
skipping: [anfitrion] => (item={'key': 'neutron-mlnx-agent', 'value': {'container_name': 'neutron_mlnx_agent', 'image': 'quay.io/openstack.kolla/neutron-mlnx-agent:2025.2-ubuntu-noble', 'enabled': False, 'host_in_groups': True, 'volumes': ['/etc/kolla/neutron-mlnx-agent/:/var/lib/kolla/config_files/:ro', '/etc/localtime:/etc/localtime:ro', '/etc/timezone:/etc/timezone:ro', 'kolla_logs:/var/log/kolla/', '/dev/shm:/dev/shm', ''], 'dimensions': {'ulimits': {'nofile': {'soft': 1048576, 'hard': 1048576}}}}}) 
skipping: [anfitrion] => (item={'key': 'neutron-eswitchd', 'value': {'container_name': 'neutron_eswitchd', 'image': 'quay.io/openstack.kolla/neutron-mlnx-agent:2025.2-ubuntu-noble', 'privileged': True, 'enabled': False, 'host_in_groups': True, 'volumes': ['/etc/kolla/neutron-eswitchd/:/var/lib/kolla/config_files/:ro', '/etc/localtime:/etc/localtime:ro', '/run/libvirt:/run/libvirt:ro', '/etc/timezone:/etc/timezone:ro', 'kolla_logs:/var/log/kolla/', '/dev/shm:/dev/shm', ''], 'dimensions': {'ulimits': {'nofile': {'soft': 1048576, 'hard': 1048576}}}}}) 
skipping: [anfitrion] => (item={'key': 'neutron-metadata-agent', 'value': {'container_name': 'neutron_metadata_agent', 'image': 'quay.io/openstack.kolla/neutron-metadata-agent:2025.2-ubuntu-noble', 'privileged': True, 'enabled': True, 'host_in_groups': True, 'volumes': ['/etc/kolla/neutron-metadata-agent/:/var/lib/kolla/config_files/:ro', '/etc/localtime:/etc/localtime:ro', '/etc/timezone:/etc/timezone:ro', 'neutron_metadata_socket:/var/lib/neutron/kolla/', 'kolla_logs:/var/log/kolla/', '/dev/shm:/dev/shm', ''], 'dimensions': {'ulimits': {'nofile': {'soft': 1048576, 'hard': 1048576}}}, 'healthcheck': {'interval': '30', 'retries': '3', 'start_period': '5', 'test': 'NONE', 'timeout': '30'}}}) 
skipping: [anfitrion] => (item={'key': 'neutron-ovn-metadata-agent', 'value': {'cgroupns_mode': 'host', 'container_name': 'neutron_ovn_metadata_agent', 'image': 'quay.io/openstack.kolla/neutron-metadata-agent:2025.2-ubuntu-noble', 'privileged': True, 'enabled': False, 'host_in_groups': True, 'volumes': ['/etc/kolla/neutron-ovn-metadata-agent/:/var/lib/kolla/config_files/:ro', '/etc/localtime:/etc/localtime:ro', 'neutron_metadata_socket:/var/lib/neutron/kolla/', '/run/openvswitch:/run/openvswitch:shared', '/run/netns:/run/netns:shared', 'kolla_logs:/var/log/kolla/', '/dev/shm:/dev/shm', '', '/var/run/docker.sock:/var/run/docker.sock:ro', '', ''], 'dimensions': {'ulimits': {'nofile': {'soft': 1048576, 'hard': 1048576}}}, 'healthcheck': {'interval': '30', 'retries': '3', 'start_period': '5', 'test': ['CMD-SHELL', 'healthcheck_port neutron-ovn-metadata-agent 6640'], 'timeout': '30'}, 'pid_mode': 'host', 'environment': {'KOLLA_IMAGE': 'quay.io/openstack.kolla/neutron-metadata-agent:2025.2-ubuntu-noble', 'KOLLA_NAME': 'neutron_ovn_metadata_agent', 'KOLLA_NEUTRON_WRAPPERS': 'true'}}}) 
skipping: [anfitrion] => (item={'key': 'neutron-bgp-dragent', 'value': {'container_name': 'neutron_bgp_dragent', 'image': 'quay.io/openstack.kolla/neutron-bgp-dragent:2025.2-ubuntu-noble', 'privileged': True, 'enabled': False, 'group': 'neutron-bgp-dragent', 'host_in_groups': True, 'volumes': ['/etc/kolla/neutron-bgp-dragent/:/var/lib/kolla/config_files/:ro', '/etc/localtime:/etc/localtime:ro', '/etc/timezone:/etc/timezone:ro', 'kolla_logs:/var/log/kolla/', '/dev/shm:/dev/shm'], 'dimensions': {'ulimits': {'nofile': {'soft': 1048576, 'hard': 1048576}}}, 'healthcheck': {'interval': '30', 'retries': '3', 'start_period': '5', 'test': ['CMD-SHELL', 'healthcheck_port neutron-bgp-dragent 5672'], 'timeout': '30'}}}) 
skipping: [anfitrion] => (item={'key': 'neutron-infoblox-ipam-agent', 'value': {'container_name': 'neutron_infoblox_ipam_agent', 'image': 'quay.io/openstack.kolla/neutron-infoblox-ipam-agent:2025.2-ubuntu-noble', 'privileged': True, 'enabled': False, 'group': 'neutron-infoblox-ipam-agent', 'host_in_groups': True, 'volumes': ['/etc/kolla/neutron-infoblox-ipam-agent/:/var/lib/kolla/config_files/:ro', '/etc/localtime:/etc/localtime:ro', '/etc/timezone:/etc/timezone:ro', 'kolla_logs:/var/log/kolla/', '/dev/shm:/dev/shm'], 'dimensions': {'ulimits': {'nofile': {'soft': 1048576, 'hard': 1048576}}}}}) 
skipping: [anfitrion] => (item={'key': 'neutron-metering-agent', 'value': {'container_name': 'neutron_metering_agent', 'image': 'quay.io/openstack.kolla/neutron-metering-agent:2025.2-ubuntu-noble', 'privileged': True, 'enabled': False, 'group': 'neutron-metering-agent', 'host_in_groups': True, 'volumes': ['/etc/kolla/neutron-metering-agent/:/var/lib/kolla/config_files/:ro', '/etc/localtime:/etc/localtime:ro', '/etc/timezone:/etc/timezone:ro', 'kolla_logs:/var/log/kolla/', '/dev/shm:/dev/shm', ''], 'dimensions': {'ulimits': {'nofile': {'soft': 1048576, 'hard': 1048576}}}}}) 
skipping: [anfitrion] => (item={'key': 'ironic-neutron-agent', 'value': {'container_name': 'ironic_neutron_agent', 'image': 'quay.io/openstack.kolla/ironic-neutron-agent:2025.2-ubuntu-noble', 'privileged': False, 'enabled': False, 'group': 'ironic-neutron-agent', 'host_in_groups': True, 'volumes': ['/etc/kolla/ironic-neutron-agent/:/var/lib/kolla/config_files/:ro', '/etc/localtime:/etc/localtime:ro', '/etc/timezone:/etc/timezone:ro', 'kolla_logs:/var/log/kolla/', '/dev/shm:/dev/shm'], 'dimensions': {'ulimits': {'nofile': {'soft': 1048576, 'hard': 1048576}}}, 'healthcheck': {'interval': '30', 'retries': '3', 'start_period': '5', 'test': ['CMD-SHELL', 'healthcheck_port ironic-neutron-agent 5672'], 'timeout': '30'}}}) 
skipping: [anfitrion] => (item={'key': 'neutron-ovn-agent', 'value': {'container_name': 'neutron_ovn_agent', 'group': 'neutron-ovn-agent', 'host_in_groups': True, 'enabled': False, 'image': 'quay.io/openstack.kolla/neutron-ovn-agent:2025.2-ubuntu-noble', 'volumes': ['/etc/kolla/neutron-ovn-agent/:/var/lib/kolla/config_files/:ro', '/etc/localtime:/etc/localtime:ro', '/etc/timezone:/etc/timezone:ro', 'kolla_logs:/var/log/kolla/', '/dev/shm:/dev/shm'], 'dimensions': {'ulimits': {'nofile': {'soft': 1048576, 'hard': 1048576}}}, 'healthcheck': {'interval': '30', 'retries': '3', 'start_period': '5', 'test': ['CMD-SHELL', 'healthcheck_port neutron-ovn-agent 6640'], 'timeout': '30'}}}) 

TASK [haproxy-config : Add configuration for neutron when using single external frontend] ***
skipping: [anfitrion] => (item={'key': 'neutron-server', 'value': {'container_name': 'neutron_server', 'image': 'quay.io/openstack.kolla/neutron-server:2025.2-ubuntu-noble', 'enabled': True, 'group': 'neutron-server', 'host_in_groups': True, 'volumes': ['/etc/kolla/neutron-server/:/var/lib/kolla/config_files/:ro', '/etc/localtime:/etc/localtime:ro', '/etc/timezone:/etc/timezone:ro', 'kolla_logs:/var/log/kolla/', '/dev/shm:/dev/shm', ''], 'dimensions': {'ulimits': {'nofile': {'soft': 1048576, 'hard': 1048576}}}, 'healthcheck': {'interval': '30', 'retries': '3', 'start_period': '5', 'test': ['CMD-SHELL', 'healthcheck_curl http://192.168.0.10:9696'], 'timeout': '30'}, 'wsgi': 'neutron.wsgi.api:application', 'haproxy': {'neutron_server': {'enabled': True, 'mode': 'http', 'external': False, 'port': '9696', 'listen_port': '9696', 'backend_http_extra': ['option httpchk'], 'tls_backend': False}, 'neutron_server_external': {'enabled': True, 'mode': 'http', 'external': True, 'external_fqdn': '192.168.0.200', 'port': '9696', 'listen_port': '9696', 'backend_http_extra': ['option httpchk'], 'tls_backend': False}}}}) 
skipping: [anfitrion] => (item={'key': 'neutron-rpc-server', 'value': {'container_name': 'neutron_rpc_server', 'image': 'quay.io/openstack.kolla/neutron-server:2025.2-ubuntu-noble', 'enabled': True, 'group': 'neutron-rpc-server', 'host_in_groups': True, 'volumes': ['/etc/kolla/neutron-rpc-server/:/var/lib/kolla/config_files/:ro', '/etc/localtime:/etc/localtime:ro', '/etc/timezone:/etc/timezone:ro', 'kolla_logs:/var/log/kolla/', '/dev/shm:/dev/shm'], 'dimensions': {'ulimits': {'nofile': {'soft': 1048576, 'hard': 1048576}}}, 'healthcheck': {'interval': '30', 'retries': '3', 'start_period': '5', 'test': ['CMD-SHELL', 'healthcheck_port neutron-rpc-server 5672'], 'timeout': '30'}}}) 
skipping: [anfitrion] => (item={'key': 'neutron-periodic-worker', 'value': {'container_name': 'neutron_periodic_worker', 'image': 'quay.io/openstack.kolla/neutron-server:2025.2-ubuntu-noble', 'enabled': True, 'group': 'neutron-periodic-worker', 'host_in_groups': True, 'volumes': ['/etc/kolla/neutron-periodic-worker/:/var/lib/kolla/config_files/:ro', '/etc/localtime:/etc/localtime:ro', '/etc/timezone:/etc/timezone:ro', 'kolla_logs:/var/log/kolla/', '/dev/shm:/dev/shm'], 'dimensions': {'ulimits': {'nofile': {'soft': 1048576, 'hard': 1048576}}}, 'healthcheck': {'interval': '30', 'retries': '3', 'start_period': '5', 'test': ['CMD-SHELL', 'healthcheck_port neutron-periodic-workers 3306'], 'timeout': '30'}}}) 
skipping: [anfitrion] => (item={'key': 'neutron-ovn-maintenance-worker', 'value': {'container_name': 'neutron_ovn_maintenance_worker', 'image': 'quay.io/openstack.kolla/neutron-server:2025.2-ubuntu-noble', 'enabled': False, 'group': 'neutron-ovn-maintenance-worker', 'host_in_groups': True, 'volumes': ['/etc/kolla/neutron-ovn-maintenance-worker/:/var/lib/kolla/config_files/:ro', '/etc/localtime:/etc/localtime:ro', '/etc/timezone:/etc/timezone:ro', 'kolla_logs:/var/log/kolla/', '/dev/shm:/dev/shm'], 'dimensions': {'ulimits': {'nofile': {'soft': 1048576, 'hard': 1048576}}}, 'healthcheck': {'interval': '30', 'retries': '3', 'start_period': '5', 'test': ['CMD-SHELL', 'healthcheck_port neutron-ovn-maintenance-worker 6641'], 'timeout': '30'}}}) 
skipping: [anfitrion] => (item={'key': 'neutron-openvswitch-agent', 'value': {'container_name': 'neutron_openvswitch_agent', 'image': 'quay.io/openstack.kolla/neutron-openvswitch-agent:2025.2-ubuntu-noble', 'enabled': True, 'privileged': True, 'host_in_groups': True, 'volumes': ['/etc/kolla/neutron-openvswitch-agent/:/var/lib/kolla/config_files/:ro', '/etc/localtime:/etc/localtime:ro', '/etc/timezone:/etc/timezone:ro', '/lib/modules:/lib/modules:ro', '/run/openvswitch:/run/openvswitch:shared', 'kolla_logs:/var/log/kolla/', '/dev/shm:/dev/shm', ''], 'dimensions': {'ulimits': {'nofile': {'soft': 1048576, 'hard': 1048576}}}, 'healthcheck': {'interval': '30', 'retries': '3', 'start_period': '5', 'test': ['CMD-SHELL', 'healthcheck_port neutron-openvswitch-agent 5672'], 'timeout': '30'}}}) 
skipping: [anfitrion] => (item={'key': 'neutron-dhcp-agent', 'value': {'cgroupns_mode': 'host', 'container_name': 'neutron_dhcp_agent', 'image': 'quay.io/openstack.kolla/neutron-dhcp-agent:2025.2-ubuntu-noble', 'privileged': True, 'enabled': True, 'group': 'neutron-dhcp-agent', 'host_in_groups': True, 'volumes': ['/etc/kolla/neutron-dhcp-agent/:/var/lib/kolla/config_files/:ro', '/etc/localtime:/etc/localtime:ro', '/etc/timezone:/etc/timezone:ro', 'neutron_metadata_socket:/var/lib/neutron/kolla/', '/run/netns:/run/netns:shared', 'kolla_logs:/var/log/kolla/', '/dev/shm:/dev/shm', '', '/var/run/docker.sock:/var/run/docker.sock:ro', '', ''], 'dimensions': {'ulimits': {'nofile': {'soft': 1048576, 'hard': 1048576}}}, 'healthcheck': {'interval': '30', 'retries': '3', 'start_period': '5', 'test': ['CMD-SHELL', 'healthcheck_port neutron-dhcp-agent 5672'], 'timeout': '30'}, 'pid_mode': 'host', 'environment': {'KOLLA_IMAGE': 'quay.io/openstack.kolla/neutron-dhcp-agent:2025.2-ubuntu-noble', 'KOLLA_NAME': 'neutron_dhcp_agent', 'KOLLA_NEUTRON_WRAPPERS': 'true'}}}) 
skipping: [anfitrion] => (item={'key': 'neutron-l3-agent', 'value': {'cgroupns_mode': 'host', 'container_name': 'neutron_l3_agent', 'image': 'quay.io/openstack.kolla/neutron-l3-agent:2025.2-ubuntu-noble', 'privileged': True, 'enabled': True, 'environment': {'KOLLA_IMAGE': 'quay.io/openstack.kolla/neutron-l3-agent:2025.2-ubuntu-noble', 'KOLLA_NAME': 'neutron_l3_agent', 'KOLLA_NEUTRON_WRAPPERS': 'true'}, 'host_in_groups': True, 'volumes': ['/etc/kolla/neutron-l3-agent/:/var/lib/kolla/config_files/:ro', '/etc/localtime:/etc/localtime:ro', '/etc/timezone:/etc/timezone:ro', '/lib/modules:/lib/modules:ro', 'neutron_metadata_socket:/var/lib/neutron/kolla/', '/run/netns:/run/netns:shared', 'kolla_logs:/var/log/kolla/', '/dev/shm:/dev/shm', '', '/var/run/docker.sock:/var/run/docker.sock:ro', '', ''], 'dimensions': {'ulimits': {'nofile': {'soft': 1048576, 'hard': 1048576}}}, 'healthcheck': {'interval': '30', 'retries': '3', 'start_period': '5', 'test': ['CMD-SHELL', "healthcheck_port 'neutron-l3-agent ' 5672"], 'timeout': '30'}, 'pid_mode': 'host'}}) 
skipping: [anfitrion] => (item={'key': 'neutron-sriov-agent', 'value': {'container_name': 'neutron_sriov_agent', 'image': 'quay.io/openstack.kolla/neutron-sriov-agent:2025.2-ubuntu-noble', 'privileged': True, 'enabled': False, 'host_in_groups': True, 'volumes': ['/etc/kolla/neutron-sriov-agent/:/var/lib/kolla/config_files/:ro', '/etc/localtime:/etc/localtime:ro', '/etc/timezone:/etc/timezone:ro', 'kolla_logs:/var/log/kolla/', '/dev/shm:/dev/shm', ''], 'dimensions': {'ulimits': {'nofile': {'soft': 1048576, 'hard': 1048576}}}, 'healthcheck': {'interval': '30', 'retries': '3', 'start_period': '5', 'test': ['CMD-SHELL', 'healthcheck_port neutron-sriov-nic-agent 5672'], 'timeout': '30'}}}) 
skipping: [anfitrion] => (item={'key': 'neutron-mlnx-agent', 'value': {'container_name': 'neutron_mlnx_agent', 'image': 'quay.io/openstack.kolla/neutron-mlnx-agent:2025.2-ubuntu-noble', 'enabled': False, 'host_in_groups': True, 'volumes': ['/etc/kolla/neutron-mlnx-agent/:/var/lib/kolla/config_files/:ro', '/etc/localtime:/etc/localtime:ro', '/etc/timezone:/etc/timezone:ro', 'kolla_logs:/var/log/kolla/', '/dev/shm:/dev/shm', ''], 'dimensions': {'ulimits': {'nofile': {'soft': 1048576, 'hard': 1048576}}}}}) 
skipping: [anfitrion] => (item={'key': 'neutron-eswitchd', 'value': {'container_name': 'neutron_eswitchd', 'image': 'quay.io/openstack.kolla/neutron-mlnx-agent:2025.2-ubuntu-noble', 'privileged': True, 'enabled': False, 'host_in_groups': True, 'volumes': ['/etc/kolla/neutron-eswitchd/:/var/lib/kolla/config_files/:ro', '/etc/localtime:/etc/localtime:ro', '/run/libvirt:/run/libvirt:ro', '/etc/timezone:/etc/timezone:ro', 'kolla_logs:/var/log/kolla/', '/dev/shm:/dev/shm', ''], 'dimensions': {'ulimits': {'nofile': {'soft': 1048576, 'hard': 1048576}}}}}) 
skipping: [anfitrion] => (item={'key': 'neutron-metadata-agent', 'value': {'container_name': 'neutron_metadata_agent', 'image': 'quay.io/openstack.kolla/neutron-metadata-agent:2025.2-ubuntu-noble', 'privileged': True, 'enabled': True, 'host_in_groups': True, 'volumes': ['/etc/kolla/neutron-metadata-agent/:/var/lib/kolla/config_files/:ro', '/etc/localtime:/etc/localtime:ro', '/etc/timezone:/etc/timezone:ro', 'neutron_metadata_socket:/var/lib/neutron/kolla/', 'kolla_logs:/var/log/kolla/', '/dev/shm:/dev/shm', ''], 'dimensions': {'ulimits': {'nofile': {'soft': 1048576, 'hard': 1048576}}}, 'healthcheck': {'interval': '30', 'retries': '3', 'start_period': '5', 'test': 'NONE', 'timeout': '30'}}}) 
skipping: [anfitrion] => (item={'key': 'neutron-ovn-metadata-agent', 'value': {'cgroupns_mode': 'host', 'container_name': 'neutron_ovn_metadata_agent', 'image': 'quay.io/openstack.kolla/neutron-metadata-agent:2025.2-ubuntu-noble', 'privileged': True, 'enabled': False, 'host_in_groups': True, 'volumes': ['/etc/kolla/neutron-ovn-metadata-agent/:/var/lib/kolla/config_files/:ro', '/etc/localtime:/etc/localtime:ro', 'neutron_metadata_socket:/var/lib/neutron/kolla/', '/run/openvswitch:/run/openvswitch:shared', '/run/netns:/run/netns:shared', 'kolla_logs:/var/log/kolla/', '/dev/shm:/dev/shm', '', '/var/run/docker.sock:/var/run/docker.sock:ro', '', ''], 'dimensions': {'ulimits': {'nofile': {'soft': 1048576, 'hard': 1048576}}}, 'healthcheck': {'interval': '30', 'retries': '3', 'start_period': '5', 'test': ['CMD-SHELL', 'healthcheck_port neutron-ovn-metadata-agent 6640'], 'timeout': '30'}, 'pid_mode': 'host', 'environment': {'KOLLA_IMAGE': 'quay.io/openstack.kolla/neutron-metadata-agent:2025.2-ubuntu-noble', 'KOLLA_NAME': 'neutron_ovn_metadata_agent', 'KOLLA_NEUTRON_WRAPPERS': 'true'}}}) 
skipping: [anfitrion] => (item={'key': 'neutron-bgp-dragent', 'value': {'container_name': 'neutron_bgp_dragent', 'image': 'quay.io/openstack.kolla/neutron-bgp-dragent:2025.2-ubuntu-noble', 'privileged': True, 'enabled': False, 'group': 'neutron-bgp-dragent', 'host_in_groups': True, 'volumes': ['/etc/kolla/neutron-bgp-dragent/:/var/lib/kolla/config_files/:ro', '/etc/localtime:/etc/localtime:ro', '/etc/timezone:/etc/timezone:ro', 'kolla_logs:/var/log/kolla/', '/dev/shm:/dev/shm'], 'dimensions': {'ulimits': {'nofile': {'soft': 1048576, 'hard': 1048576}}}, 'healthcheck': {'interval': '30', 'retries': '3', 'start_period': '5', 'test': ['CMD-SHELL', 'healthcheck_port neutron-bgp-dragent 5672'], 'timeout': '30'}}}) 
skipping: [anfitrion] => (item={'key': 'neutron-infoblox-ipam-agent', 'value': {'container_name': 'neutron_infoblox_ipam_agent', 'image': 'quay.io/openstack.kolla/neutron-infoblox-ipam-agent:2025.2-ubuntu-noble', 'privileged': True, 'enabled': False, 'group': 'neutron-infoblox-ipam-agent', 'host_in_groups': True, 'volumes': ['/etc/kolla/neutron-infoblox-ipam-agent/:/var/lib/kolla/config_files/:ro', '/etc/localtime:/etc/localtime:ro', '/etc/timezone:/etc/timezone:ro', 'kolla_logs:/var/log/kolla/', '/dev/shm:/dev/shm'], 'dimensions': {'ulimits': {'nofile': {'soft': 1048576, 'hard': 1048576}}}}}) 
skipping: [anfitrion] => (item={'key': 'neutron-metering-agent', 'value': {'container_name': 'neutron_metering_agent', 'image': 'quay.io/openstack.kolla/neutron-metering-agent:2025.2-ubuntu-noble', 'privileged': True, 'enabled': False, 'group': 'neutron-metering-agent', 'host_in_groups': True, 'volumes': ['/etc/kolla/neutron-metering-agent/:/var/lib/kolla/config_files/:ro', '/etc/localtime:/etc/localtime:ro', '/etc/timezone:/etc/timezone:ro', 'kolla_logs:/var/log/kolla/', '/dev/shm:/dev/shm', ''], 'dimensions': {'ulimits': {'nofile': {'soft': 1048576, 'hard': 1048576}}}}}) 
skipping: [anfitrion] => (item={'key': 'ironic-neutron-agent', 'value': {'container_name': 'ironic_neutron_agent', 'image': 'quay.io/openstack.kolla/ironic-neutron-agent:2025.2-ubuntu-noble', 'privileged': False, 'enabled': False, 'group': 'ironic-neutron-agent', 'host_in_groups': True, 'volumes': ['/etc/kolla/ironic-neutron-agent/:/var/lib/kolla/config_files/:ro', '/etc/localtime:/etc/localtime:ro', '/etc/timezone:/etc/timezone:ro', 'kolla_logs:/var/log/kolla/', '/dev/shm:/dev/shm'], 'dimensions': {'ulimits': {'nofile': {'soft': 1048576, 'hard': 1048576}}}, 'healthcheck': {'interval': '30', 'retries': '3', 'start_period': '5', 'test': ['CMD-SHELL', 'healthcheck_port ironic-neutron-agent 5672'], 'timeout': '30'}}}) 
skipping: [anfitrion] => (item={'key': 'neutron-ovn-agent', 'value': {'container_name': 'neutron_ovn_agent', 'group': 'neutron-ovn-agent', 'host_in_groups': True, 'enabled': False, 'image': 'quay.io/openstack.kolla/neutron-ovn-agent:2025.2-ubuntu-noble', 'volumes': ['/etc/kolla/neutron-ovn-agent/:/var/lib/kolla/config_files/:ro', '/etc/localtime:/etc/localtime:ro', '/etc/timezone:/etc/timezone:ro', 'kolla_logs:/var/log/kolla/', '/dev/shm:/dev/shm'], 'dimensions': {'ulimits': {'nofile': {'soft': 1048576, 'hard': 1048576}}}, 'healthcheck': {'interval': '30', 'retries': '3', 'start_period': '5', 'test': ['CMD-SHELL', 'healthcheck_port neutron-ovn-agent 6640'], 'timeout': '30'}}}) 
skipping: [anfitrion]

TASK [haproxy-config : Configuring firewall for neutron] ***********************
skipping: [anfitrion] => (item={'key': 'neutron_server', 'value': {'enabled': True, 'mode': 'http', 'external': False, 'port': '9696', 'listen_port': '9696', 'backend_http_extra': ['option httpchk'], 'tls_backend': False}}) 
skipping: [anfitrion] => (item={'key': 'neutron_server_external', 'value': {'enabled': True, 'mode': 'http', 'external': True, 'external_fqdn': '192.168.0.200', 'port': '9696', 'listen_port': '9696', 'backend_http_extra': ['option httpchk'], 'tls_backend': False}}) 
skipping: [anfitrion]

TASK [proxysql-config : Copying over neutron ProxySQL users config] ************
ok: [anfitrion]

TASK [proxysql-config : Copying over neutron ProxySQL rules config] ************
ok: [anfitrion]

TASK [include_role : placement] ************************************************
included: placement for anfitrion

TASK [haproxy-config : Copying over placement haproxy config] ******************
ok: [anfitrion] => (item={'key': 'placement-api', 'value': {'container_name': 'placement_api', 'group': 'placement-api', 'image': 'quay.io/openstack.kolla/placement-api:2025.2-ubuntu-noble', 'enabled': True, 'volumes': ['/etc/kolla/placement-api/:/var/lib/kolla/config_files/:ro', '/etc/localtime:/etc/localtime:ro', '/etc/timezone:/etc/timezone:ro', 'kolla_logs:/var/log/kolla/', ''], 'dimensions': {'ulimits': {'nofile': {'soft': 1048576, 'hard': 1048576}}}, 'healthcheck': {'interval': '30', 'retries': '3', 'start_period': '5', 'test': ['CMD-SHELL', 'healthcheck_curl http://192.168.0.10:8780'], 'timeout': '30'}, 'wsgi': 'placement.wsgi.api:application', 'haproxy': {'placement_api': {'enabled': True, 'mode': 'http', 'external': False, 'port': '8780', 'listen_port': '8780', 'tls_backend': 'no', 'backend_http_extra': ['option httpchk GET /']}, 'placement_api_external': {'enabled': True, 'mode': 'http', 'external': True, 'external_fqdn': '192.168.0.200', 'port': '8780', 'listen_port': '8780', 'tls_backend': 'no', 'backend_http_extra': ['option httpchk GET /']}}}})

TASK [haproxy-config : Add configuration for placement when using single external frontend] ***
skipping: [anfitrion] => (item={'key': 'placement-api', 'value': {'container_name': 'placement_api', 'group': 'placement-api', 'image': 'quay.io/openstack.kolla/placement-api:2025.2-ubuntu-noble', 'enabled': True, 'volumes': ['/etc/kolla/placement-api/:/var/lib/kolla/config_files/:ro', '/etc/localtime:/etc/localtime:ro', '/etc/timezone:/etc/timezone:ro', 'kolla_logs:/var/log/kolla/', ''], 'dimensions': {'ulimits': {'nofile': {'soft': 1048576, 'hard': 1048576}}}, 'healthcheck': {'interval': '30', 'retries': '3', 'start_period': '5', 'test': ['CMD-SHELL', 'healthcheck_curl http://192.168.0.10:8780'], 'timeout': '30'}, 'wsgi': 'placement.wsgi.api:application', 'haproxy': {'placement_api': {'enabled': True, 'mode': 'http', 'external': False, 'port': '8780', 'listen_port': '8780', 'tls_backend': 'no', 'backend_http_extra': ['option httpchk GET /']}, 'placement_api_external': {'enabled': True, 'mode': 'http', 'external': True, 'external_fqdn': '192.168.0.200', 'port': '8780', 'listen_port': '8780', 'tls_backend': 'no', 'backend_http_extra': ['option httpchk GET /']}}}}) 
skipping: [anfitrion]

TASK [haproxy-config : Configuring firewall for placement] *********************
skipping: [anfitrion] => (item={'key': 'placement_api', 'value': {'enabled': True, 'mode': 'http', 'external': False, 'port': '8780', 'listen_port': '8780', 'tls_backend': 'no', 'backend_http_extra': ['option httpchk GET /']}}) 
skipping: [anfitrion] => (item={'key': 'placement_api_external', 'value': {'enabled': True, 'mode': 'http', 'external': True, 'external_fqdn': '192.168.0.200', 'port': '8780', 'listen_port': '8780', 'tls_backend': 'no', 'backend_http_extra': ['option httpchk GET /']}}) 
skipping: [anfitrion]

TASK [proxysql-config : Copying over placement ProxySQL users config] **********
ok: [anfitrion]

TASK [proxysql-config : Copying over placement ProxySQL rules config] **********
ok: [anfitrion]

TASK [include_role : nova] *****************************************************
included: nova for anfitrion

TASK [haproxy-config : Copying over nova haproxy config] ***********************
ok: [anfitrion] => (item={'key': 'nova-api', 'value': {'container_name': 'nova_api', 'group': 'nova-api', 'image': 'quay.io/openstack.kolla/nova-api:2025.2-ubuntu-noble', 'enabled': True, 'privileged': True, 'volumes': ['/etc/kolla/nova-api/:/var/lib/kolla/config_files/:ro', '/etc/localtime:/etc/localtime:ro', '/etc/timezone:/etc/timezone:ro', '/lib/modules:/lib/modules:ro', 'kolla_logs:/var/log/kolla/', '/dev/shm:/dev/shm', ''], 'dimensions': {'ulimits': {'nofile': {'soft': 1048576, 'hard': 1048576}}}, 'healthcheck': {'interval': '30', 'retries': '3', 'start_period': '5', 'test': ['CMD-SHELL', 'healthcheck_curl http://192.168.0.10:8774 '], 'timeout': '30'}, 'wsgi': 'nova.wsgi.osapi_compute:application', 'haproxy': {'nova_api': {'enabled': True, 'mode': 'http', 'external': False, 'port': '8774', 'listen_port': '8774', 'tls_backend': 'no', 'backend_http_extra': ['option httpchk']}, 'nova_api_external': {'enabled': True, 'mode': 'http', 'external': True, 'external_fqdn': '192.168.0.200', 'port': '8774', 'listen_port': '8774', 'tls_backend': 'no', 'backend_http_extra': ['option httpchk']}}}})
ok: [anfitrion] => (item={'key': 'nova-metadata', 'value': {'container_name': 'nova_metadata', 'group': 'nova-metadata', 'image': 'quay.io/openstack.kolla/nova-api:2025.2-ubuntu-noble', 'enabled': True, 'volumes': ['/etc/kolla/nova-metadata/:/var/lib/kolla/config_files/:ro', '/etc/localtime:/etc/localtime:ro', '/etc/timezone:/etc/timezone:ro', 'kolla_logs:/var/log/kolla/', ''], 'dimensions': {'ulimits': {'nofile': {'soft': 1048576, 'hard': 1048576}}}, 'healthcheck': {'interval': '30', 'retries': '3', 'start_period': '5', 'test': ['CMD-SHELL', 'healthcheck_curl http://192.168.0.10:8775 '], 'timeout': '30'}, 'wsgi': 'nova.wsgi.metadata:application', 'haproxy': {'nova_metadata': {'enabled': True, 'mode': 'http', 'external': False, 'port': '8775', 'listen_port': '8775', 'tls_backend': 'no', 'backend_http_extra': ['option httpchk']}, 'nova_metadata_external': {'enabled': 'no', 'mode': 'http', 'external': True, 'external_fqdn': '192.168.0.200', 'port': '8775', 'listen_port': '8775', 'tls_backend': 'no', 'backend_http_extra': ['option httpchk']}}}})
skipping: [anfitrion] => (item={'key': 'nova-scheduler', 'value': {'container_name': 'nova_scheduler', 'group': 'nova-scheduler', 'image': 'quay.io/openstack.kolla/nova-scheduler:2025.2-ubuntu-noble', 'enabled': True, 'volumes': ['/etc/kolla/nova-scheduler/:/var/lib/kolla/config_files/:ro', '/etc/localtime:/etc/localtime:ro', '/etc/timezone:/etc/timezone:ro', 'kolla_logs:/var/log/kolla/', '/dev/shm:/dev/shm', ''], 'dimensions': {'ulimits': {'nofile': {'soft': 1048576, 'hard': 1048576}}}, 'healthcheck': {'interval': '30', 'retries': '3', 'start_period': '5', 'test': ['CMD-SHELL', 'healthcheck_port nova-scheduler 5672'], 'timeout': '30'}}}) 
skipping: [anfitrion] => (item={'key': 'nova-super-conductor', 'value': {'container_name': 'nova_super_conductor', 'group': 'nova-super-conductor', 'enabled': 'no', 'image': 'quay.io/openstack.kolla/nova-conductor:2025.2-ubuntu-noble', 'volumes': ['/etc/kolla/nova-super-conductor/:/var/lib/kolla/config_files/:ro', '/etc/localtime:/etc/localtime:ro', '/etc/timezone:/etc/timezone:ro', 'kolla_logs:/var/log/kolla/', '/dev/shm:/dev/shm', ''], 'dimensions': {'ulimits': {'nofile': {'soft': 1048576, 'hard': 1048576}}}, 'healthcheck': {'interval': '30', 'retries': '3', 'start_period': '5', 'test': ['CMD-SHELL', 'healthcheck_port nova-conductor 5672'], 'timeout': '30'}}}) 

TASK [haproxy-config : Add configuration for nova when using single external frontend] ***
skipping: [anfitrion] => (item={'key': 'nova-api', 'value': {'container_name': 'nova_api', 'group': 'nova-api', 'image': 'quay.io/openstack.kolla/nova-api:2025.2-ubuntu-noble', 'enabled': True, 'privileged': True, 'volumes': ['/etc/kolla/nova-api/:/var/lib/kolla/config_files/:ro', '/etc/localtime:/etc/localtime:ro', '/etc/timezone:/etc/timezone:ro', '/lib/modules:/lib/modules:ro', 'kolla_logs:/var/log/kolla/', '/dev/shm:/dev/shm', ''], 'dimensions': {'ulimits': {'nofile': {'soft': 1048576, 'hard': 1048576}}}, 'healthcheck': {'interval': '30', 'retries': '3', 'start_period': '5', 'test': ['CMD-SHELL', 'healthcheck_curl http://192.168.0.10:8774 '], 'timeout': '30'}, 'wsgi': 'nova.wsgi.osapi_compute:application', 'haproxy': {'nova_api': {'enabled': True, 'mode': 'http', 'external': False, 'port': '8774', 'listen_port': '8774', 'tls_backend': 'no', 'backend_http_extra': ['option httpchk']}, 'nova_api_external': {'enabled': True, 'mode': 'http', 'external': True, 'external_fqdn': '192.168.0.200', 'port': '8774', 'listen_port': '8774', 'tls_backend': 'no', 'backend_http_extra': ['option httpchk']}}}}) 
skipping: [anfitrion] => (item={'key': 'nova-metadata', 'value': {'container_name': 'nova_metadata', 'group': 'nova-metadata', 'image': 'quay.io/openstack.kolla/nova-api:2025.2-ubuntu-noble', 'enabled': True, 'volumes': ['/etc/kolla/nova-metadata/:/var/lib/kolla/config_files/:ro', '/etc/localtime:/etc/localtime:ro', '/etc/timezone:/etc/timezone:ro', 'kolla_logs:/var/log/kolla/', ''], 'dimensions': {'ulimits': {'nofile': {'soft': 1048576, 'hard': 1048576}}}, 'healthcheck': {'interval': '30', 'retries': '3', 'start_period': '5', 'test': ['CMD-SHELL', 'healthcheck_curl http://192.168.0.10:8775 '], 'timeout': '30'}, 'wsgi': 'nova.wsgi.metadata:application', 'haproxy': {'nova_metadata': {'enabled': True, 'mode': 'http', 'external': False, 'port': '8775', 'listen_port': '8775', 'tls_backend': 'no', 'backend_http_extra': ['option httpchk']}, 'nova_metadata_external': {'enabled': 'no', 'mode': 'http', 'external': True, 'external_fqdn': '192.168.0.200', 'port': '8775', 'listen_port': '8775', 'tls_backend': 'no', 'backend_http_extra': ['option httpchk']}}}}) 
skipping: [anfitrion] => (item={'key': 'nova-scheduler', 'value': {'container_name': 'nova_scheduler', 'group': 'nova-scheduler', 'image': 'quay.io/openstack.kolla/nova-scheduler:2025.2-ubuntu-noble', 'enabled': True, 'volumes': ['/etc/kolla/nova-scheduler/:/var/lib/kolla/config_files/:ro', '/etc/localtime:/etc/localtime:ro', '/etc/timezone:/etc/timezone:ro', 'kolla_logs:/var/log/kolla/', '/dev/shm:/dev/shm', ''], 'dimensions': {'ulimits': {'nofile': {'soft': 1048576, 'hard': 1048576}}}, 'healthcheck': {'interval': '30', 'retries': '3', 'start_period': '5', 'test': ['CMD-SHELL', 'healthcheck_port nova-scheduler 5672'], 'timeout': '30'}}}) 
skipping: [anfitrion] => (item={'key': 'nova-super-conductor', 'value': {'container_name': 'nova_super_conductor', 'group': 'nova-super-conductor', 'enabled': 'no', 'image': 'quay.io/openstack.kolla/nova-conductor:2025.2-ubuntu-noble', 'volumes': ['/etc/kolla/nova-super-conductor/:/var/lib/kolla/config_files/:ro', '/etc/localtime:/etc/localtime:ro', '/etc/timezone:/etc/timezone:ro', 'kolla_logs:/var/log/kolla/', '/dev/shm:/dev/shm', ''], 'dimensions': {'ulimits': {'nofile': {'soft': 1048576, 'hard': 1048576}}}, 'healthcheck': {'interval': '30', 'retries': '3', 'start_period': '5', 'test': ['CMD-SHELL', 'healthcheck_port nova-conductor 5672'], 'timeout': '30'}}}) 
skipping: [anfitrion]

TASK [haproxy-config : Configuring firewall for nova] **************************
skipping: [anfitrion] => (item={'key': 'nova_api', 'value': {'enabled': True, 'mode': 'http', 'external': False, 'port': '8774', 'listen_port': '8774', 'tls_backend': 'no', 'backend_http_extra': ['option httpchk']}}) 
skipping: [anfitrion] => (item={'key': 'nova_api_external', 'value': {'enabled': True, 'mode': 'http', 'external': True, 'external_fqdn': '192.168.0.200', 'port': '8774', 'listen_port': '8774', 'tls_backend': 'no', 'backend_http_extra': ['option httpchk']}}) 
skipping: [anfitrion] => (item={'key': 'nova_metadata', 'value': {'enabled': True, 'mode': 'http', 'external': False, 'port': '8775', 'listen_port': '8775', 'tls_backend': 'no', 'backend_http_extra': ['option httpchk']}}) 
skipping: [anfitrion] => (item={'key': 'nova_metadata_external', 'value': {'enabled': 'no', 'mode': 'http', 'external': True, 'external_fqdn': '192.168.0.200', 'port': '8775', 'listen_port': '8775', 'tls_backend': 'no', 'backend_http_extra': ['option httpchk']}}) 
skipping: [anfitrion]

TASK [proxysql-config : Copying over nova ProxySQL users config] ***************
ok: [anfitrion]

TASK [proxysql-config : Copying over nova ProxySQL rules config] ***************
ok: [anfitrion]

TASK [include_role : nova-cell] ************************************************
included: nova-cell for anfitrion

TASK [nova-cell : Configure loadbalancer for nova-novncproxy] ******************
included: /opt/kolla-ansible/share/kolla-ansible/ansible/roles/nova-cell/tasks/cell_proxy_loadbalancer.yml for anfitrion => (item=nova-novncproxy)

TASK [haproxy-config : Copying over nova-cell:nova-novncproxy haproxy config] ***
ok: [anfitrion] => (item={'key': 'nova-novncproxy', 'value': {'group': 'nova-novncproxy', 'enabled': True, 'haproxy': {'nova_novncproxy': {'enabled': True, 'mode': 'http', 'external': False, 'port': '6080', 'listen_port': '6080', 'backend_http_extra': ['timeout tunnel 1h']}, 'nova_novncproxy_external': {'enabled': True, 'mode': 'http', 'external': True, 'external_fqdn': '192.168.0.200', 'port': '6080', 'listen_port': '6080', 'backend_http_extra': ['timeout tunnel 1h']}}}})

TASK [haproxy-config : Add configuration for nova-cell:nova-novncproxy when using single external frontend] ***
skipping: [anfitrion] => (item={'key': 'nova-novncproxy', 'value': {'group': 'nova-novncproxy', 'enabled': True, 'haproxy': {'nova_novncproxy': {'enabled': True, 'mode': 'http', 'external': False, 'port': '6080', 'listen_port': '6080', 'backend_http_extra': ['timeout tunnel 1h']}, 'nova_novncproxy_external': {'enabled': True, 'mode': 'http', 'external': True, 'external_fqdn': '192.168.0.200', 'port': '6080', 'listen_port': '6080', 'backend_http_extra': ['timeout tunnel 1h']}}}}) 
skipping: [anfitrion]

TASK [haproxy-config : Configuring firewall for nova-cell:nova-novncproxy] *****
skipping: [anfitrion] => (item={'key': 'nova_novncproxy', 'value': {'enabled': True, 'mode': 'http', 'external': False, 'port': '6080', 'listen_port': '6080', 'backend_http_extra': ['timeout tunnel 1h']}}) 
skipping: [anfitrion] => (item={'key': 'nova_novncproxy_external', 'value': {'enabled': True, 'mode': 'http', 'external': True, 'external_fqdn': '192.168.0.200', 'port': '6080', 'listen_port': '6080', 'backend_http_extra': ['timeout tunnel 1h']}}) 
skipping: [anfitrion]

TASK [proxysql-config : Copying over nova-cell ProxySQL users config] **********
ok: [anfitrion]

TASK [proxysql-config : Copying over nova-cell ProxySQL rules config] **********
ok: [anfitrion]

TASK [nova-cell : Configure loadbalancer for nova-spicehtml5proxy] *************
included: /opt/kolla-ansible/share/kolla-ansible/ansible/roles/nova-cell/tasks/cell_proxy_loadbalancer.yml for anfitrion => (item=nova-spicehtml5proxy)

TASK [haproxy-config : Copying over nova-cell:nova-spicehtml5proxy haproxy config] ***
skipping: [anfitrion] => (item={'key': 'nova-spicehtml5proxy', 'value': {'group': 'nova-spicehtml5proxy', 'enabled': False, 'haproxy': {'nova_spicehtml5proxy': {'enabled': False, 'mode': 'http', 'external': False, 'port': '6082', 'listen_port': '6082', 'backend_http_extra': ['timeout tunnel 1h']}, 'nova_spicehtml5proxy_external': {'enabled': False, 'mode': 'http', 'external': True, 'external_fqdn': '192.168.0.200', 'port': '6082', 'listen_port': '6082', 'backend_http_extra': ['timeout tunnel 1h']}}}}) 
skipping: [anfitrion]

TASK [haproxy-config : Add configuration for nova-cell:nova-spicehtml5proxy when using single external frontend] ***
skipping: [anfitrion] => (item={'key': 'nova-spicehtml5proxy', 'value': {'group': 'nova-spicehtml5proxy', 'enabled': False, 'haproxy': {'nova_spicehtml5proxy': {'enabled': False, 'mode': 'http', 'external': False, 'port': '6082', 'listen_port': '6082', 'backend_http_extra': ['timeout tunnel 1h']}, 'nova_spicehtml5proxy_external': {'enabled': False, 'mode': 'http', 'external': True, 'external_fqdn': '192.168.0.200', 'port': '6082', 'listen_port': '6082', 'backend_http_extra': ['timeout tunnel 1h']}}}}) 
skipping: [anfitrion]

TASK [haproxy-config : Configuring firewall for nova-cell:nova-spicehtml5proxy] ***
skipping: [anfitrion]

TASK [proxysql-config : Copying over nova-cell ProxySQL users config] **********
ok: [anfitrion]

TASK [proxysql-config : Copying over nova-cell ProxySQL rules config] **********
ok: [anfitrion]

TASK [nova-cell : Configure loadbalancer for nova-serialproxy] *****************
included: /opt/kolla-ansible/share/kolla-ansible/ansible/roles/nova-cell/tasks/cell_proxy_loadbalancer.yml for anfitrion => (item=nova-serialproxy)

TASK [haproxy-config : Copying over nova-cell:nova-serialproxy haproxy config] ***
skipping: [anfitrion] => (item={'key': 'nova-serialproxy', 'value': {'group': 'nova-serialproxy', 'enabled': False, 'haproxy': {'nova_serialconsole_proxy': {'enabled': False, 'mode': 'http', 'external': False, 'port': '6083', 'listen_port': '6083', 'backend_http_extra': ['timeout tunnel 10m']}, 'nova_serialconsole_proxy_external': {'enabled': False, 'mode': 'http', 'external': True, 'external_fqdn': '192.168.0.200', 'port': '6083', 'listen_port': '6083', 'backend_http_extra': ['timeout tunnel 10m']}}}}) 
skipping: [anfitrion]

TASK [haproxy-config : Add configuration for nova-cell:nova-serialproxy when using single external frontend] ***
skipping: [anfitrion] => (item={'key': 'nova-serialproxy', 'value': {'group': 'nova-serialproxy', 'enabled': False, 'haproxy': {'nova_serialconsole_proxy': {'enabled': False, 'mode': 'http', 'external': False, 'port': '6083', 'listen_port': '6083', 'backend_http_extra': ['timeout tunnel 10m']}, 'nova_serialconsole_proxy_external': {'enabled': False, 'mode': 'http', 'external': True, 'external_fqdn': '192.168.0.200', 'port': '6083', 'listen_port': '6083', 'backend_http_extra': ['timeout tunnel 10m']}}}}) 
skipping: [anfitrion]

TASK [haproxy-config : Configuring firewall for nova-cell:nova-serialproxy] ****
skipping: [anfitrion]

TASK [proxysql-config : Copying over nova-cell ProxySQL users config] **********
ok: [anfitrion]

TASK [proxysql-config : Copying over nova-cell ProxySQL rules config] **********
ok: [anfitrion]

TASK [include_role : octavia] **************************************************
skipping: [anfitrion]

TASK [include_role : opensearch] ***********************************************
skipping: [anfitrion]

TASK [include_role : prometheus] ***********************************************
skipping: [anfitrion]

TASK [include_role : rabbitmq] *************************************************
included: rabbitmq for anfitrion

TASK [haproxy-config : Copying over rabbitmq haproxy config] *******************
ok: [anfitrion] => (item={'key': 'rabbitmq', 'value': {'container_name': 'rabbitmq', 'group': None, 'enabled': True, 'image': 'quay.io/openstack.kolla/rabbitmq:2025.2-ubuntu-noble', 'bootstrap_environment': {'KOLLA_BOOTSTRAP': None, 'KOLLA_CONFIG_STRATEGY': 'COPY_ALWAYS', 'RABBITMQ_CLUSTER_COOKIE': None, 'RABBITMQ_LOG_DIR': '/var/log/kolla/rabbitmq'}, 'environment': {'KOLLA_CONFIG_STRATEGY': 'COPY_ALWAYS', 'RABBITMQ_CLUSTER_COOKIE': None, 'RABBITMQ_LOG_DIR': '/var/log/kolla/rabbitmq'}, 'volumes': ['/etc/kolla/rabbitmq/:/var/lib/kolla/config_files/:ro', '/etc/localtime:/etc/localtime:ro', '/etc/timezone:/etc/timezone:ro', 'rabbitmq:/var/lib/rabbitmq/', 'kolla_logs:/var/log/kolla/'], 'dimensions': {'ulimits': {'nofile': {'soft': 1048576, 'hard': 1048576}}}, 'healthcheck': {'interval': '30', 'retries': '3', 'start_period': '5', 'test': ['CMD-SHELL', 'healthcheck_rabbitmq'], 'timeout': '30'}, 'haproxy': {'rabbitmq_management': {'enabled': 'yes', 'mode': 'http', 'port': '15672', 'host_group': 'rabbitmq'}}}})

TASK [haproxy-config : Add configuration for rabbitmq when using single external frontend] ***
skipping: [anfitrion] => (item={'key': 'rabbitmq', 'value': {'container_name': 'rabbitmq', 'group': None, 'enabled': True, 'image': 'quay.io/openstack.kolla/rabbitmq:2025.2-ubuntu-noble', 'bootstrap_environment': {'KOLLA_BOOTSTRAP': None, 'KOLLA_CONFIG_STRATEGY': 'COPY_ALWAYS', 'RABBITMQ_CLUSTER_COOKIE': None, 'RABBITMQ_LOG_DIR': '/var/log/kolla/rabbitmq'}, 'environment': {'KOLLA_CONFIG_STRATEGY': 'COPY_ALWAYS', 'RABBITMQ_CLUSTER_COOKIE': None, 'RABBITMQ_LOG_DIR': '/var/log/kolla/rabbitmq'}, 'volumes': ['/etc/kolla/rabbitmq/:/var/lib/kolla/config_files/:ro', '/etc/localtime:/etc/localtime:ro', '/etc/timezone:/etc/timezone:ro', 'rabbitmq:/var/lib/rabbitmq/', 'kolla_logs:/var/log/kolla/'], 'dimensions': {'ulimits': {'nofile': {'soft': 1048576, 'hard': 1048576}}}, 'healthcheck': {'interval': '30', 'retries': '3', 'start_period': '5', 'test': ['CMD-SHELL', 'healthcheck_rabbitmq'], 'timeout': '30'}, 'haproxy': {'rabbitmq_management': {'enabled': 'yes', 'mode': 'http', 'port': '15672', 'host_group': 'rabbitmq'}}}}) 
skipping: [anfitrion]

TASK [haproxy-config : Configuring firewall for rabbitmq] **********************
skipping: [anfitrion] => (item={'key': 'rabbitmq_management', 'value': {'enabled': 'yes', 'mode': 'http', 'port': '15672', 'host_group': 'rabbitmq'}}) 
skipping: [anfitrion]

TASK [proxysql-config : Copying over rabbitmq ProxySQL users config] ***********
skipping: [anfitrion]

TASK [proxysql-config : Copying over rabbitmq ProxySQL rules config] ***********
skipping: [anfitrion]

TASK [include_role : skyline] **************************************************
skipping: [anfitrion]

TASK [include_role : tacker] ***************************************************
skipping: [anfitrion]

TASK [include_role : trove] ****************************************************
skipping: [anfitrion]

TASK [include_role : watcher] **************************************************
skipping: [anfitrion]

TASK [include_role : zun] ******************************************************
skipping: [anfitrion]

TASK [include_role : loadbalancer] *********************************************
included: loadbalancer for anfitrion

TASK [service-check-containers : loadbalancer | Check containers] **************
ok: [anfitrion] => (item={'key': 'haproxy', 'value': {'container_name': 'haproxy', 'group': 'loadbalancer', 'enabled': True, 'image': 'quay.io/openstack.kolla/haproxy:2025.2-ubuntu-noble', 'privileged': True, 'volumes': ['/etc/kolla/haproxy/:/var/lib/kolla/config_files/:ro', '/etc/localtime:/etc/localtime:ro', '/etc/timezone:/etc/timezone:ro', 'haproxy_socket:/var/lib/kolla/haproxy/', 'letsencrypt_certificates:/etc/haproxy/certificates'], 'dimensions': {'ulimits': {'nofile': {'soft': 1048576, 'hard': 1048576}}}, 'healthcheck': {'interval': '30', 'retries': '3', 'start_period': '5', 'test': ['CMD-SHELL', 'healthcheck_curl http://192.168.0.10:61313'], 'timeout': '30'}}})
ok: [anfitrion] => (item={'key': 'proxysql', 'value': {'container_name': 'proxysql', 'group': 'loadbalancer', 'enabled': True, 'image': 'quay.io/openstack.kolla/proxysql:2025.2-ubuntu-noble', 'privileged': False, 'volumes': ['/etc/kolla/proxysql/:/var/lib/kolla/config_files/:ro', '/etc/localtime:/etc/localtime:ro', '/etc/timezone:/etc/timezone:ro', 'kolla_logs:/var/log/kolla/', 'proxysql:/var/lib/proxysql/', 'proxysql_socket:/var/lib/kolla/proxysql/'], 'dimensions': {'ulimits': {'nofile': {'soft': 1048576, 'hard': 1048576}}}, 'healthcheck': {'interval': '30', 'retries': '3', 'start_period': '5', 'test': ['CMD-SHELL', 'healthcheck_listen proxysql 6032'], 'timeout': '30'}}})
ok: [anfitrion] => (item={'key': 'keepalived', 'value': {'container_name': 'keepalived', 'group': 'loadbalancer', 'enabled': True, 'image': 'quay.io/openstack.kolla/keepalived:2025.2-ubuntu-noble', 'privileged': True, 'volumes': ['/etc/kolla/keepalived/:/var/lib/kolla/config_files/:ro', '/etc/localtime:/etc/localtime:ro', '/etc/timezone:/etc/timezone:ro', '/lib/modules:/lib/modules:ro', 'haproxy_socket:/var/lib/kolla/haproxy/', 'proxysql_socket:/var/lib/kolla/proxysql/'], 'dimensions': {'ulimits': {'nofile': {'soft': 1048576, 'hard': 1048576}}}}})

TASK [service-check-containers : loadbalancer | Notify handlers to restart containers] ***
ok: [anfitrion] => {
    "msg": "Notifying handlers"
}

TASK [service-check-containers : Include tasks] ********************************
[WARNING]: Could not match supplied host pattern, ignoring:
enable_opensearch_True
[WARNING]: Could not match supplied host pattern, ignoring:
enable_letsencrypt_True
[WARNING]: Could not match supplied host pattern, ignoring:
enable_collectd_True
[WARNING]: Could not match supplied host pattern, ignoring:
enable_influxdb_True
[WARNING]: Could not match supplied host pattern, ignoring:
enable_telegraf_True
[WARNING]: Could not match supplied host pattern, ignoring: enable_valkey_True
skipping: [anfitrion] => (item={'key': 'haproxy', 'value': {'container_name': 'haproxy', 'group': 'loadbalancer', 'enabled': True, 'image': 'quay.io/openstack.kolla/haproxy:2025.2-ubuntu-noble', 'privileged': True, 'volumes': ['/etc/kolla/haproxy/:/var/lib/kolla/config_files/:ro', '/etc/localtime:/etc/localtime:ro', '/etc/timezone:/etc/timezone:ro', 'haproxy_socket:/var/lib/kolla/haproxy/', 'letsencrypt_certificates:/etc/haproxy/certificates'], 'dimensions': {'ulimits': {'nofile': {'soft': 1048576, 'hard': 1048576}}}, 'healthcheck': {'interval': '30', 'retries': '3', 'start_period': '5', 'test': ['CMD-SHELL', 'healthcheck_curl http://192.168.0.10:61313'], 'timeout': '30'}}}) 
skipping: [anfitrion] => (item={'key': 'proxysql', 'value': {'container_name': 'proxysql', 'group': 'loadbalancer', 'enabled': True, 'image': 'quay.io/openstack.kolla/proxysql:2025.2-ubuntu-noble', 'privileged': False, 'volumes': ['/etc/kolla/proxysql/:/var/lib/kolla/config_files/:ro', '/etc/localtime:/etc/localtime:ro', '/etc/timezone:/etc/timezone:ro', 'kolla_logs:/var/log/kolla/', 'proxysql:/var/lib/proxysql/', 'proxysql_socket:/var/lib/kolla/proxysql/'], 'dimensions': {'ulimits': {'nofile': {'soft': 1048576, 'hard': 1048576}}}, 'healthcheck': {'interval': '30', 'retries': '3', 'start_period': '5', 'test': ['CMD-SHELL', 'healthcheck_listen proxysql 6032'], 'timeout': '30'}}}) 
skipping: [anfitrion] => (item={'key': 'keepalived', 'value': {'container_name': 'keepalived', 'group': 'loadbalancer', 'enabled': True, 'image': 'quay.io/openstack.kolla/keepalived:2025.2-ubuntu-noble', 'privileged': True, 'volumes': ['/etc/kolla/keepalived/:/var/lib/kolla/config_files/:ro', '/etc/localtime:/etc/localtime:ro', '/etc/timezone:/etc/timezone:ro', '/lib/modules:/lib/modules:ro', 'haproxy_socket:/var/lib/kolla/haproxy/', 'proxysql_socket:/var/lib/kolla/proxysql/'], 'dimensions': {'ulimits': {'nofile': {'soft': 1048576, 'hard': 1048576}}}}}) 
skipping: [anfitrion]

PLAY [Apply role opensearch] ***************************************************
skipping: no hosts matched

PLAY [Apply role letsencrypt] **************************************************
skipping: no hosts matched

PLAY [Apply role collectd] *****************************************************
skipping: no hosts matched

PLAY [Apply role influxdb] *****************************************************
skipping: no hosts matched

PLAY [Apply role telegraf] *****************************************************
skipping: no hosts matched

PLAY [Apply role valkey] *******************************************************
skipping: no hosts matched

PLAY [Apply role mariadb] ******************************************************

TASK [mariadb : Group MariaDB hosts based on shards] ***************************
ok: [anfitrion] => (item=anfitrion)

TASK [mariadb : include_tasks] *************************************************
included: /opt/kolla-ansible/share/kolla-ansible/ansible/roles/mariadb/tasks/deploy.yml for anfitrion

TASK [mariadb : Ensuring config directories exist] *****************************
ok: [anfitrion] => (item={'key': 'mariadb', 'value': {'container_name': 'mariadb', 'group': 'mariadb_shard_0', 'enabled': True, 'image': 'quay.io/openstack.kolla/mariadb-server:2025.2-ubuntu-noble', 'volumes': ['/etc/kolla/mariadb/:/var/lib/kolla/config_files/:ro', '/etc/localtime:/etc/localtime:ro', '/etc/timezone:/etc/timezone:ro', 'mariadb:/var/lib/mysql', 'kolla_logs:/var/log/kolla/'], 'dimensions': {'ulimits': {'nofile': {'soft': 1048576, 'hard': 1048576}}}, 'healthcheck': {'interval': '30', 'retries': '3', 'start_period': '5', 'test': ['CMD-SHELL', '/usr/bin/healthcheck.sh --defaults-file /etc/mysql/healthcheck.cnf --connect --galera_online'], 'timeout': '30'}, 'haproxy': {'mariadb_external_lb': {'enabled': False, 'mode': 'tcp', 'port': '3306', 'listen_port': '3306', 'frontend_tcp_extra': ['option clitcpka', 'timeout client 3600s'], 'backend_tcp_extra': ['option srvtcpka', 'timeout server 3600s'], 'custom_member_list': [' server anfitrion anfitrion:3306 check port 3306 inter 2000 rise 2 fall 5', '']}}}})

TASK [mariadb : Ensuring database backup config directory exists] **************
skipping: [anfitrion]

TASK [mariadb : Copying over my.cnf for mariabackup] ***************************
skipping: [anfitrion]

TASK [mariadb : Copying over config.json files for services] *******************
ok: [anfitrion] => (item={'key': 'mariadb', 'value': {'container_name': 'mariadb', 'group': 'mariadb_shard_0', 'enabled': True, 'image': 'quay.io/openstack.kolla/mariadb-server:2025.2-ubuntu-noble', 'volumes': ['/etc/kolla/mariadb/:/var/lib/kolla/config_files/:ro', '/etc/localtime:/etc/localtime:ro', '/etc/timezone:/etc/timezone:ro', 'mariadb:/var/lib/mysql', 'kolla_logs:/var/log/kolla/'], 'dimensions': {'ulimits': {'nofile': {'soft': 1048576, 'hard': 1048576}}}, 'healthcheck': {'interval': '30', 'retries': '3', 'start_period': '5', 'test': ['CMD-SHELL', '/usr/bin/healthcheck.sh --defaults-file /etc/mysql/healthcheck.cnf --connect --galera_online'], 'timeout': '30'}, 'haproxy': {'mariadb_external_lb': {'enabled': False, 'mode': 'tcp', 'port': '3306', 'listen_port': '3306', 'frontend_tcp_extra': ['option clitcpka', 'timeout client 3600s'], 'backend_tcp_extra': ['option srvtcpka', 'timeout server 3600s'], 'custom_member_list': [' server anfitrion anfitrion:3306 check port 3306 inter 2000 rise 2 fall 5', '']}}}})

TASK [mariadb : Copying over config.json files for mariabackup] ****************
skipping: [anfitrion]

TASK [mariadb : Copying over galera.cnf] ***************************************
ok: [anfitrion]

TASK [mariadb : Copying over healthcheck.cnf] **********************************
ok: [anfitrion]

TASK [mariadb : include_tasks] *************************************************
skipping: [anfitrion]

TASK [service-check-containers : mariadb | Check containers] *******************
ok: [anfitrion] => (item={'key': 'mariadb', 'value': {'container_name': 'mariadb', 'group': 'mariadb_shard_0', 'enabled': True, 'image': 'quay.io/openstack.kolla/mariadb-server:2025.2-ubuntu-noble', 'volumes': ['/etc/kolla/mariadb/:/var/lib/kolla/config_files/:ro', '/etc/localtime:/etc/localtime:ro', '/etc/timezone:/etc/timezone:ro', 'mariadb:/var/lib/mysql', 'kolla_logs:/var/log/kolla/'], 'dimensions': {'ulimits': {'nofile': {'soft': 1048576, 'hard': 1048576}}}, 'healthcheck': {'interval': '30', 'retries': '3', 'start_period': '5', 'test': ['CMD-SHELL', '/usr/bin/healthcheck.sh --defaults-file /etc/mysql/healthcheck.cnf --connect --galera_online'], 'timeout': '30'}, 'haproxy': {'mariadb_external_lb': {'enabled': False, 'mode': 'tcp', 'port': '3306', 'listen_port': '3306', 'frontend_tcp_extra': ['option clitcpka', 'timeout client 3600s'], 'backend_tcp_extra': ['option srvtcpka', 'timeout server 3600s'], 'custom_member_list': [' server anfitrion anfitrion:3306 check port 3306 inter 2000 rise 2 fall 5', '']}}}})

TASK [service-check-containers : mariadb | Notify handlers to restart containers] ***
ok: [anfitrion] => {
    "msg": "Notifying handlers"
}

TASK [service-check-containers : Include tasks] ********************************
skipping: [anfitrion] => (item={'key': 'mariadb', 'value': {'container_name': 'mariadb', 'group': 'mariadb_shard_0', 'enabled': True, 'image': 'quay.io/openstack.kolla/mariadb-server:2025.2-ubuntu-noble', 'volumes': ['/etc/kolla/mariadb/:/var/lib/kolla/config_files/:ro', '/etc/localtime:/etc/localtime:ro', '/etc/timezone:/etc/timezone:ro', 'mariadb:/var/lib/mysql', 'kolla_logs:/var/log/kolla/'], 'dimensions': {'ulimits': {'nofile': {'soft': 1048576, 'hard': 1048576}}}, 'healthcheck': {'interval': '30', 'retries': '3', 'start_period': '5', 'test': ['CMD-SHELL', '/usr/bin/healthcheck.sh --defaults-file /etc/mysql/healthcheck.cnf --connect --galera_online'], 'timeout': '30'}, 'haproxy': {'mariadb_external_lb': {'enabled': False, 'mode': 'tcp', 'port': '3306', 'listen_port': '3306', 'frontend_tcp_extra': ['option clitcpka', 'timeout client 3600s'], 'backend_tcp_extra': ['option srvtcpka', 'timeout server 3600s'], 'custom_member_list': [' server anfitrion anfitrion:3306 check port 3306 inter 2000 rise 2 fall 5', '']}}}}) 
skipping: [anfitrion]

TASK [mariadb : Checking for mariadb cluster] **********************************
skipping: [anfitrion]

TASK [mariadb : Cleaning up temp file on localhost] ****************************
skipping: [anfitrion]

TASK [mariadb : Stop MariaDB containers] ***************************************
skipping: [anfitrion]

TASK [mariadb : Run MariaDB wsrep recovery] ************************************
skipping: [anfitrion]

TASK [mariadb : Copying MariaDB log file to /tmp] ******************************
skipping: [anfitrion]

TASK [mariadb : Get MariaDB wsrep recovery seqno] ******************************
skipping: [anfitrion]

TASK [mariadb : Removing MariaDB log file from /tmp] ***************************
skipping: [anfitrion]

TASK [mariadb : Registering MariaDB seqno variable] ****************************
skipping: [anfitrion]

TASK [mariadb : Comparing seqno value on all mariadb hosts] ********************
skipping: [anfitrion] => (item=anfitrion) 
skipping: [anfitrion]

TASK [mariadb : Writing hostname of host with the largest seqno to temp file] ***
skipping: [anfitrion]

TASK [mariadb : Registering mariadb_recover_inventory_name from temp file] *****
skipping: [anfitrion]

TASK [mariadb : Store bootstrap and master hostnames into facts] ***************
skipping: [anfitrion]

TASK [mariadb : Set grastate.dat file from MariaDB container in bootstrap host] ***
skipping: [anfitrion]

TASK [mariadb : Refresh galera.cnf to set first MariaDB container as primary] ***
skipping: [anfitrion]

TASK [mariadb : Starting first MariaDB container] ******************************
skipping: [anfitrion]

TASK [mariadb : Wait for first MariaDB container] ******************************
skipping: [anfitrion]

TASK [mariadb : Wait for MariaDB to become operational] ************************
skipping: [anfitrion]

TASK [mariadb : Restart slave MariaDB container(s)] ****************************
skipping: [anfitrion] => (item={'key': 'mariadb', 'value': {'container_name': 'mariadb', 'group': 'mariadb_shard_0', 'enabled': True, 'image': 'quay.io/openstack.kolla/mariadb-server:2025.2-ubuntu-noble', 'volumes': ['/etc/kolla/mariadb/:/var/lib/kolla/config_files/:ro', '/etc/localtime:/etc/localtime:ro', '/etc/timezone:/etc/timezone:ro', 'mariadb:/var/lib/mysql', 'kolla_logs:/var/log/kolla/'], 'dimensions': {'ulimits': {'nofile': {'soft': 1048576, 'hard': 1048576}}}, 'healthcheck': {'interval': '30', 'retries': '3', 'start_period': '5', 'test': ['CMD-SHELL', '/usr/bin/healthcheck.sh --defaults-file /etc/mysql/healthcheck.cnf --connect --galera_online'], 'timeout': '30'}, 'haproxy': {'mariadb_external_lb': {'enabled': False, 'mode': 'tcp', 'port': '3306', 'listen_port': '3306', 'frontend_tcp_extra': ['option clitcpka', 'timeout client 3600s'], 'backend_tcp_extra': ['option srvtcpka', 'timeout server 3600s'], 'custom_member_list': [' server anfitrion anfitrion:3306 check port 3306 inter 2000 rise 2 fall 5', '']}}}}) 
skipping: [anfitrion]

TASK [mariadb : Wait for slave MariaDB] ****************************************
skipping: [anfitrion]

TASK [mariadb : Wait for slave MariaDB to sync WSREP] **************************
skipping: [anfitrion]

TASK [mariadb : Unset pc.bootstrap for primary MariaDB galera.cnf for next restart] ***
skipping: [anfitrion]

TASK [mariadb : Restart master MariaDB container(s)] ***************************
skipping: [anfitrion] => (item={'key': 'mariadb', 'value': {'container_name': 'mariadb', 'group': 'mariadb_shard_0', 'enabled': True, 'image': 'quay.io/openstack.kolla/mariadb-server:2025.2-ubuntu-noble', 'volumes': ['/etc/kolla/mariadb/:/var/lib/kolla/config_files/:ro', '/etc/localtime:/etc/localtime:ro', '/etc/timezone:/etc/timezone:ro', 'mariadb:/var/lib/mysql', 'kolla_logs:/var/log/kolla/'], 'dimensions': {'ulimits': {'nofile': {'soft': 1048576, 'hard': 1048576}}}, 'healthcheck': {'interval': '30', 'retries': '3', 'start_period': '5', 'test': ['CMD-SHELL', '/usr/bin/healthcheck.sh --defaults-file /etc/mysql/healthcheck.cnf --connect --galera_online'], 'timeout': '30'}, 'haproxy': {'mariadb_external_lb': {'enabled': False, 'mode': 'tcp', 'port': '3306', 'listen_port': '3306', 'frontend_tcp_extra': ['option clitcpka', 'timeout client 3600s'], 'backend_tcp_extra': ['option srvtcpka', 'timeout server 3600s'], 'custom_member_list': [' server anfitrion anfitrion:3306 check port 3306 inter 2000 rise 2 fall 5', '']}}}}) 
skipping: [anfitrion]

TASK [mariadb : Wait for master mariadb] ***************************************
skipping: [anfitrion]

TASK [service-check : mariadb | Get container facts] ***************************
skipping: [anfitrion]

TASK [service-check : mariadb | Fail if containers are missing or not running] ***
skipping: [anfitrion]

TASK [service-check : mariadb | Fail if containers are unhealthy] **************
skipping: [anfitrion]

TASK [mariadb : Wait for MariaDB service to be ready through VIP] **************
skipping: [anfitrion]

TASK [mariadb : Create MariaDB volume] *****************************************
ok: [anfitrion]

TASK [mariadb : Divide hosts by their MariaDB volume availability] *************
ok: [anfitrion]

TASK [mariadb : Establish whether the cluster has already existed] *************
ok: [anfitrion]

TASK [mariadb : Check MariaDB service port liveness] ***************************
ok: [anfitrion]

TASK [mariadb : Divide hosts by their MariaDB service port liveness] ***********
ok: [anfitrion]

TASK [mariadb : Fail on existing but stopped cluster] **************************
skipping: [anfitrion]

TASK [mariadb : Check MariaDB service WSREP sync status] ***********************
ok: [anfitrion]

TASK [mariadb : Extract MariaDB service WSREP sync status] *********************
ok: [anfitrion]

TASK [mariadb : Divide hosts by their MariaDB service WSREP sync status] *******
ok: [anfitrion]

TASK [mariadb : Fail when MariaDB services are not synced across the whole cluster] ***
skipping: [anfitrion]

TASK [mariadb : include_tasks] *************************************************
skipping: [anfitrion]

TASK [mariadb : include_tasks] *************************************************
[WARNING]: Could not match supplied host pattern, ignoring: mariadb_restart
[WARNING]: Could not match supplied host pattern, ignoring: mariadb_start
[WARNING]: Could not match supplied host pattern, ignoring:
mariadb_bootstrap_restart
skipping: [anfitrion]

PLAY [Restart mariadb services] ************************************************
skipping: no hosts matched

PLAY [Start mariadb services] **************************************************
skipping: no hosts matched

PLAY [Restart bootstrap mariadb service] ***************************************
skipping: no hosts matched

PLAY [Apply mariadb post-configuration] ****************************************

TASK [Include mariadb post-deploy.yml] *****************************************
included: mariadb for anfitrion

TASK [mariadb : Creating shard root mysql user] ********************************
ok: [anfitrion]

TASK [mariadb : Creating mysql monitor user] ***********************************
changed: [anfitrion]

TASK [mariadb : Creating database backup user and setting permissions] *********
skipping: [anfitrion]

TASK [mariadb : Granting permissions on Mariabackup database to backup user] ***
skipping: [anfitrion]

TASK [service-check : mariadb | Get container facts] ***************************
ok: [anfitrion]

TASK [service-check : mariadb | Fail if containers are missing or not running] ***
skipping: [anfitrion]

TASK [service-check : mariadb | Fail if containers are unhealthy] **************
skipping: [anfitrion]

TASK [mariadb : Wait for MariaDB service to be ready through VIP] **************
ok: [anfitrion]

TASK [Include mariadb post-upgrade.yml] ****************************************
skipping: [anfitrion]

PLAY [Apply role memcached] ****************************************************

TASK [memcached : include_tasks] ***********************************************
included: /opt/kolla-ansible/share/kolla-ansible/ansible/roles/memcached/tasks/deploy.yml for anfitrion

TASK [memcached : Ensuring config directories exist] ***************************
ok: [anfitrion] => (item=memcached)

TASK [memcached : Copying over config.json files for services] *****************
ok: [anfitrion] => (item=memcached)

TASK [service-check-containers : memcached | Check containers] *****************
ok: [anfitrion] => (item={'key': 'memcached', 'value': {'container_name': 'memcached', 'image': 'quay.io/openstack.kolla/memcached:2025.2-ubuntu-noble', 'enabled': True, 'group': 'memcached', 'volumes': ['/etc/kolla/memcached/:/var/lib/kolla/config_files/:ro', '/etc/localtime:/etc/localtime:ro', '/etc/timezone:/etc/timezone:ro'], 'dimensions': {'ulimits': {'nofile': {'soft': 1048576, 'hard': 1048576}}}, 'healthcheck': {'interval': '30', 'retries': '3', 'start_period': '5', 'test': ['CMD-SHELL', 'healthcheck_listen memcached 11211'], 'timeout': '30'}, 'haproxy': {'memcached': {'enabled': False, 'mode': 'tcp', 'port': '11211', 'frontend_tcp_extra': ['option clitcpka', 'timeout client 3600s'], 'backend_tcp_extra': ['option srvtcpka', 'timeout server 3600s'], 'active_passive': True}}}})

TASK [service-check-containers : memcached | Notify handlers to restart containers] ***
ok: [anfitrion] => {
    "msg": "Notifying handlers"
}

TASK [service-check-containers : Include tasks] ********************************
[WARNING]: Could not match supplied host pattern, ignoring:
enable_prometheus_True
[WARNING]: Could not match supplied host pattern, ignoring: enable_iscsid_True
[WARNING]: Could not match supplied host pattern, ignoring:
enable_multipathd_True
skipping: [anfitrion] => (item={'key': 'memcached', 'value': {'container_name': 'memcached', 'image': 'quay.io/openstack.kolla/memcached:2025.2-ubuntu-noble', 'enabled': True, 'group': 'memcached', 'volumes': ['/etc/kolla/memcached/:/var/lib/kolla/config_files/:ro', '/etc/localtime:/etc/localtime:ro', '/etc/timezone:/etc/timezone:ro'], 'dimensions': {'ulimits': {'nofile': {'soft': 1048576, 'hard': 1048576}}}, 'healthcheck': {'interval': '30', 'retries': '3', 'start_period': '5', 'test': ['CMD-SHELL', 'healthcheck_listen memcached 11211'], 'timeout': '30'}, 'haproxy': {'memcached': {'enabled': False, 'mode': 'tcp', 'port': '11211', 'frontend_tcp_extra': ['option clitcpka', 'timeout client 3600s'], 'backend_tcp_extra': ['option srvtcpka', 'timeout server 3600s'], 'active_passive': True}}}}) 
skipping: [anfitrion]

PLAY [Apply role prometheus] ***************************************************
skipping: no hosts matched

PLAY [Apply role prometheus-node-exporters] ************************************
skipping: no hosts matched

PLAY [Apply role iscsi] ********************************************************
skipping: no hosts matched

PLAY [Apply role multipathd] ***************************************************
skipping: no hosts matched

PLAY [Apply role rabbitmq] *****************************************************

TASK [rabbitmq : include_tasks] ************************************************
included: /opt/kolla-ansible/share/kolla-ansible/ansible/roles/rabbitmq/tasks/deploy.yml for anfitrion

TASK [rabbitmq : Get container facts] ******************************************
ok: [anfitrion]

TASK [rabbitmq : Get current RabbitMQ version] *********************************
ok: [anfitrion]

TASK [rabbitmq : Get new RabbitMQ version] *************************************
ok: [anfitrion]

TASK [rabbitmq : Check if running RabbitMQ is at most one version behind] ******
ok: [anfitrion] => {
    "changed": false,
    "msg": "All assertions passed"
}

TASK [rabbitmq : Catch when RabbitMQ is being downgraded] **********************
ok: [anfitrion] => {
    "changed": false,
    "msg": "All assertions passed"
}

TASK [rabbitmq : include_tasks] ************************************************
included: /opt/kolla-ansible/share/kolla-ansible/ansible/roles/rabbitmq/tasks/remove-ha-all-policy.yml for anfitrion

TASK [rabbitmq : Get container facts] ******************************************
ok: [anfitrion]

TASK [rabbitmq : List RabbitMQ policies] ***************************************
ok: [anfitrion]

TASK [rabbitmq : Remove ha-all policy from RabbitMQ] ***************************
skipping: [anfitrion]

TASK [rabbitmq : Ensuring config directories exist] ****************************
ok: [anfitrion] => (item={'key': 'rabbitmq', 'value': {'container_name': 'rabbitmq', 'group': 'rabbitmq', 'enabled': True, 'image': 'quay.io/openstack.kolla/rabbitmq:2025.2-ubuntu-noble', 'bootstrap_environment': {'KOLLA_BOOTSTRAP': None, 'KOLLA_CONFIG_STRATEGY': 'COPY_ALWAYS', 'RABBITMQ_CLUSTER_COOKIE': 'EsZVOAD9P01g9pfHQzztOT6XXxe37J3vnN3GjthG', 'RABBITMQ_LOG_DIR': '/var/log/kolla/rabbitmq'}, 'environment': {'KOLLA_CONFIG_STRATEGY': 'COPY_ALWAYS', 'RABBITMQ_CLUSTER_COOKIE': 'EsZVOAD9P01g9pfHQzztOT6XXxe37J3vnN3GjthG', 'RABBITMQ_LOG_DIR': '/var/log/kolla/rabbitmq'}, 'volumes': ['/etc/kolla/rabbitmq/:/var/lib/kolla/config_files/:ro', '/etc/localtime:/etc/localtime:ro', '/etc/timezone:/etc/timezone:ro', 'rabbitmq:/var/lib/rabbitmq/', 'kolla_logs:/var/log/kolla/'], 'dimensions': {'ulimits': {'nofile': {'soft': 1048576, 'hard': 1048576}}}, 'healthcheck': {'interval': '30', 'retries': '3', 'start_period': '5', 'test': ['CMD-SHELL', 'healthcheck_rabbitmq'], 'timeout': '30'}, 'haproxy': {'rabbitmq_management': {'enabled': 'yes', 'mode': 'http', 'port': '15672', 'host_group': 'rabbitmq'}}}})

TASK [rabbitmq : Copying over config.json files for services] ******************
ok: [anfitrion] => (item={'key': 'rabbitmq', 'value': {'container_name': 'rabbitmq', 'group': 'rabbitmq', 'enabled': True, 'image': 'quay.io/openstack.kolla/rabbitmq:2025.2-ubuntu-noble', 'bootstrap_environment': {'KOLLA_BOOTSTRAP': None, 'KOLLA_CONFIG_STRATEGY': 'COPY_ALWAYS', 'RABBITMQ_CLUSTER_COOKIE': 'EsZVOAD9P01g9pfHQzztOT6XXxe37J3vnN3GjthG', 'RABBITMQ_LOG_DIR': '/var/log/kolla/rabbitmq'}, 'environment': {'KOLLA_CONFIG_STRATEGY': 'COPY_ALWAYS', 'RABBITMQ_CLUSTER_COOKIE': 'EsZVOAD9P01g9pfHQzztOT6XXxe37J3vnN3GjthG', 'RABBITMQ_LOG_DIR': '/var/log/kolla/rabbitmq'}, 'volumes': ['/etc/kolla/rabbitmq/:/var/lib/kolla/config_files/:ro', '/etc/localtime:/etc/localtime:ro', '/etc/timezone:/etc/timezone:ro', 'rabbitmq:/var/lib/rabbitmq/', 'kolla_logs:/var/log/kolla/'], 'dimensions': {'ulimits': {'nofile': {'soft': 1048576, 'hard': 1048576}}}, 'healthcheck': {'interval': '30', 'retries': '3', 'start_period': '5', 'test': ['CMD-SHELL', 'healthcheck_rabbitmq'], 'timeout': '30'}, 'haproxy': {'rabbitmq_management': {'enabled': 'yes', 'mode': 'http', 'port': '15672', 'host_group': 'rabbitmq'}}}})

TASK [rabbitmq : Copying over rabbitmq-env.conf] *******************************
ok: [anfitrion] => (item=/opt/kolla-ansible/share/kolla-ansible/ansible/roles/rabbitmq/templates/rabbitmq-env.conf.j2)

TASK [rabbitmq : Copying over rabbitmq.conf] ***********************************
ok: [anfitrion] => (item=/opt/kolla-ansible/share/kolla-ansible/ansible/roles/rabbitmq/templates/rabbitmq.conf.j2)

TASK [rabbitmq : Copying over erl_inetrc] **************************************
ok: [anfitrion] => (item=/opt/kolla-ansible/share/kolla-ansible/ansible/roles/rabbitmq/templates/erl_inetrc.j2)

TASK [rabbitmq : Copying over advanced.config] *********************************
ok: [anfitrion] => (item=/opt/kolla-ansible/share/kolla-ansible/ansible/roles/rabbitmq/templates/advanced.config.j2)

TASK [rabbitmq : Copying over definitions.json] ********************************
ok: [anfitrion] => (item=/opt/kolla-ansible/share/kolla-ansible/ansible/roles/rabbitmq/templates/definitions.json.j2)

TASK [rabbitmq : Copying over enabled_plugins] *********************************
ok: [anfitrion] => (item=/opt/kolla-ansible/share/kolla-ansible/ansible/roles/rabbitmq/templates/enabled_plugins.j2)

TASK [rabbitmq : include_tasks] ************************************************
skipping: [anfitrion]

TASK [service-check-containers : rabbitmq | Check containers] ******************
ok: [anfitrion] => (item={'key': 'rabbitmq', 'value': {'container_name': 'rabbitmq', 'group': 'rabbitmq', 'enabled': True, 'image': 'quay.io/openstack.kolla/rabbitmq:2025.2-ubuntu-noble', 'bootstrap_environment': {'KOLLA_BOOTSTRAP': None, 'KOLLA_CONFIG_STRATEGY': 'COPY_ALWAYS', 'RABBITMQ_CLUSTER_COOKIE': 'EsZVOAD9P01g9pfHQzztOT6XXxe37J3vnN3GjthG', 'RABBITMQ_LOG_DIR': '/var/log/kolla/rabbitmq'}, 'environment': {'KOLLA_CONFIG_STRATEGY': 'COPY_ALWAYS', 'RABBITMQ_CLUSTER_COOKIE': 'EsZVOAD9P01g9pfHQzztOT6XXxe37J3vnN3GjthG', 'RABBITMQ_LOG_DIR': '/var/log/kolla/rabbitmq'}, 'volumes': ['/etc/kolla/rabbitmq/:/var/lib/kolla/config_files/:ro', '/etc/localtime:/etc/localtime:ro', '/etc/timezone:/etc/timezone:ro', 'rabbitmq:/var/lib/rabbitmq/', 'kolla_logs:/var/log/kolla/'], 'dimensions': {'ulimits': {'nofile': {'soft': 1048576, 'hard': 1048576}}}, 'healthcheck': {'interval': '30', 'retries': '3', 'start_period': '5', 'test': ['CMD-SHELL', 'healthcheck_rabbitmq'], 'timeout': '30'}, 'haproxy': {'rabbitmq_management': {'enabled': 'yes', 'mode': 'http', 'port': '15672', 'host_group': 'rabbitmq'}}}})

TASK [service-check-containers : rabbitmq | Notify handlers to restart containers] ***
ok: [anfitrion] => {
    "msg": "Notifying handlers"
}

TASK [service-check-containers : Include tasks] ********************************
skipping: [anfitrion] => (item={'key': 'rabbitmq', 'value': {'container_name': 'rabbitmq', 'group': 'rabbitmq', 'enabled': True, 'image': 'quay.io/openstack.kolla/rabbitmq:2025.2-ubuntu-noble', 'bootstrap_environment': {'KOLLA_BOOTSTRAP': None, 'KOLLA_CONFIG_STRATEGY': 'COPY_ALWAYS', 'RABBITMQ_CLUSTER_COOKIE': 'EsZVOAD9P01g9pfHQzztOT6XXxe37J3vnN3GjthG', 'RABBITMQ_LOG_DIR': '/var/log/kolla/rabbitmq'}, 'environment': {'KOLLA_CONFIG_STRATEGY': 'COPY_ALWAYS', 'RABBITMQ_CLUSTER_COOKIE': 'EsZVOAD9P01g9pfHQzztOT6XXxe37J3vnN3GjthG', 'RABBITMQ_LOG_DIR': '/var/log/kolla/rabbitmq'}, 'volumes': ['/etc/kolla/rabbitmq/:/var/lib/kolla/config_files/:ro', '/etc/localtime:/etc/localtime:ro', '/etc/timezone:/etc/timezone:ro', 'rabbitmq:/var/lib/rabbitmq/', 'kolla_logs:/var/log/kolla/'], 'dimensions': {'ulimits': {'nofile': {'soft': 1048576, 'hard': 1048576}}}, 'healthcheck': {'interval': '30', 'retries': '3', 'start_period': '5', 'test': ['CMD-SHELL', 'healthcheck_rabbitmq'], 'timeout': '30'}, 'haproxy': {'rabbitmq_management': {'enabled': 'yes', 'mode': 'http', 'port': '15672', 'host_group': 'rabbitmq'}}}}) 
skipping: [anfitrion]

TASK [rabbitmq : Creating rabbitmq volume] *************************************
ok: [anfitrion]

TASK [rabbitmq : Running RabbitMQ bootstrap container] *************************
[WARNING]: Could not match supplied host pattern, ignoring: rabbitmq_restart
skipping: [anfitrion]

PLAY [Restart rabbitmq services] ***********************************************
skipping: no hosts matched

PLAY [Apply rabbitmq post-configuration] ***************************************

TASK [Include rabbitmq post-deploy.yml] ****************************************
included: rabbitmq for anfitrion

TASK [rabbitmq : Enable all stable feature flags] ******************************
[WARNING]: Could not match supplied host pattern, ignoring: enable_etcd_True
ok: [anfitrion]

PLAY [Apply role etcd] *********************************************************
skipping: no hosts matched

PLAY [Apply role keystone] *****************************************************

TASK [keystone : include_tasks] ************************************************
included: /opt/kolla-ansible/share/kolla-ansible/ansible/roles/keystone/tasks/deploy.yml for anfitrion

TASK [keystone : Ensuring config directories exist] ****************************
ok: [anfitrion] => (item={'key': 'keystone', 'value': {'container_name': 'keystone', 'group': 'keystone', 'enabled': True, 'image': 'quay.io/openstack.kolla/keystone:2025.2-ubuntu-noble', 'volumes': ['/etc/kolla/keystone/:/var/lib/kolla/config_files/:ro', '/etc/localtime:/etc/localtime:ro', '/etc/timezone:/etc/timezone:ro', '', 'kolla_logs:/var/log/kolla/', '/dev/shm:/dev/shm', 'keystone_fernet_tokens:/etc/keystone/fernet-keys'], 'dimensions': {'ulimits': {'nofile': {'soft': 1048576, 'hard': 1048576}}}, 'healthcheck': {'interval': '30', 'retries': '3', 'start_period': '5', 'test': ['CMD-SHELL', 'healthcheck_curl http://192.168.0.10:5000'], 'timeout': '30'}, 'wsgi': 'keystone.wsgi.api:application', 'haproxy': {'keystone_internal': {'enabled': True, 'mode': 'http', 'external': False, 'tls_backend': 'no', 'port': '5000', 'listen_port': '5000', 'backend_http_extra': ['balance roundrobin', 'option httpchk']}, 'keystone_external': {'enabled': True, 'mode': 'http', 'external': True, 'external_fqdn': '192.168.0.200', 'tls_backend': 'no', 'port': '5000', 'listen_port': '5000', 'backend_http_extra': ['balance roundrobin', 'option httpchk']}}}})
ok: [anfitrion] => (item={'key': 'keystone-fernet', 'value': {'container_name': 'keystone_fernet', 'group': 'keystone', 'enabled': True, 'image': 'quay.io/openstack.kolla/keystone-fernet:2025.2-ubuntu-noble', 'volumes': ['/etc/kolla/keystone-fernet/:/var/lib/kolla/config_files/:ro', '/etc/localtime:/etc/localtime:ro', '/etc/timezone:/etc/timezone:ro', 'kolla_logs:/var/log/kolla/', 'keystone_fernet_tokens:/etc/keystone/fernet-keys'], 'dimensions': {'ulimits': {'nofile': {'soft': 1048576, 'hard': 1048576}}}, 'healthcheck': {'interval': '30', 'retries': '3', 'start_period': '5', 'test': ['CMD-SHELL', '/usr/bin/fernet-healthcheck.sh'], 'timeout': '30'}}})
ok: [anfitrion] => (item={'key': 'keystone-ssh', 'value': {'container_name': 'keystone_ssh', 'group': 'keystone', 'enabled': True, 'image': 'quay.io/openstack.kolla/keystone-ssh:2025.2-ubuntu-noble', 'volumes': ['/etc/kolla/keystone-ssh/:/var/lib/kolla/config_files/:ro', '/etc/localtime:/etc/localtime:ro', '/etc/timezone:/etc/timezone:ro', 'kolla_logs:/var/log/kolla/', 'keystone_fernet_tokens:/etc/keystone/fernet-keys'], 'dimensions': {'ulimits': {'nofile': {'soft': 1048576, 'hard': 1048576}}}, 'healthcheck': {'interval': '30', 'retries': '3', 'start_period': '5', 'test': ['CMD-SHELL', 'healthcheck_listen sshd 8023'], 'timeout': '30'}}})

TASK [keystone : Check if policies shall be overwritten] ***********************
skipping: [anfitrion]

TASK [keystone : Set keystone policy file] *************************************
skipping: [anfitrion]

TASK [keystone : Check if Keystone domain-specific config is supplied] *********
ok: [anfitrion -> localhost]

TASK [keystone : include_tasks] ************************************************
skipping: [anfitrion]

TASK [keystone : Copying over config.json files for services] ******************
ok: [anfitrion] => (item={'key': 'keystone', 'value': {'container_name': 'keystone', 'group': 'keystone', 'enabled': True, 'image': 'quay.io/openstack.kolla/keystone:2025.2-ubuntu-noble', 'volumes': ['/etc/kolla/keystone/:/var/lib/kolla/config_files/:ro', '/etc/localtime:/etc/localtime:ro', '/etc/timezone:/etc/timezone:ro', '', 'kolla_logs:/var/log/kolla/', '/dev/shm:/dev/shm', 'keystone_fernet_tokens:/etc/keystone/fernet-keys'], 'dimensions': {'ulimits': {'nofile': {'soft': 1048576, 'hard': 1048576}}}, 'healthcheck': {'interval': '30', 'retries': '3', 'start_period': '5', 'test': ['CMD-SHELL', 'healthcheck_curl http://192.168.0.10:5000'], 'timeout': '30'}, 'wsgi': 'keystone.wsgi.api:application', 'haproxy': {'keystone_internal': {'enabled': True, 'mode': 'http', 'external': False, 'tls_backend': 'no', 'port': '5000', 'listen_port': '5000', 'backend_http_extra': ['balance roundrobin', 'option httpchk']}, 'keystone_external': {'enabled': True, 'mode': 'http', 'external': True, 'external_fqdn': '192.168.0.200', 'tls_backend': 'no', 'port': '5000', 'listen_port': '5000', 'backend_http_extra': ['balance roundrobin', 'option httpchk']}}}})
ok: [anfitrion] => (item={'key': 'keystone-fernet', 'value': {'container_name': 'keystone_fernet', 'group': 'keystone', 'enabled': True, 'image': 'quay.io/openstack.kolla/keystone-fernet:2025.2-ubuntu-noble', 'volumes': ['/etc/kolla/keystone-fernet/:/var/lib/kolla/config_files/:ro', '/etc/localtime:/etc/localtime:ro', '/etc/timezone:/etc/timezone:ro', 'kolla_logs:/var/log/kolla/', 'keystone_fernet_tokens:/etc/keystone/fernet-keys'], 'dimensions': {'ulimits': {'nofile': {'soft': 1048576, 'hard': 1048576}}}, 'healthcheck': {'interval': '30', 'retries': '3', 'start_period': '5', 'test': ['CMD-SHELL', '/usr/bin/fernet-healthcheck.sh'], 'timeout': '30'}}})
ok: [anfitrion] => (item={'key': 'keystone-ssh', 'value': {'container_name': 'keystone_ssh', 'group': 'keystone', 'enabled': True, 'image': 'quay.io/openstack.kolla/keystone-ssh:2025.2-ubuntu-noble', 'volumes': ['/etc/kolla/keystone-ssh/:/var/lib/kolla/config_files/:ro', '/etc/localtime:/etc/localtime:ro', '/etc/timezone:/etc/timezone:ro', 'kolla_logs:/var/log/kolla/', 'keystone_fernet_tokens:/etc/keystone/fernet-keys'], 'dimensions': {'ulimits': {'nofile': {'soft': 1048576, 'hard': 1048576}}}, 'healthcheck': {'interval': '30', 'retries': '3', 'start_period': '5', 'test': ['CMD-SHELL', 'healthcheck_listen sshd 8023'], 'timeout': '30'}}})

TASK [keystone : Copying over keystone.conf] ***********************************
ok: [anfitrion] => (item={'key': 'keystone', 'value': {'container_name': 'keystone', 'group': 'keystone', 'enabled': True, 'image': 'quay.io/openstack.kolla/keystone:2025.2-ubuntu-noble', 'volumes': ['/etc/kolla/keystone/:/var/lib/kolla/config_files/:ro', '/etc/localtime:/etc/localtime:ro', '/etc/timezone:/etc/timezone:ro', '', 'kolla_logs:/var/log/kolla/', '/dev/shm:/dev/shm', 'keystone_fernet_tokens:/etc/keystone/fernet-keys'], 'dimensions': {'ulimits': {'nofile': {'soft': 1048576, 'hard': 1048576}}}, 'healthcheck': {'interval': '30', 'retries': '3', 'start_period': '5', 'test': ['CMD-SHELL', 'healthcheck_curl http://192.168.0.10:5000'], 'timeout': '30'}, 'wsgi': 'keystone.wsgi.api:application', 'haproxy': {'keystone_internal': {'enabled': True, 'mode': 'http', 'external': False, 'tls_backend': 'no', 'port': '5000', 'listen_port': '5000', 'backend_http_extra': ['balance roundrobin', 'option httpchk']}, 'keystone_external': {'enabled': True, 'mode': 'http', 'external': True, 'external_fqdn': '192.168.0.200', 'tls_backend': 'no', 'port': '5000', 'listen_port': '5000', 'backend_http_extra': ['balance roundrobin', 'option httpchk']}}}})
ok: [anfitrion] => (item={'key': 'keystone-fernet', 'value': {'container_name': 'keystone_fernet', 'group': 'keystone', 'enabled': True, 'image': 'quay.io/openstack.kolla/keystone-fernet:2025.2-ubuntu-noble', 'volumes': ['/etc/kolla/keystone-fernet/:/var/lib/kolla/config_files/:ro', '/etc/localtime:/etc/localtime:ro', '/etc/timezone:/etc/timezone:ro', 'kolla_logs:/var/log/kolla/', 'keystone_fernet_tokens:/etc/keystone/fernet-keys'], 'dimensions': {'ulimits': {'nofile': {'soft': 1048576, 'hard': 1048576}}}, 'healthcheck': {'interval': '30', 'retries': '3', 'start_period': '5', 'test': ['CMD-SHELL', '/usr/bin/fernet-healthcheck.sh'], 'timeout': '30'}}})
skipping: [anfitrion] => (item={'key': 'keystone-ssh', 'value': {'container_name': 'keystone_ssh', 'group': 'keystone', 'enabled': True, 'image': 'quay.io/openstack.kolla/keystone-ssh:2025.2-ubuntu-noble', 'volumes': ['/etc/kolla/keystone-ssh/:/var/lib/kolla/config_files/:ro', '/etc/localtime:/etc/localtime:ro', '/etc/timezone:/etc/timezone:ro', 'kolla_logs:/var/log/kolla/', 'keystone_fernet_tokens:/etc/keystone/fernet-keys'], 'dimensions': {'ulimits': {'nofile': {'soft': 1048576, 'hard': 1048576}}}, 'healthcheck': {'interval': '30', 'retries': '3', 'start_period': '5', 'test': ['CMD-SHELL', 'healthcheck_listen sshd 8023'], 'timeout': '30'}}}) 

TASK [keystone : Copying keystone-startup script for keystone] *****************
ok: [anfitrion]

TASK [keystone : Create Keystone domain-specific config directory] *************
skipping: [anfitrion]

TASK [keystone : Get file list in custom domains folder] ***********************
skipping: [anfitrion]

TASK [keystone : Copying Keystone Domain specific settings] ********************
skipping: [anfitrion]

TASK [keystone : Copying over existing policy file] ****************************
skipping: [anfitrion] => (item={'key': 'keystone', 'value': {'container_name': 'keystone', 'group': 'keystone', 'enabled': True, 'image': 'quay.io/openstack.kolla/keystone:2025.2-ubuntu-noble', 'volumes': ['/etc/kolla/keystone/:/var/lib/kolla/config_files/:ro', '/etc/localtime:/etc/localtime:ro', '/etc/timezone:/etc/timezone:ro', '', 'kolla_logs:/var/log/kolla/', '/dev/shm:/dev/shm', 'keystone_fernet_tokens:/etc/keystone/fernet-keys'], 'dimensions': {'ulimits': {'nofile': {'soft': 1048576, 'hard': 1048576}}}, 'healthcheck': {'interval': '30', 'retries': '3', 'start_period': '5', 'test': ['CMD-SHELL', 'healthcheck_curl http://192.168.0.10:5000'], 'timeout': '30'}, 'wsgi': 'keystone.wsgi.api:application', 'haproxy': {'keystone_internal': {'enabled': True, 'mode': 'http', 'external': False, 'tls_backend': 'no', 'port': '5000', 'listen_port': '5000', 'backend_http_extra': ['balance roundrobin', 'option httpchk']}, 'keystone_external': {'enabled': True, 'mode': 'http', 'external': True, 'external_fqdn': '192.168.0.200', 'tls_backend': 'no', 'port': '5000', 'listen_port': '5000', 'backend_http_extra': ['balance roundrobin', 'option httpchk']}}}}) 
skipping: [anfitrion] => (item={'key': 'keystone-fernet', 'value': {'container_name': 'keystone_fernet', 'group': 'keystone', 'enabled': True, 'image': 'quay.io/openstack.kolla/keystone-fernet:2025.2-ubuntu-noble', 'volumes': ['/etc/kolla/keystone-fernet/:/var/lib/kolla/config_files/:ro', '/etc/localtime:/etc/localtime:ro', '/etc/timezone:/etc/timezone:ro', 'kolla_logs:/var/log/kolla/', 'keystone_fernet_tokens:/etc/keystone/fernet-keys'], 'dimensions': {'ulimits': {'nofile': {'soft': 1048576, 'hard': 1048576}}}, 'healthcheck': {'interval': '30', 'retries': '3', 'start_period': '5', 'test': ['CMD-SHELL', '/usr/bin/fernet-healthcheck.sh'], 'timeout': '30'}}}) 
skipping: [anfitrion] => (item={'key': 'keystone-ssh', 'value': {'container_name': 'keystone_ssh', 'group': 'keystone', 'enabled': True, 'image': 'quay.io/openstack.kolla/keystone-ssh:2025.2-ubuntu-noble', 'volumes': ['/etc/kolla/keystone-ssh/:/var/lib/kolla/config_files/:ro', '/etc/localtime:/etc/localtime:ro', '/etc/timezone:/etc/timezone:ro', 'kolla_logs:/var/log/kolla/', 'keystone_fernet_tokens:/etc/keystone/fernet-keys'], 'dimensions': {'ulimits': {'nofile': {'soft': 1048576, 'hard': 1048576}}}, 'healthcheck': {'interval': '30', 'retries': '3', 'start_period': '5', 'test': ['CMD-SHELL', 'healthcheck_listen sshd 8023'], 'timeout': '30'}}}) 
skipping: [anfitrion]

TASK [keystone : include_tasks] ************************************************
skipping: [anfitrion]

TASK [keystone : Copying over wsgi-keystone.conf] ******************************
skipping: [anfitrion] => (item=/opt/kolla-ansible/share/kolla-ansible/ansible/roles/keystone/templates/wsgi-keystone.conf.j2) 
skipping: [anfitrion]

TASK [Configure uWSGI for Keystone] ********************************************
included: service-uwsgi-config for anfitrion

TASK [service-uwsgi-config : Copying over keystone uWSGI config] ***************
ok: [anfitrion]

TASK [keystone : Copying over httpd-keystone.conf] *****************************
skipping: [anfitrion] => (item=/opt/kolla-ansible/share/kolla-ansible/ansible/roles/keystone/templates/httpd-keystone.conf.j2) 
skipping: [anfitrion]

TASK [keystone : Checking whether keystone-paste.ini file exists] **************
ok: [anfitrion -> localhost]

TASK [keystone : Copying over keystone-paste.ini] ******************************
skipping: [anfitrion]

TASK [keystone : Generate the required cron jobs for the node] *****************
ok: [anfitrion -> localhost]

TASK [keystone : Set fact with the generated cron jobs for building the crontab later] ***
ok: [anfitrion]

TASK [keystone : Copying files for keystone-fernet] ****************************
ok: [anfitrion] => (item={'src': 'crontab.j2', 'dest': 'crontab'})
ok: [anfitrion] => (item={'src': 'fernet-rotate.sh.j2', 'dest': 'fernet-rotate.sh'})
ok: [anfitrion] => (item={'src': 'fernet-node-sync.sh.j2', 'dest': 'fernet-node-sync.sh'})
ok: [anfitrion] => (item={'src': 'fernet-push.sh.j2', 'dest': 'fernet-push.sh'})
ok: [anfitrion] => (item={'src': 'fernet-healthcheck.sh.j2', 'dest': 'fernet-healthcheck.sh'})
ok: [anfitrion] => (item={'src': 'id_rsa', 'dest': 'id_rsa'})
ok: [anfitrion] => (item={'src': 'ssh_config.j2', 'dest': 'ssh_config'})

TASK [keystone : Copying files for keystone-ssh] *******************************
ok: [anfitrion] => (item={'src': 'sshd_config.j2', 'dest': 'sshd_config'})
ok: [anfitrion] => (item={'src': 'id_rsa.pub', 'dest': 'id_rsa.pub'})

TASK [service-check-containers : keystone | Check containers] ******************
ok: [anfitrion] => (item={'key': 'keystone', 'value': {'container_name': 'keystone', 'group': 'keystone', 'enabled': True, 'image': 'quay.io/openstack.kolla/keystone:2025.2-ubuntu-noble', 'volumes': ['/etc/kolla/keystone/:/var/lib/kolla/config_files/:ro', '/etc/localtime:/etc/localtime:ro', '/etc/timezone:/etc/timezone:ro', '', 'kolla_logs:/var/log/kolla/', '/dev/shm:/dev/shm', 'keystone_fernet_tokens:/etc/keystone/fernet-keys'], 'dimensions': {'ulimits': {'nofile': {'soft': 1048576, 'hard': 1048576}}}, 'healthcheck': {'interval': '30', 'retries': '3', 'start_period': '5', 'test': ['CMD-SHELL', 'healthcheck_curl http://192.168.0.10:5000'], 'timeout': '30'}, 'wsgi': 'keystone.wsgi.api:application', 'haproxy': {'keystone_internal': {'enabled': True, 'mode': 'http', 'external': False, 'tls_backend': 'no', 'port': '5000', 'listen_port': '5000', 'backend_http_extra': ['balance roundrobin', 'option httpchk']}, 'keystone_external': {'enabled': True, 'mode': 'http', 'external': True, 'external_fqdn': '192.168.0.200', 'tls_backend': 'no', 'port': '5000', 'listen_port': '5000', 'backend_http_extra': ['balance roundrobin', 'option httpchk']}}}})
ok: [anfitrion] => (item={'key': 'keystone-fernet', 'value': {'container_name': 'keystone_fernet', 'group': 'keystone', 'enabled': True, 'image': 'quay.io/openstack.kolla/keystone-fernet:2025.2-ubuntu-noble', 'volumes': ['/etc/kolla/keystone-fernet/:/var/lib/kolla/config_files/:ro', '/etc/localtime:/etc/localtime:ro', '/etc/timezone:/etc/timezone:ro', 'kolla_logs:/var/log/kolla/', 'keystone_fernet_tokens:/etc/keystone/fernet-keys'], 'dimensions': {'ulimits': {'nofile': {'soft': 1048576, 'hard': 1048576}}}, 'healthcheck': {'interval': '30', 'retries': '3', 'start_period': '5', 'test': ['CMD-SHELL', '/usr/bin/fernet-healthcheck.sh'], 'timeout': '30'}}})
ok: [anfitrion] => (item={'key': 'keystone-ssh', 'value': {'container_name': 'keystone_ssh', 'group': 'keystone', 'enabled': True, 'image': 'quay.io/openstack.kolla/keystone-ssh:2025.2-ubuntu-noble', 'volumes': ['/etc/kolla/keystone-ssh/:/var/lib/kolla/config_files/:ro', '/etc/localtime:/etc/localtime:ro', '/etc/timezone:/etc/timezone:ro', 'kolla_logs:/var/log/kolla/', 'keystone_fernet_tokens:/etc/keystone/fernet-keys'], 'dimensions': {'ulimits': {'nofile': {'soft': 1048576, 'hard': 1048576}}}, 'healthcheck': {'interval': '30', 'retries': '3', 'start_period': '5', 'test': ['CMD-SHELL', 'healthcheck_listen sshd 8023'], 'timeout': '30'}}})

TASK [service-check-containers : keystone | Notify handlers to restart containers] ***
ok: [anfitrion] => {
    "msg": "Notifying handlers"
}

TASK [service-check-containers : Include tasks] ********************************
skipping: [anfitrion] => (item={'key': 'keystone', 'value': {'container_name': 'keystone', 'group': 'keystone', 'enabled': True, 'image': 'quay.io/openstack.kolla/keystone:2025.2-ubuntu-noble', 'volumes': ['/etc/kolla/keystone/:/var/lib/kolla/config_files/:ro', '/etc/localtime:/etc/localtime:ro', '/etc/timezone:/etc/timezone:ro', '', 'kolla_logs:/var/log/kolla/', '/dev/shm:/dev/shm', 'keystone_fernet_tokens:/etc/keystone/fernet-keys'], 'dimensions': {'ulimits': {'nofile': {'soft': 1048576, 'hard': 1048576}}}, 'healthcheck': {'interval': '30', 'retries': '3', 'start_period': '5', 'test': ['CMD-SHELL', 'healthcheck_curl http://192.168.0.10:5000'], 'timeout': '30'}, 'wsgi': 'keystone.wsgi.api:application', 'haproxy': {'keystone_internal': {'enabled': True, 'mode': 'http', 'external': False, 'tls_backend': 'no', 'port': '5000', 'listen_port': '5000', 'backend_http_extra': ['balance roundrobin', 'option httpchk']}, 'keystone_external': {'enabled': True, 'mode': 'http', 'external': True, 'external_fqdn': '192.168.0.200', 'tls_backend': 'no', 'port': '5000', 'listen_port': '5000', 'backend_http_extra': ['balance roundrobin', 'option httpchk']}}}}) 
skipping: [anfitrion] => (item={'key': 'keystone-fernet', 'value': {'container_name': 'keystone_fernet', 'group': 'keystone', 'enabled': True, 'image': 'quay.io/openstack.kolla/keystone-fernet:2025.2-ubuntu-noble', 'volumes': ['/etc/kolla/keystone-fernet/:/var/lib/kolla/config_files/:ro', '/etc/localtime:/etc/localtime:ro', '/etc/timezone:/etc/timezone:ro', 'kolla_logs:/var/log/kolla/', 'keystone_fernet_tokens:/etc/keystone/fernet-keys'], 'dimensions': {'ulimits': {'nofile': {'soft': 1048576, 'hard': 1048576}}}, 'healthcheck': {'interval': '30', 'retries': '3', 'start_period': '5', 'test': ['CMD-SHELL', '/usr/bin/fernet-healthcheck.sh'], 'timeout': '30'}}}) 
skipping: [anfitrion] => (item={'key': 'keystone-ssh', 'value': {'container_name': 'keystone_ssh', 'group': 'keystone', 'enabled': True, 'image': 'quay.io/openstack.kolla/keystone-ssh:2025.2-ubuntu-noble', 'volumes': ['/etc/kolla/keystone-ssh/:/var/lib/kolla/config_files/:ro', '/etc/localtime:/etc/localtime:ro', '/etc/timezone:/etc/timezone:ro', 'kolla_logs:/var/log/kolla/', 'keystone_fernet_tokens:/etc/keystone/fernet-keys'], 'dimensions': {'ulimits': {'nofile': {'soft': 1048576, 'hard': 1048576}}}, 'healthcheck': {'interval': '30', 'retries': '3', 'start_period': '5', 'test': ['CMD-SHELL', 'healthcheck_listen sshd 8023'], 'timeout': '30'}}}) 
skipping: [anfitrion]

TASK [keystone : include_tasks] ************************************************
skipping: [anfitrion]

TASK [keystone : Creating keystone database] ***********************************
ok: [anfitrion]

TASK [keystone : Creating Keystone database user and setting permissions] ******
ok: [anfitrion]

TASK [keystone : Checking for any running keystone_fernet containers] **********
ok: [anfitrion]

TASK [keystone : Group nodes where keystone_fernet is running] *****************
ok: [anfitrion]

TASK [keystone : Fail if any hosts need bootstrapping and not all hosts targeted] ***
skipping: [anfitrion]

TASK [keystone : Running Keystone bootstrap container] *************************
changed: [anfitrion]

TASK [keystone : Running Keystone fernet bootstrap container] ******************
skipping: [anfitrion]

TASK [keystone : Flush handlers] ***********************************************

TASK [keystone : include_tasks] ************************************************
included: /opt/kolla-ansible/share/kolla-ansible/ansible/roles/keystone/tasks/distribute_fernet.yml for anfitrion

TASK [keystone : Waiting for Keystone SSH port to be UP] ***********************
ok: [anfitrion]

TASK [keystone : Run fernet key distribution] **********************************
changed: [anfitrion]

TASK [keystone : Creating admin project, user, role, service, and endpoint] ****
changed: [anfitrion] => (item=RegionOne)

TASK [service-ks-register : keystone | Creating/deleting services] *************
ok: [anfitrion] => (item=keystone (identity))

TASK [service-ks-register : keystone | Creating/deleting endpoints] ************
ok: [anfitrion] => (item=keystone -> http://192.168.0.200:5000 -> internal)
ok: [anfitrion] => (item=keystone -> http://192.168.0.200:5000 -> public)

TASK [service-ks-register : keystone | Creating projects] **********************
skipping: [anfitrion]

TASK [service-ks-register : keystone | Creating/deleting users] ****************
skipping: [anfitrion]

TASK [service-ks-register : keystone | Creating roles] *************************
skipping: [anfitrion]

TASK [service-ks-register : keystone | Granting/revoking user roles] ***********
skipping: [anfitrion]

TASK [keystone : Creating default user role] ***********************************
ok: [anfitrion]

TASK [keystone : include_tasks] ************************************************
[WARNING]: Could not match supplied host pattern, ignoring:
enable_ceph_rgw_True
skipping: [anfitrion]

PLAY [Apply role ceph-rgw] *****************************************************
skipping: no hosts matched

PLAY [Apply role glance] *******************************************************

TASK [glance : include_tasks] **************************************************
included: /opt/kolla-ansible/share/kolla-ansible/ansible/roles/glance/tasks/deploy.yml for anfitrion

TASK [service-ks-register : glance | Creating/deleting services] ***************
ok: [anfitrion] => (item=glance (image))

TASK [service-ks-register : glance | Creating/deleting endpoints] **************
ok: [anfitrion] => (item=glance -> http://192.168.0.200:9292 -> internal)
ok: [anfitrion] => (item=glance -> http://192.168.0.200:9292 -> public)

TASK [service-ks-register : glance | Creating projects] ************************
ok: [anfitrion] => (item=service)

TASK [service-ks-register : glance | Creating/deleting users] ******************
[WARNING]: Module did not set no_log for update_password
changed: [anfitrion] => (item=glance -> service)

TASK [service-ks-register : glance | Creating roles] ***************************
ok: [anfitrion] => (item=admin)

TASK [service-ks-register : glance | Granting/revoking user roles] *************
ok: [anfitrion] => (item=glance -> service -> admin)

TASK [glance : Ensuring config directories exist] ******************************
ok: [anfitrion] => (item={'key': 'glance-api', 'value': {'container_name': 'glance_api', 'group': 'glance-api', 'host_in_groups': True, 'enabled': True, 'image': 'quay.io/openstack.kolla/glance-api:2025.2-ubuntu-noble', 'environment': {'http_proxy': '', 'https_proxy': '', 'no_proxy': 'localhost,127.0.0.1,192.168.0.10,192.168.0.200'}, 'privileged': False, 'volumes': ['/etc/kolla/glance-api/:/var/lib/kolla/config_files/:ro', '/etc/localtime:/etc/localtime:ro', '/etc/timezone:/etc/timezone:ro', 'glance:/var/lib/glance/', '', 'kolla_logs:/var/log/kolla/', '/dev/shm:/dev/shm', '', ''], 'dimensions': {'ulimits': {'nofile': {'soft': 1048576, 'hard': 1048576}}}, 'healthcheck': {'interval': '30', 'retries': '3', 'start_period': '5', 'test': ['CMD-SHELL', 'healthcheck_curl http://192.168.0.10:9292'], 'timeout': '30'}, 'haproxy': {'glance_api': {'enabled': True, 'mode': 'http', 'external': False, 'port': '9292', 'frontend_http_extra': ['timeout client 6h'], 'backend_http_extra': ['timeout server 6h', 'option httpchk'], 'custom_member_list': ['server anfitrion 192.168.0.10:9292 check inter 2000 rise 2 fall 5', '']}, 'glance_api_external': {'enabled': True, 'mode': 'http', 'external': True, 'external_fqdn': '192.168.0.200', 'port': '9292', 'frontend_http_extra': ['timeout client 6h'], 'backend_http_extra': ['timeout server 6h', 'option httpchk'], 'custom_member_list': ['server anfitrion 192.168.0.10:9292 check inter 2000 rise 2 fall 5', '']}}}})

TASK [glance : include_tasks] **************************************************
skipping: [anfitrion]

TASK [glance : Check if policies shall be overwritten] *************************
skipping: [anfitrion]

TASK [glance : Set glance policy file] *****************************************
skipping: [anfitrion]

TASK [glance : include_tasks] **************************************************
skipping: [anfitrion]

TASK [glance : Creating TLS backend PEM File] **********************************
skipping: [anfitrion]

TASK [glance : Copying over config.json files for services] ********************
ok: [anfitrion] => (item={'key': 'glance-api', 'value': {'container_name': 'glance_api', 'group': 'glance-api', 'host_in_groups': True, 'enabled': True, 'image': 'quay.io/openstack.kolla/glance-api:2025.2-ubuntu-noble', 'environment': {'http_proxy': '', 'https_proxy': '', 'no_proxy': 'localhost,127.0.0.1,192.168.0.10,192.168.0.200'}, 'privileged': False, 'volumes': ['/etc/kolla/glance-api/:/var/lib/kolla/config_files/:ro', '/etc/localtime:/etc/localtime:ro', '/etc/timezone:/etc/timezone:ro', 'glance:/var/lib/glance/', '', 'kolla_logs:/var/log/kolla/', '/dev/shm:/dev/shm', '', ''], 'dimensions': {'ulimits': {'nofile': {'soft': 1048576, 'hard': 1048576}}}, 'healthcheck': {'interval': '30', 'retries': '3', 'start_period': '5', 'test': ['CMD-SHELL', 'healthcheck_curl http://192.168.0.10:9292'], 'timeout': '30'}, 'haproxy': {'glance_api': {'enabled': True, 'mode': 'http', 'external': False, 'port': '9292', 'frontend_http_extra': ['timeout client 6h'], 'backend_http_extra': ['timeout server 6h', 'option httpchk'], 'custom_member_list': ['server anfitrion 192.168.0.10:9292 check inter 2000 rise 2 fall 5', '']}, 'glance_api_external': {'enabled': True, 'mode': 'http', 'external': True, 'external_fqdn': '192.168.0.200', 'port': '9292', 'frontend_http_extra': ['timeout client 6h'], 'backend_http_extra': ['timeout server 6h', 'option httpchk'], 'custom_member_list': ['server anfitrion 192.168.0.10:9292 check inter 2000 rise 2 fall 5', '']}}}})

TASK [glance : Copying over glance-api.conf] ***********************************
ok: [anfitrion]

TASK [glance : Copying over glance-cache.conf for glance_api] ******************
skipping: [anfitrion]

TASK [glance : Copying over glance-image-import.conf] **************************
skipping: [anfitrion]

TASK [glance : Copying over property-protections-rules.conf] *******************
skipping: [anfitrion]

TASK [glance : Copying over existing policy file] ******************************
skipping: [anfitrion]

TASK [glance : Copying over glance-haproxy-tls.cfg] ****************************
skipping: [anfitrion] => (item=/opt/kolla-ansible/share/kolla-ansible/ansible/roles/glance/templates/glance-tls-proxy.cfg.j2) 
skipping: [anfitrion]

TASK [service-check-containers : glance | Check containers] ********************
ok: [anfitrion] => (item={'key': 'glance-api', 'value': {'container_name': 'glance_api', 'group': 'glance-api', 'host_in_groups': True, 'enabled': True, 'image': 'quay.io/openstack.kolla/glance-api:2025.2-ubuntu-noble', 'environment': {'http_proxy': '', 'https_proxy': '', 'no_proxy': 'localhost,127.0.0.1,192.168.0.10,192.168.0.200'}, 'privileged': False, 'volumes': ['/etc/kolla/glance-api/:/var/lib/kolla/config_files/:ro', '/etc/localtime:/etc/localtime:ro', '/etc/timezone:/etc/timezone:ro', 'glance:/var/lib/glance/', '', 'kolla_logs:/var/log/kolla/', '/dev/shm:/dev/shm', '', ''], 'dimensions': {'ulimits': {'nofile': {'soft': 1048576, 'hard': 1048576}}}, 'healthcheck': {'interval': '30', 'retries': '3', 'start_period': '5', 'test': ['CMD-SHELL', 'healthcheck_curl http://192.168.0.10:9292'], 'timeout': '30'}, 'haproxy': {'glance_api': {'enabled': True, 'mode': 'http', 'external': False, 'port': '9292', 'frontend_http_extra': ['timeout client 6h'], 'backend_http_extra': ['timeout server 6h', 'option httpchk'], 'custom_member_list': ['server anfitrion 192.168.0.10:9292 check inter 2000 rise 2 fall 5', '']}, 'glance_api_external': {'enabled': True, 'mode': 'http', 'external': True, 'external_fqdn': '192.168.0.200', 'port': '9292', 'frontend_http_extra': ['timeout client 6h'], 'backend_http_extra': ['timeout server 6h', 'option httpchk'], 'custom_member_list': ['server anfitrion 192.168.0.10:9292 check inter 2000 rise 2 fall 5', '']}}}})

TASK [service-check-containers : glance | Notify handlers to restart containers] ***
ok: [anfitrion] => {
    "msg": "Notifying handlers"
}

TASK [service-check-containers : Include tasks] ********************************
skipping: [anfitrion] => (item={'key': 'glance-api', 'value': {'container_name': 'glance_api', 'group': 'glance-api', 'host_in_groups': True, 'enabled': True, 'image': 'quay.io/openstack.kolla/glance-api:2025.2-ubuntu-noble', 'environment': {'http_proxy': '', 'https_proxy': '', 'no_proxy': 'localhost,127.0.0.1,192.168.0.10,192.168.0.200'}, 'privileged': False, 'volumes': ['/etc/kolla/glance-api/:/var/lib/kolla/config_files/:ro', '/etc/localtime:/etc/localtime:ro', '/etc/timezone:/etc/timezone:ro', 'glance:/var/lib/glance/', '', 'kolla_logs:/var/log/kolla/', '/dev/shm:/dev/shm', '', ''], 'dimensions': {'ulimits': {'nofile': {'soft': 1048576, 'hard': 1048576}}}, 'healthcheck': {'interval': '30', 'retries': '3', 'start_period': '5', 'test': ['CMD-SHELL', 'healthcheck_curl http://192.168.0.10:9292'], 'timeout': '30'}, 'haproxy': {'glance_api': {'enabled': True, 'mode': 'http', 'external': False, 'port': '9292', 'frontend_http_extra': ['timeout client 6h'], 'backend_http_extra': ['timeout server 6h', 'option httpchk'], 'custom_member_list': ['server anfitrion 192.168.0.10:9292 check inter 2000 rise 2 fall 5', '']}, 'glance_api_external': {'enabled': True, 'mode': 'http', 'external': True, 'external_fqdn': '192.168.0.200', 'port': '9292', 'frontend_http_extra': ['timeout client 6h'], 'backend_http_extra': ['timeout server 6h', 'option httpchk'], 'custom_member_list': ['server anfitrion 192.168.0.10:9292 check inter 2000 rise 2 fall 5', '']}}}}) 
skipping: [anfitrion]

TASK [glance : include_tasks] **************************************************
skipping: [anfitrion]

TASK [glance : Creating Glance database] ***************************************
ok: [anfitrion]

TASK [glance : Creating Glance database user and setting permissions] **********
ok: [anfitrion]

TASK [glance : Enable log_bin_trust_function_creators function] ****************
changed: [anfitrion]

TASK [glance : Running Glance bootstrap container] *****************************
changed: [anfitrion]

TASK [glance : Disable log_bin_trust_function_creators function] ***************
[WARNING]: Could not match supplied host pattern, ignoring: enable_ironic_True
[WARNING]: Could not match supplied host pattern, ignoring: enable_cinder_True
changed: [anfitrion]

TASK [glance : Flush handlers] *************************************************

PLAY [Apply role ironic] *******************************************************
skipping: no hosts matched

PLAY [Apply role cinder] *******************************************************
skipping: no hosts matched

PLAY [Apply role placement] ****************************************************

TASK [placement : include_tasks] ***********************************************
included: /opt/kolla-ansible/share/kolla-ansible/ansible/roles/placement/tasks/deploy.yml for anfitrion

TASK [service-ks-register : placement | Creating/deleting services] ************
ok: [anfitrion] => (item=placement (placement))

TASK [service-ks-register : placement | Creating/deleting endpoints] ***********
ok: [anfitrion] => (item=placement -> http://192.168.0.200:8780 -> internal)
ok: [anfitrion] => (item=placement -> http://192.168.0.200:8780 -> public)

TASK [service-ks-register : placement | Creating projects] *********************
ok: [anfitrion] => (item=service)

TASK [service-ks-register : placement | Creating/deleting users] ***************
changed: [anfitrion] => (item=placement -> service)

TASK [service-ks-register : placement | Creating roles] ************************
ok: [anfitrion] => (item=admin)

TASK [service-ks-register : placement | Granting/revoking user roles] **********
ok: [anfitrion] => (item=placement -> service -> admin)

TASK [placement : include_tasks] ***********************************************
skipping: [anfitrion]

TASK [placement : Ensuring config directories exist] ***************************
ok: [anfitrion] => (item={'key': 'placement-api', 'value': {'container_name': 'placement_api', 'group': 'placement-api', 'image': 'quay.io/openstack.kolla/placement-api:2025.2-ubuntu-noble', 'enabled': True, 'volumes': ['/etc/kolla/placement-api/:/var/lib/kolla/config_files/:ro', '/etc/localtime:/etc/localtime:ro', '/etc/timezone:/etc/timezone:ro', 'kolla_logs:/var/log/kolla/', ''], 'dimensions': {'ulimits': {'nofile': {'soft': 1048576, 'hard': 1048576}}}, 'healthcheck': {'interval': '30', 'retries': '3', 'start_period': '5', 'test': ['CMD-SHELL', 'healthcheck_curl http://192.168.0.10:8780'], 'timeout': '30'}, 'wsgi': 'placement.wsgi.api:application', 'haproxy': {'placement_api': {'enabled': True, 'mode': 'http', 'external': False, 'port': '8780', 'listen_port': '8780', 'tls_backend': 'no', 'backend_http_extra': ['option httpchk GET /']}, 'placement_api_external': {'enabled': True, 'mode': 'http', 'external': True, 'external_fqdn': '192.168.0.200', 'port': '8780', 'listen_port': '8780', 'tls_backend': 'no', 'backend_http_extra': ['option httpchk GET /']}}}})

TASK [placement : Check if policies shall be overwritten] **********************
skipping: [anfitrion]

TASK [placement : Set placement policy file] ***********************************
skipping: [anfitrion]

TASK [placement : include_tasks] ***********************************************
skipping: [anfitrion]

TASK [placement : Copying over config.json files for services] *****************
ok: [anfitrion] => (item={'key': 'placement-api', 'value': {'container_name': 'placement_api', 'group': 'placement-api', 'image': 'quay.io/openstack.kolla/placement-api:2025.2-ubuntu-noble', 'enabled': True, 'volumes': ['/etc/kolla/placement-api/:/var/lib/kolla/config_files/:ro', '/etc/localtime:/etc/localtime:ro', '/etc/timezone:/etc/timezone:ro', 'kolla_logs:/var/log/kolla/', ''], 'dimensions': {'ulimits': {'nofile': {'soft': 1048576, 'hard': 1048576}}}, 'healthcheck': {'interval': '30', 'retries': '3', 'start_period': '5', 'test': ['CMD-SHELL', 'healthcheck_curl http://192.168.0.10:8780'], 'timeout': '30'}, 'wsgi': 'placement.wsgi.api:application', 'haproxy': {'placement_api': {'enabled': True, 'mode': 'http', 'external': False, 'port': '8780', 'listen_port': '8780', 'tls_backend': 'no', 'backend_http_extra': ['option httpchk GET /']}, 'placement_api_external': {'enabled': True, 'mode': 'http', 'external': True, 'external_fqdn': '192.168.0.200', 'port': '8780', 'listen_port': '8780', 'tls_backend': 'no', 'backend_http_extra': ['option httpchk GET /']}}}})

TASK [placement : Copying over placement.conf] *********************************
ok: [anfitrion] => (item={'key': 'placement-api', 'value': {'container_name': 'placement_api', 'group': 'placement-api', 'image': 'quay.io/openstack.kolla/placement-api:2025.2-ubuntu-noble', 'enabled': True, 'volumes': ['/etc/kolla/placement-api/:/var/lib/kolla/config_files/:ro', '/etc/localtime:/etc/localtime:ro', '/etc/timezone:/etc/timezone:ro', 'kolla_logs:/var/log/kolla/', ''], 'dimensions': {'ulimits': {'nofile': {'soft': 1048576, 'hard': 1048576}}}, 'healthcheck': {'interval': '30', 'retries': '3', 'start_period': '5', 'test': ['CMD-SHELL', 'healthcheck_curl http://192.168.0.10:8780'], 'timeout': '30'}, 'wsgi': 'placement.wsgi.api:application', 'haproxy': {'placement_api': {'enabled': True, 'mode': 'http', 'external': False, 'port': '8780', 'listen_port': '8780', 'tls_backend': 'no', 'backend_http_extra': ['option httpchk GET /']}, 'placement_api_external': {'enabled': True, 'mode': 'http', 'external': True, 'external_fqdn': '192.168.0.200', 'port': '8780', 'listen_port': '8780', 'tls_backend': 'no', 'backend_http_extra': ['option httpchk GET /']}}}})

TASK [placement : Copying over placement-api wsgi configuration] ***************
skipping: [anfitrion] => (item=/opt/kolla-ansible/share/kolla-ansible/ansible/roles/placement/templates/placement-api-wsgi.conf.j2) 
skipping: [anfitrion]

TASK [Configure uWSGI for Placement] *******************************************
included: service-uwsgi-config for anfitrion

TASK [service-uwsgi-config : Copying over placement-api uWSGI config] **********
ok: [anfitrion]

TASK [placement : Copying over migrate-db.rc.j2 configuration] *****************
ok: [anfitrion]

TASK [placement : Copying over existing policy file] ***************************
skipping: [anfitrion] => (item={'key': 'placement-api', 'value': {'container_name': 'placement_api', 'group': 'placement-api', 'image': 'quay.io/openstack.kolla/placement-api:2025.2-ubuntu-noble', 'enabled': True, 'volumes': ['/etc/kolla/placement-api/:/var/lib/kolla/config_files/:ro', '/etc/localtime:/etc/localtime:ro', '/etc/timezone:/etc/timezone:ro', 'kolla_logs:/var/log/kolla/', ''], 'dimensions': {'ulimits': {'nofile': {'soft': 1048576, 'hard': 1048576}}}, 'healthcheck': {'interval': '30', 'retries': '3', 'start_period': '5', 'test': ['CMD-SHELL', 'healthcheck_curl http://192.168.0.10:8780'], 'timeout': '30'}, 'wsgi': 'placement.wsgi.api:application', 'haproxy': {'placement_api': {'enabled': True, 'mode': 'http', 'external': False, 'port': '8780', 'listen_port': '8780', 'tls_backend': 'no', 'backend_http_extra': ['option httpchk GET /']}, 'placement_api_external': {'enabled': True, 'mode': 'http', 'external': True, 'external_fqdn': '192.168.0.200', 'port': '8780', 'listen_port': '8780', 'tls_backend': 'no', 'backend_http_extra': ['option httpchk GET /']}}}}) 
skipping: [anfitrion]

TASK [service-check-containers : placement | Check containers] *****************
ok: [anfitrion] => (item={'key': 'placement-api', 'value': {'container_name': 'placement_api', 'group': 'placement-api', 'image': 'quay.io/openstack.kolla/placement-api:2025.2-ubuntu-noble', 'enabled': True, 'volumes': ['/etc/kolla/placement-api/:/var/lib/kolla/config_files/:ro', '/etc/localtime:/etc/localtime:ro', '/etc/timezone:/etc/timezone:ro', 'kolla_logs:/var/log/kolla/', ''], 'dimensions': {'ulimits': {'nofile': {'soft': 1048576, 'hard': 1048576}}}, 'healthcheck': {'interval': '30', 'retries': '3', 'start_period': '5', 'test': ['CMD-SHELL', 'healthcheck_curl http://192.168.0.10:8780'], 'timeout': '30'}, 'wsgi': 'placement.wsgi.api:application', 'haproxy': {'placement_api': {'enabled': True, 'mode': 'http', 'external': False, 'port': '8780', 'listen_port': '8780', 'tls_backend': 'no', 'backend_http_extra': ['option httpchk GET /']}, 'placement_api_external': {'enabled': True, 'mode': 'http', 'external': True, 'external_fqdn': '192.168.0.200', 'port': '8780', 'listen_port': '8780', 'tls_backend': 'no', 'backend_http_extra': ['option httpchk GET /']}}}})

TASK [service-check-containers : placement | Notify handlers to restart containers] ***
ok: [anfitrion] => {
    "msg": "Notifying handlers"
}

TASK [service-check-containers : Include tasks] ********************************
skipping: [anfitrion] => (item={'key': 'placement-api', 'value': {'container_name': 'placement_api', 'group': 'placement-api', 'image': 'quay.io/openstack.kolla/placement-api:2025.2-ubuntu-noble', 'enabled': True, 'volumes': ['/etc/kolla/placement-api/:/var/lib/kolla/config_files/:ro', '/etc/localtime:/etc/localtime:ro', '/etc/timezone:/etc/timezone:ro', 'kolla_logs:/var/log/kolla/', ''], 'dimensions': {'ulimits': {'nofile': {'soft': 1048576, 'hard': 1048576}}}, 'healthcheck': {'interval': '30', 'retries': '3', 'start_period': '5', 'test': ['CMD-SHELL', 'healthcheck_curl http://192.168.0.10:8780'], 'timeout': '30'}, 'wsgi': 'placement.wsgi.api:application', 'haproxy': {'placement_api': {'enabled': True, 'mode': 'http', 'external': False, 'port': '8780', 'listen_port': '8780', 'tls_backend': 'no', 'backend_http_extra': ['option httpchk GET /']}, 'placement_api_external': {'enabled': True, 'mode': 'http', 'external': True, 'external_fqdn': '192.168.0.200', 'port': '8780', 'listen_port': '8780', 'tls_backend': 'no', 'backend_http_extra': ['option httpchk GET /']}}}}) 
skipping: [anfitrion]

TASK [placement : Creating placement databases] ********************************
ok: [anfitrion]

TASK [placement : Creating placement databases user and setting permissions] ***
ok: [anfitrion]

TASK [placement : Running placement bootstrap container] ***********************
changed: [anfitrion]

TASK [placement : Flush handlers] **********************************************

PLAY [Apply role openvswitch] **************************************************

TASK [openvswitch : include_tasks] *********************************************
included: /opt/kolla-ansible/share/kolla-ansible/ansible/roles/openvswitch/tasks/deploy.yml for anfitrion, asus-tuf, server

TASK [module-load : Load modules] **********************************************
ok: [anfitrion] => (item=openvswitch)
ok: [server] => (item=openvswitch)
ok: [asus-tuf] => (item=openvswitch)

TASK [module-load : Persist modules via modules-load.d] ************************
ok: [server] => (item=openvswitch)
ok: [anfitrion] => (item=openvswitch)
ok: [asus-tuf] => (item=openvswitch)

TASK [module-load : Drop module persistence] ***********************************
skipping: [anfitrion] => (item=openvswitch) 
skipping: [anfitrion]
skipping: [asus-tuf] => (item=openvswitch) 
skipping: [asus-tuf]
skipping: [server] => (item=openvswitch) 
skipping: [server]

TASK [openvswitch : Create /run/openvswitch directory on host] *****************
skipping: [anfitrion]
skipping: [asus-tuf]
skipping: [server]

TASK [openvswitch : Ensuring config directories exist] *************************
ok: [anfitrion] => (item={'key': 'openvswitch-db-server', 'value': {'container_name': 'openvswitch_db', 'image': 'quay.io/openstack.kolla/openvswitch-db-server:2025.2-ubuntu-noble', 'enabled': True, 'group': 'openvswitch', 'host_in_groups': True, 'volumes': ['/etc/kolla/openvswitch-db-server/:/var/lib/kolla/config_files/:ro', '/etc/localtime:/etc/localtime:ro', '/etc/timezone:/etc/timezone:ro', '/lib/modules:/lib/modules:ro', '/run/openvswitch:/run/openvswitch:shared', 'kolla_logs:/var/log/kolla/', 'openvswitch_db:/var/lib/openvswitch/'], 'dimensions': {'ulimits': {'nofile': {'soft': 1048576, 'hard': 1048576}}}, 'healthcheck': {'interval': '30', 'retries': '3', 'start_period': '5', 'test': ['CMD-SHELL', 'ovsdb-client list-dbs'], 'timeout': '30'}}})
ok: [server] => (item={'key': 'openvswitch-db-server', 'value': {'container_name': 'openvswitch_db', 'image': 'quay.io/openstack.kolla/openvswitch-db-server:2025.2-ubuntu-noble', 'enabled': True, 'group': 'openvswitch', 'host_in_groups': True, 'volumes': ['/etc/kolla/openvswitch-db-server/:/var/lib/kolla/config_files/:ro', '/etc/localtime:/etc/localtime:ro', '/etc/timezone:/etc/timezone:ro', '/lib/modules:/lib/modules:ro', '/run/openvswitch:/run/openvswitch:shared', 'kolla_logs:/var/log/kolla/', 'openvswitch_db:/var/lib/openvswitch/'], 'dimensions': {'ulimits': {'nofile': {'soft': 1048576, 'hard': 1048576}}}, 'healthcheck': {'interval': '30', 'retries': '3', 'start_period': '5', 'test': ['CMD-SHELL', 'ovsdb-client list-dbs'], 'timeout': '30'}}})
ok: [asus-tuf] => (item={'key': 'openvswitch-db-server', 'value': {'container_name': 'openvswitch_db', 'image': 'quay.io/openstack.kolla/openvswitch-db-server:2025.2-ubuntu-noble', 'enabled': True, 'group': 'openvswitch', 'host_in_groups': True, 'volumes': ['/etc/kolla/openvswitch-db-server/:/var/lib/kolla/config_files/:ro', '/etc/localtime:/etc/localtime:ro', '/etc/timezone:/etc/timezone:ro', '/lib/modules:/lib/modules:ro', '/run/openvswitch:/run/openvswitch:shared', 'kolla_logs:/var/log/kolla/', 'openvswitch_db:/var/lib/openvswitch/'], 'dimensions': {'ulimits': {'nofile': {'soft': 1048576, 'hard': 1048576}}}, 'healthcheck': {'interval': '30', 'retries': '3', 'start_period': '5', 'test': ['CMD-SHELL', 'ovsdb-client list-dbs'], 'timeout': '30'}}})
ok: [anfitrion] => (item={'key': 'openvswitch-vswitchd', 'value': {'container_name': 'openvswitch_vswitchd', 'image': 'quay.io/openstack.kolla/openvswitch-vswitchd:2025.2-ubuntu-noble', 'enabled': True, 'group': 'openvswitch', 'host_in_groups': True, 'privileged': True, 'volumes': ['/etc/kolla/openvswitch-vswitchd/:/var/lib/kolla/config_files/:ro', '/etc/localtime:/etc/localtime:ro', '/etc/timezone:/etc/timezone:ro', '/lib/modules:/lib/modules:ro', '/run/openvswitch:/run/openvswitch:shared', 'kolla_logs:/var/log/kolla/'], 'dimensions': {'ulimits': {'nofile': {'soft': 1048576, 'hard': 1048576}}}, 'healthcheck': {'interval': '30', 'retries': '3', 'start_period': '5', 'test': ['CMD-SHELL', 'ovs-appctl version'], 'timeout': '30'}}})
ok: [server] => (item={'key': 'openvswitch-vswitchd', 'value': {'container_name': 'openvswitch_vswitchd', 'image': 'quay.io/openstack.kolla/openvswitch-vswitchd:2025.2-ubuntu-noble', 'enabled': True, 'group': 'openvswitch', 'host_in_groups': True, 'privileged': True, 'volumes': ['/etc/kolla/openvswitch-vswitchd/:/var/lib/kolla/config_files/:ro', '/etc/localtime:/etc/localtime:ro', '/etc/timezone:/etc/timezone:ro', '/lib/modules:/lib/modules:ro', '/run/openvswitch:/run/openvswitch:shared', 'kolla_logs:/var/log/kolla/'], 'dimensions': {'ulimits': {'nofile': {'soft': 1048576, 'hard': 1048576}}}, 'healthcheck': {'interval': '30', 'retries': '3', 'start_period': '5', 'test': ['CMD-SHELL', 'ovs-appctl version'], 'timeout': '30'}}})
ok: [asus-tuf] => (item={'key': 'openvswitch-vswitchd', 'value': {'container_name': 'openvswitch_vswitchd', 'image': 'quay.io/openstack.kolla/openvswitch-vswitchd:2025.2-ubuntu-noble', 'enabled': True, 'group': 'openvswitch', 'host_in_groups': True, 'privileged': True, 'volumes': ['/etc/kolla/openvswitch-vswitchd/:/var/lib/kolla/config_files/:ro', '/etc/localtime:/etc/localtime:ro', '/etc/timezone:/etc/timezone:ro', '/lib/modules:/lib/modules:ro', '/run/openvswitch:/run/openvswitch:shared', 'kolla_logs:/var/log/kolla/'], 'dimensions': {'ulimits': {'nofile': {'soft': 1048576, 'hard': 1048576}}}, 'healthcheck': {'interval': '30', 'retries': '3', 'start_period': '5', 'test': ['CMD-SHELL', 'ovs-appctl version'], 'timeout': '30'}}})

TASK [openvswitch : Copying over config.json files for services] ***************
ok: [server] => (item={'key': 'openvswitch-db-server', 'value': {'container_name': 'openvswitch_db', 'image': 'quay.io/openstack.kolla/openvswitch-db-server:2025.2-ubuntu-noble', 'enabled': True, 'group': 'openvswitch', 'host_in_groups': True, 'volumes': ['/etc/kolla/openvswitch-db-server/:/var/lib/kolla/config_files/:ro', '/etc/localtime:/etc/localtime:ro', '/etc/timezone:/etc/timezone:ro', '/lib/modules:/lib/modules:ro', '/run/openvswitch:/run/openvswitch:shared', 'kolla_logs:/var/log/kolla/', 'openvswitch_db:/var/lib/openvswitch/'], 'dimensions': {'ulimits': {'nofile': {'soft': 1048576, 'hard': 1048576}}}, 'healthcheck': {'interval': '30', 'retries': '3', 'start_period': '5', 'test': ['CMD-SHELL', 'ovsdb-client list-dbs'], 'timeout': '30'}}})
ok: [anfitrion] => (item={'key': 'openvswitch-db-server', 'value': {'container_name': 'openvswitch_db', 'image': 'quay.io/openstack.kolla/openvswitch-db-server:2025.2-ubuntu-noble', 'enabled': True, 'group': 'openvswitch', 'host_in_groups': True, 'volumes': ['/etc/kolla/openvswitch-db-server/:/var/lib/kolla/config_files/:ro', '/etc/localtime:/etc/localtime:ro', '/etc/timezone:/etc/timezone:ro', '/lib/modules:/lib/modules:ro', '/run/openvswitch:/run/openvswitch:shared', 'kolla_logs:/var/log/kolla/', 'openvswitch_db:/var/lib/openvswitch/'], 'dimensions': {'ulimits': {'nofile': {'soft': 1048576, 'hard': 1048576}}}, 'healthcheck': {'interval': '30', 'retries': '3', 'start_period': '5', 'test': ['CMD-SHELL', 'ovsdb-client list-dbs'], 'timeout': '30'}}})
ok: [asus-tuf] => (item={'key': 'openvswitch-db-server', 'value': {'container_name': 'openvswitch_db', 'image': 'quay.io/openstack.kolla/openvswitch-db-server:2025.2-ubuntu-noble', 'enabled': True, 'group': 'openvswitch', 'host_in_groups': True, 'volumes': ['/etc/kolla/openvswitch-db-server/:/var/lib/kolla/config_files/:ro', '/etc/localtime:/etc/localtime:ro', '/etc/timezone:/etc/timezone:ro', '/lib/modules:/lib/modules:ro', '/run/openvswitch:/run/openvswitch:shared', 'kolla_logs:/var/log/kolla/', 'openvswitch_db:/var/lib/openvswitch/'], 'dimensions': {'ulimits': {'nofile': {'soft': 1048576, 'hard': 1048576}}}, 'healthcheck': {'interval': '30', 'retries': '3', 'start_period': '5', 'test': ['CMD-SHELL', 'ovsdb-client list-dbs'], 'timeout': '30'}}})
ok: [server] => (item={'key': 'openvswitch-vswitchd', 'value': {'container_name': 'openvswitch_vswitchd', 'image': 'quay.io/openstack.kolla/openvswitch-vswitchd:2025.2-ubuntu-noble', 'enabled': True, 'group': 'openvswitch', 'host_in_groups': True, 'privileged': True, 'volumes': ['/etc/kolla/openvswitch-vswitchd/:/var/lib/kolla/config_files/:ro', '/etc/localtime:/etc/localtime:ro', '/etc/timezone:/etc/timezone:ro', '/lib/modules:/lib/modules:ro', '/run/openvswitch:/run/openvswitch:shared', 'kolla_logs:/var/log/kolla/'], 'dimensions': {'ulimits': {'nofile': {'soft': 1048576, 'hard': 1048576}}}, 'healthcheck': {'interval': '30', 'retries': '3', 'start_period': '5', 'test': ['CMD-SHELL', 'ovs-appctl version'], 'timeout': '30'}}})
ok: [anfitrion] => (item={'key': 'openvswitch-vswitchd', 'value': {'container_name': 'openvswitch_vswitchd', 'image': 'quay.io/openstack.kolla/openvswitch-vswitchd:2025.2-ubuntu-noble', 'enabled': True, 'group': 'openvswitch', 'host_in_groups': True, 'privileged': True, 'volumes': ['/etc/kolla/openvswitch-vswitchd/:/var/lib/kolla/config_files/:ro', '/etc/localtime:/etc/localtime:ro', '/etc/timezone:/etc/timezone:ro', '/lib/modules:/lib/modules:ro', '/run/openvswitch:/run/openvswitch:shared', 'kolla_logs:/var/log/kolla/'], 'dimensions': {'ulimits': {'nofile': {'soft': 1048576, 'hard': 1048576}}}, 'healthcheck': {'interval': '30', 'retries': '3', 'start_period': '5', 'test': ['CMD-SHELL', 'ovs-appctl version'], 'timeout': '30'}}})
ok: [asus-tuf] => (item={'key': 'openvswitch-vswitchd', 'value': {'container_name': 'openvswitch_vswitchd', 'image': 'quay.io/openstack.kolla/openvswitch-vswitchd:2025.2-ubuntu-noble', 'enabled': True, 'group': 'openvswitch', 'host_in_groups': True, 'privileged': True, 'volumes': ['/etc/kolla/openvswitch-vswitchd/:/var/lib/kolla/config_files/:ro', '/etc/localtime:/etc/localtime:ro', '/etc/timezone:/etc/timezone:ro', '/lib/modules:/lib/modules:ro', '/run/openvswitch:/run/openvswitch:shared', 'kolla_logs:/var/log/kolla/'], 'dimensions': {'ulimits': {'nofile': {'soft': 1048576, 'hard': 1048576}}}, 'healthcheck': {'interval': '30', 'retries': '3', 'start_period': '5', 'test': ['CMD-SHELL', 'ovs-appctl version'], 'timeout': '30'}}})

TASK [openvswitch : Copying over ovs-vsctl wrapper] ****************************
skipping: [anfitrion]
skipping: [asus-tuf]
skipping: [server]

TASK [service-check-containers : openvswitch | Check containers] ***************
ok: [anfitrion] => (item={'key': 'openvswitch-db-server', 'value': {'container_name': 'openvswitch_db', 'image': 'quay.io/openstack.kolla/openvswitch-db-server:2025.2-ubuntu-noble', 'enabled': True, 'group': 'openvswitch', 'host_in_groups': True, 'volumes': ['/etc/kolla/openvswitch-db-server/:/var/lib/kolla/config_files/:ro', '/etc/localtime:/etc/localtime:ro', '/etc/timezone:/etc/timezone:ro', '/lib/modules:/lib/modules:ro', '/run/openvswitch:/run/openvswitch:shared', 'kolla_logs:/var/log/kolla/', 'openvswitch_db:/var/lib/openvswitch/'], 'dimensions': {'ulimits': {'nofile': {'soft': 1048576, 'hard': 1048576}}}, 'healthcheck': {'interval': '30', 'retries': '3', 'start_period': '5', 'test': ['CMD-SHELL', 'ovsdb-client list-dbs'], 'timeout': '30'}}})
ok: [server] => (item={'key': 'openvswitch-db-server', 'value': {'container_name': 'openvswitch_db', 'image': 'quay.io/openstack.kolla/openvswitch-db-server:2025.2-ubuntu-noble', 'enabled': True, 'group': 'openvswitch', 'host_in_groups': True, 'volumes': ['/etc/kolla/openvswitch-db-server/:/var/lib/kolla/config_files/:ro', '/etc/localtime:/etc/localtime:ro', '/etc/timezone:/etc/timezone:ro', '/lib/modules:/lib/modules:ro', '/run/openvswitch:/run/openvswitch:shared', 'kolla_logs:/var/log/kolla/', 'openvswitch_db:/var/lib/openvswitch/'], 'dimensions': {'ulimits': {'nofile': {'soft': 1048576, 'hard': 1048576}}}, 'healthcheck': {'interval': '30', 'retries': '3', 'start_period': '5', 'test': ['CMD-SHELL', 'ovsdb-client list-dbs'], 'timeout': '30'}}})
ok: [asus-tuf] => (item={'key': 'openvswitch-db-server', 'value': {'container_name': 'openvswitch_db', 'image': 'quay.io/openstack.kolla/openvswitch-db-server:2025.2-ubuntu-noble', 'enabled': True, 'group': 'openvswitch', 'host_in_groups': True, 'volumes': ['/etc/kolla/openvswitch-db-server/:/var/lib/kolla/config_files/:ro', '/etc/localtime:/etc/localtime:ro', '/etc/timezone:/etc/timezone:ro', '/lib/modules:/lib/modules:ro', '/run/openvswitch:/run/openvswitch:shared', 'kolla_logs:/var/log/kolla/', 'openvswitch_db:/var/lib/openvswitch/'], 'dimensions': {'ulimits': {'nofile': {'soft': 1048576, 'hard': 1048576}}}, 'healthcheck': {'interval': '30', 'retries': '3', 'start_period': '5', 'test': ['CMD-SHELL', 'ovsdb-client list-dbs'], 'timeout': '30'}}})
ok: [anfitrion] => (item={'key': 'openvswitch-vswitchd', 'value': {'container_name': 'openvswitch_vswitchd', 'image': 'quay.io/openstack.kolla/openvswitch-vswitchd:2025.2-ubuntu-noble', 'enabled': True, 'group': 'openvswitch', 'host_in_groups': True, 'privileged': True, 'volumes': ['/etc/kolla/openvswitch-vswitchd/:/var/lib/kolla/config_files/:ro', '/etc/localtime:/etc/localtime:ro', '/etc/timezone:/etc/timezone:ro', '/lib/modules:/lib/modules:ro', '/run/openvswitch:/run/openvswitch:shared', 'kolla_logs:/var/log/kolla/'], 'dimensions': {'ulimits': {'nofile': {'soft': 1048576, 'hard': 1048576}}}, 'healthcheck': {'interval': '30', 'retries': '3', 'start_period': '5', 'test': ['CMD-SHELL', 'ovs-appctl version'], 'timeout': '30'}}})
ok: [server] => (item={'key': 'openvswitch-vswitchd', 'value': {'container_name': 'openvswitch_vswitchd', 'image': 'quay.io/openstack.kolla/openvswitch-vswitchd:2025.2-ubuntu-noble', 'enabled': True, 'group': 'openvswitch', 'host_in_groups': True, 'privileged': True, 'volumes': ['/etc/kolla/openvswitch-vswitchd/:/var/lib/kolla/config_files/:ro', '/etc/localtime:/etc/localtime:ro', '/etc/timezone:/etc/timezone:ro', '/lib/modules:/lib/modules:ro', '/run/openvswitch:/run/openvswitch:shared', 'kolla_logs:/var/log/kolla/'], 'dimensions': {'ulimits': {'nofile': {'soft': 1048576, 'hard': 1048576}}}, 'healthcheck': {'interval': '30', 'retries': '3', 'start_period': '5', 'test': ['CMD-SHELL', 'ovs-appctl version'], 'timeout': '30'}}})
ok: [asus-tuf] => (item={'key': 'openvswitch-vswitchd', 'value': {'container_name': 'openvswitch_vswitchd', 'image': 'quay.io/openstack.kolla/openvswitch-vswitchd:2025.2-ubuntu-noble', 'enabled': True, 'group': 'openvswitch', 'host_in_groups': True, 'privileged': True, 'volumes': ['/etc/kolla/openvswitch-vswitchd/:/var/lib/kolla/config_files/:ro', '/etc/localtime:/etc/localtime:ro', '/etc/timezone:/etc/timezone:ro', '/lib/modules:/lib/modules:ro', '/run/openvswitch:/run/openvswitch:shared', 'kolla_logs:/var/log/kolla/'], 'dimensions': {'ulimits': {'nofile': {'soft': 1048576, 'hard': 1048576}}}, 'healthcheck': {'interval': '30', 'retries': '3', 'start_period': '5', 'test': ['CMD-SHELL', 'ovs-appctl version'], 'timeout': '30'}}})

TASK [service-check-containers : openvswitch | Notify handlers to restart containers] ***
ok: [anfitrion] => {
    "msg": "Notifying handlers"
}
ok: [asus-tuf] => {
    "msg": "Notifying handlers"
}
ok: [server] => {
    "msg": "Notifying handlers"
}

TASK [service-check-containers : Include tasks] ********************************
skipping: [anfitrion] => (item={'key': 'openvswitch-db-server', 'value': {'container_name': 'openvswitch_db', 'image': 'quay.io/openstack.kolla/openvswitch-db-server:2025.2-ubuntu-noble', 'enabled': True, 'group': 'openvswitch', 'host_in_groups': True, 'volumes': ['/etc/kolla/openvswitch-db-server/:/var/lib/kolla/config_files/:ro', '/etc/localtime:/etc/localtime:ro', '/etc/timezone:/etc/timezone:ro', '/lib/modules:/lib/modules:ro', '/run/openvswitch:/run/openvswitch:shared', 'kolla_logs:/var/log/kolla/', 'openvswitch_db:/var/lib/openvswitch/'], 'dimensions': {'ulimits': {'nofile': {'soft': 1048576, 'hard': 1048576}}}, 'healthcheck': {'interval': '30', 'retries': '3', 'start_period': '5', 'test': ['CMD-SHELL', 'ovsdb-client list-dbs'], 'timeout': '30'}}}) 
skipping: [anfitrion] => (item={'key': 'openvswitch-vswitchd', 'value': {'container_name': 'openvswitch_vswitchd', 'image': 'quay.io/openstack.kolla/openvswitch-vswitchd:2025.2-ubuntu-noble', 'enabled': True, 'group': 'openvswitch', 'host_in_groups': True, 'privileged': True, 'volumes': ['/etc/kolla/openvswitch-vswitchd/:/var/lib/kolla/config_files/:ro', '/etc/localtime:/etc/localtime:ro', '/etc/timezone:/etc/timezone:ro', '/lib/modules:/lib/modules:ro', '/run/openvswitch:/run/openvswitch:shared', 'kolla_logs:/var/log/kolla/'], 'dimensions': {'ulimits': {'nofile': {'soft': 1048576, 'hard': 1048576}}}, 'healthcheck': {'interval': '30', 'retries': '3', 'start_period': '5', 'test': ['CMD-SHELL', 'ovs-appctl version'], 'timeout': '30'}}}) 
skipping: [anfitrion]
skipping: [asus-tuf] => (item={'key': 'openvswitch-db-server', 'value': {'container_name': 'openvswitch_db', 'image': 'quay.io/openstack.kolla/openvswitch-db-server:2025.2-ubuntu-noble', 'enabled': True, 'group': 'openvswitch', 'host_in_groups': True, 'volumes': ['/etc/kolla/openvswitch-db-server/:/var/lib/kolla/config_files/:ro', '/etc/localtime:/etc/localtime:ro', '/etc/timezone:/etc/timezone:ro', '/lib/modules:/lib/modules:ro', '/run/openvswitch:/run/openvswitch:shared', 'kolla_logs:/var/log/kolla/', 'openvswitch_db:/var/lib/openvswitch/'], 'dimensions': {'ulimits': {'nofile': {'soft': 1048576, 'hard': 1048576}}}, 'healthcheck': {'interval': '30', 'retries': '3', 'start_period': '5', 'test': ['CMD-SHELL', 'ovsdb-client list-dbs'], 'timeout': '30'}}}) 
skipping: [asus-tuf] => (item={'key': 'openvswitch-vswitchd', 'value': {'container_name': 'openvswitch_vswitchd', 'image': 'quay.io/openstack.kolla/openvswitch-vswitchd:2025.2-ubuntu-noble', 'enabled': True, 'group': 'openvswitch', 'host_in_groups': True, 'privileged': True, 'volumes': ['/etc/kolla/openvswitch-vswitchd/:/var/lib/kolla/config_files/:ro', '/etc/localtime:/etc/localtime:ro', '/etc/timezone:/etc/timezone:ro', '/lib/modules:/lib/modules:ro', '/run/openvswitch:/run/openvswitch:shared', 'kolla_logs:/var/log/kolla/'], 'dimensions': {'ulimits': {'nofile': {'soft': 1048576, 'hard': 1048576}}}, 'healthcheck': {'interval': '30', 'retries': '3', 'start_period': '5', 'test': ['CMD-SHELL', 'ovs-appctl version'], 'timeout': '30'}}}) 
skipping: [asus-tuf]
skipping: [server] => (item={'key': 'openvswitch-db-server', 'value': {'container_name': 'openvswitch_db', 'image': 'quay.io/openstack.kolla/openvswitch-db-server:2025.2-ubuntu-noble', 'enabled': True, 'group': 'openvswitch', 'host_in_groups': True, 'volumes': ['/etc/kolla/openvswitch-db-server/:/var/lib/kolla/config_files/:ro', '/etc/localtime:/etc/localtime:ro', '/etc/timezone:/etc/timezone:ro', '/lib/modules:/lib/modules:ro', '/run/openvswitch:/run/openvswitch:shared', 'kolla_logs:/var/log/kolla/', 'openvswitch_db:/var/lib/openvswitch/'], 'dimensions': {'ulimits': {'nofile': {'soft': 1048576, 'hard': 1048576}}}, 'healthcheck': {'interval': '30', 'retries': '3', 'start_period': '5', 'test': ['CMD-SHELL', 'ovsdb-client list-dbs'], 'timeout': '30'}}}) 
skipping: [server] => (item={'key': 'openvswitch-vswitchd', 'value': {'container_name': 'openvswitch_vswitchd', 'image': 'quay.io/openstack.kolla/openvswitch-vswitchd:2025.2-ubuntu-noble', 'enabled': True, 'group': 'openvswitch', 'host_in_groups': True, 'privileged': True, 'volumes': ['/etc/kolla/openvswitch-vswitchd/:/var/lib/kolla/config_files/:ro', '/etc/localtime:/etc/localtime:ro', '/etc/timezone:/etc/timezone:ro', '/lib/modules:/lib/modules:ro', '/run/openvswitch:/run/openvswitch:shared', 'kolla_logs:/var/log/kolla/'], 'dimensions': {'ulimits': {'nofile': {'soft': 1048576, 'hard': 1048576}}}, 'healthcheck': {'interval': '30', 'retries': '3', 'start_period': '5', 'test': ['CMD-SHELL', 'ovs-appctl version'], 'timeout': '30'}}}) 
skipping: [server]

TASK [openvswitch : Flush Handlers] ********************************************

TASK [openvswitch : Flush Handlers] ********************************************

TASK [openvswitch : Flush Handlers] ********************************************

TASK [openvswitch : Set system-id, hostname and hw-offload] ********************
ok: [server] => (item={'col': 'external_ids', 'name': 'system-id', 'value': 'server'})
ok: [anfitrion] => (item={'col': 'external_ids', 'name': 'system-id', 'value': 'anfitrion'})
ok: [asus-tuf] => (item={'col': 'external_ids', 'name': 'system-id', 'value': 'asus-tuf'})
ok: [server] => (item={'col': 'external_ids', 'name': 'hostname', 'value': 'server'})
ok: [anfitrion] => (item={'col': 'external_ids', 'name': 'hostname', 'value': 'anfitrion'})
ok: [server] => (item={'col': 'other_config', 'name': 'hw-offload', 'value': True, 'state': 'absent'})
ok: [asus-tuf] => (item={'col': 'external_ids', 'name': 'hostname', 'value': 'asus-tuf'})
ok: [anfitrion] => (item={'col': 'other_config', 'name': 'hw-offload', 'value': True, 'state': 'absent'})
ok: [asus-tuf] => (item={'col': 'other_config', 'name': 'hw-offload', 'value': True, 'state': 'absent'})

TASK [openvswitch : Ensuring OVS bridge is properly setup] *********************
skipping: [asus-tuf] => (item=br-ex) 
skipping: [asus-tuf]
skipping: [server] => (item=br-ex) 
skipping: [server]
ok: [anfitrion] => (item=br-ex)

TASK [openvswitch : Ensuring OVS ports are properly setup] *********************
[WARNING]: Could not match supplied host pattern, ignoring:
enable_openvswitch_True_enable_ovs_dpdk_True
[WARNING]: Could not match supplied host pattern, ignoring: enable_ovn_True
skipping: [asus-tuf] => (item=['br-ex', 'eth1']) 
skipping: [asus-tuf]
skipping: [server] => (item=['br-ex', 'eth1']) 
skipping: [server]
ok: [anfitrion] => (item=['br-ex', 'eth1'])

PLAY [Apply role ovs-dpdk] *****************************************************
skipping: no hosts matched

PLAY [Apply role ovn-controller] ***********************************************
skipping: no hosts matched

PLAY [Apply role ovn-db] *******************************************************
skipping: no hosts matched

PLAY [Bootstrap nova API databases] ********************************************

TASK [Bootstrap deploy] ********************************************************
included: nova for anfitrion

TASK [nova : Creating Nova databases] ******************************************
changed: [anfitrion] => (item=nova_cell0)
changed: [anfitrion] => (item=nova_api)

TASK [nova : Creating Nova databases user and setting permissions] *************
changed: [anfitrion] => (item=None)
changed: [anfitrion] => (item=None)
changed: [anfitrion]

TASK [nova : Ensuring config directories exist] ********************************
changed: [anfitrion]

TASK [service-cert-copy : nova | Copying over extra CA certificates] ***********
skipping: [anfitrion] => (item={'key': 'nova-api-bootstrap', 'value': {'group': 'nova-api', 'enabled': True}}) 
skipping: [anfitrion]

TASK [service-cert-copy : nova | Copying over backend internal TLS certificate] ***
skipping: [anfitrion] => (item={'key': 'nova-api-bootstrap', 'value': {'group': 'nova-api', 'enabled': True}}) 
skipping: [anfitrion]

TASK [service-cert-copy : nova | Copying over backend internal TLS key] ********
skipping: [anfitrion] => (item={'key': 'nova-api-bootstrap', 'value': {'group': 'nova-api', 'enabled': True}}) 
skipping: [anfitrion]

TASK [nova : Copying over config.json files for nova-api-bootstrap] ************
changed: [anfitrion]

TASK [nova : Copying over nova.conf for nova-api-bootstrap] ********************
changed: [anfitrion]

TASK [nova : include_tasks] ****************************************************
skipping: [anfitrion]

TASK [nova : Running Nova API bootstrap container] *****************************
ok: [anfitrion]

TASK [nova : Create cell0 mappings] ********************************************
changed: [anfitrion]

TASK [nova-cell : Get a list of existing cells] ********************************
ok: [anfitrion]

TASK [nova-cell : Extract current cell settings from list] *********************
ok: [anfitrion]

TASK [nova : Update cell0 mappings] ********************************************
skipping: [anfitrion]

TASK [nova : include_tasks] ****************************************************
included: /opt/kolla-ansible/share/kolla-ansible/ansible/roles/nova/tasks/bootstrap_service.yml for anfitrion

TASK [nova : Running Nova API bootstrap container] *****************************
ok: [anfitrion]

TASK [Bootstrap upgrade] *******************************************************
skipping: [anfitrion]

PLAY [Bootstrap nova cell databases] *******************************************

TASK [Bootstrap deploy] ********************************************************
included: nova-cell for anfitrion

TASK [nova-cell : Creating Nova cell database] *********************************
changed: [anfitrion]

TASK [nova-cell : Creating Nova cell database user and setting permissions] ****
changed: [anfitrion]

TASK [service-rabbitmq : nova | Ensure RabbitMQ vhosts exist] ******************
skipping: [anfitrion]

TASK [service-rabbitmq : nova | Ensure RabbitMQ users exist] *******************
ok: [anfitrion] => (item=None)
ok: [anfitrion -> {{ service_rabbitmq_delegate_host }}]

TASK [service-rabbitmq : nova | Ensure RabbitMQ vhosts exist] ******************
skipping: [anfitrion]

TASK [service-rabbitmq : nova | Ensure RabbitMQ users exist] *******************
skipping: [anfitrion] => (item=None) 
skipping: [anfitrion]

TASK [nova-cell : Ensuring config directories exist] ***************************
changed: [anfitrion]

TASK [nova-cell : Copying over config.json files for nova-cell-bootstrap] ******
changed: [anfitrion]

TASK [nova-cell : Copying over nova.conf for nova-cell-bootstrap] **************
changed: [anfitrion]

TASK [service-cert-copy : nova | Copying over extra CA certificates] ***********
skipping: [anfitrion] => (item={'key': 'nova-cell-bootstrap', 'value': {'group': 'nova-conductor', 'enabled': True}}) 
skipping: [anfitrion]

TASK [service-cert-copy : nova | Copying over backend internal TLS certificate] ***
skipping: [anfitrion] => (item={'key': 'nova-cell-bootstrap', 'value': {'group': 'nova-conductor', 'enabled': True}}) 
skipping: [anfitrion]

TASK [service-cert-copy : nova | Copying over backend internal TLS key] ********
skipping: [anfitrion] => (item={'key': 'nova-cell-bootstrap', 'value': {'group': 'nova-conductor', 'enabled': True}}) 
skipping: [anfitrion]

TASK [nova-cell : Running Nova cell bootstrap container] ***********************
ok: [anfitrion]

TASK [nova-cell : Get a list of existing cells] ********************************
ok: [anfitrion]

TASK [nova-cell : Extract current cell settings from list] *********************
ok: [anfitrion]

TASK [nova-cell : Create cell] *************************************************
changed: [anfitrion]

TASK [nova-cell : Update cell] *************************************************
skipping: [anfitrion]

TASK [Bootstrap upgrade] *******************************************************
skipping: [anfitrion]

PLAY [Apply role nova] *********************************************************

TASK [nova : include_tasks] ****************************************************
included: /opt/kolla-ansible/share/kolla-ansible/ansible/roles/nova/tasks/deploy.yml for anfitrion

TASK [service-ks-register : nova | Creating/deleting services] *****************
skipping: [anfitrion] => (item=nova_legacy (compute_legacy)) 
changed: [anfitrion] => (item=nova (compute))

TASK [service-ks-register : nova | Creating/deleting endpoints] ****************
skipping: [anfitrion] => (item=nova_legacy -> http://192.168.0.200:8774/v2/%(tenant_id)s -> internal) 
skipping: [anfitrion] => (item=nova_legacy -> http://192.168.0.200:8774/v2/%(tenant_id)s -> public) 
changed: [anfitrion] => (item=nova -> http://192.168.0.200:8774/v2.1 -> internal)
changed: [anfitrion] => (item=nova -> http://192.168.0.200:8774/v2.1 -> public)

TASK [service-ks-register : nova | Creating projects] **************************
ok: [anfitrion] => (item=service)

TASK [service-ks-register : nova | Creating/deleting users] ********************
changed: [anfitrion] => (item=nova -> service)

TASK [service-ks-register : nova | Creating roles] *****************************
ok: [anfitrion] => (item=admin)

TASK [service-ks-register : nova | Granting/revoking user roles] ***************
changed: [anfitrion] => (item=nova -> service -> admin)
changed: [anfitrion] => (item=nova -> service -> service)

TASK [nova : Ensuring config directories exist] ********************************
changed: [anfitrion] => (item={'key': 'nova-api', 'value': {'container_name': 'nova_api', 'group': 'nova-api', 'image': 'quay.io/openstack.kolla/nova-api:2025.2-ubuntu-noble', 'enabled': True, 'privileged': True, 'volumes': ['/etc/kolla/nova-api/:/var/lib/kolla/config_files/:ro', '/etc/localtime:/etc/localtime:ro', '/etc/timezone:/etc/timezone:ro', '/lib/modules:/lib/modules:ro', 'kolla_logs:/var/log/kolla/', '/dev/shm:/dev/shm', ''], 'dimensions': {'ulimits': {'nofile': {'soft': 1048576, 'hard': 1048576}}}, 'healthcheck': {'interval': '30', 'retries': '3', 'start_period': '5', 'test': ['CMD-SHELL', 'healthcheck_curl http://192.168.0.10:8774 '], 'timeout': '30'}, 'wsgi': 'nova.wsgi.osapi_compute:application', 'haproxy': {'nova_api': {'enabled': True, 'mode': 'http', 'external': False, 'port': '8774', 'listen_port': '8774', 'tls_backend': 'no', 'backend_http_extra': ['option httpchk']}, 'nova_api_external': {'enabled': True, 'mode': 'http', 'external': True, 'external_fqdn': '192.168.0.200', 'port': '8774', 'listen_port': '8774', 'tls_backend': 'no', 'backend_http_extra': ['option httpchk']}}}})
changed: [anfitrion] => (item={'key': 'nova-metadata', 'value': {'container_name': 'nova_metadata', 'group': 'nova-metadata', 'image': 'quay.io/openstack.kolla/nova-api:2025.2-ubuntu-noble', 'enabled': True, 'volumes': ['/etc/kolla/nova-metadata/:/var/lib/kolla/config_files/:ro', '/etc/localtime:/etc/localtime:ro', '/etc/timezone:/etc/timezone:ro', 'kolla_logs:/var/log/kolla/', ''], 'dimensions': {'ulimits': {'nofile': {'soft': 1048576, 'hard': 1048576}}}, 'healthcheck': {'interval': '30', 'retries': '3', 'start_period': '5', 'test': ['CMD-SHELL', 'healthcheck_curl http://192.168.0.10:8775 '], 'timeout': '30'}, 'wsgi': 'nova.wsgi.metadata:application', 'haproxy': {'nova_metadata': {'enabled': True, 'mode': 'http', 'external': False, 'port': '8775', 'listen_port': '8775', 'tls_backend': 'no', 'backend_http_extra': ['option httpchk']}, 'nova_metadata_external': {'enabled': 'no', 'mode': 'http', 'external': True, 'external_fqdn': '192.168.0.200', 'port': '8775', 'listen_port': '8775', 'tls_backend': 'no', 'backend_http_extra': ['option httpchk']}}}})
changed: [anfitrion] => (item={'key': 'nova-scheduler', 'value': {'container_name': 'nova_scheduler', 'group': 'nova-scheduler', 'image': 'quay.io/openstack.kolla/nova-scheduler:2025.2-ubuntu-noble', 'enabled': True, 'volumes': ['/etc/kolla/nova-scheduler/:/var/lib/kolla/config_files/:ro', '/etc/localtime:/etc/localtime:ro', '/etc/timezone:/etc/timezone:ro', 'kolla_logs:/var/log/kolla/', '/dev/shm:/dev/shm', ''], 'dimensions': {'ulimits': {'nofile': {'soft': 1048576, 'hard': 1048576}}}, 'healthcheck': {'interval': '30', 'retries': '3', 'start_period': '5', 'test': ['CMD-SHELL', 'healthcheck_port nova-scheduler 5672'], 'timeout': '30'}}})

TASK [nova : Check if policies shall be overwritten] ***************************
skipping: [anfitrion]

TASK [nova : Set nova policy file] *********************************************
skipping: [anfitrion]

TASK [nova : Check for vendordata file] ****************************************
ok: [anfitrion -> localhost]

TASK [nova : Set vendordata file path] *****************************************
skipping: [anfitrion]

TASK [nova : include_tasks] ****************************************************
skipping: [anfitrion]

TASK [nova : Copying over config.json files for services] **********************
changed: [anfitrion] => (item={'key': 'nova-api', 'value': {'container_name': 'nova_api', 'group': 'nova-api', 'image': 'quay.io/openstack.kolla/nova-api:2025.2-ubuntu-noble', 'enabled': True, 'privileged': True, 'volumes': ['/etc/kolla/nova-api/:/var/lib/kolla/config_files/:ro', '/etc/localtime:/etc/localtime:ro', '/etc/timezone:/etc/timezone:ro', '/lib/modules:/lib/modules:ro', 'kolla_logs:/var/log/kolla/', '/dev/shm:/dev/shm', ''], 'dimensions': {'ulimits': {'nofile': {'soft': 1048576, 'hard': 1048576}}}, 'healthcheck': {'interval': '30', 'retries': '3', 'start_period': '5', 'test': ['CMD-SHELL', 'healthcheck_curl http://192.168.0.10:8774 '], 'timeout': '30'}, 'wsgi': 'nova.wsgi.osapi_compute:application', 'haproxy': {'nova_api': {'enabled': True, 'mode': 'http', 'external': False, 'port': '8774', 'listen_port': '8774', 'tls_backend': 'no', 'backend_http_extra': ['option httpchk']}, 'nova_api_external': {'enabled': True, 'mode': 'http', 'external': True, 'external_fqdn': '192.168.0.200', 'port': '8774', 'listen_port': '8774', 'tls_backend': 'no', 'backend_http_extra': ['option httpchk']}}}})
changed: [anfitrion] => (item={'key': 'nova-metadata', 'value': {'container_name': 'nova_metadata', 'group': 'nova-metadata', 'image': 'quay.io/openstack.kolla/nova-api:2025.2-ubuntu-noble', 'enabled': True, 'volumes': ['/etc/kolla/nova-metadata/:/var/lib/kolla/config_files/:ro', '/etc/localtime:/etc/localtime:ro', '/etc/timezone:/etc/timezone:ro', 'kolla_logs:/var/log/kolla/', ''], 'dimensions': {'ulimits': {'nofile': {'soft': 1048576, 'hard': 1048576}}}, 'healthcheck': {'interval': '30', 'retries': '3', 'start_period': '5', 'test': ['CMD-SHELL', 'healthcheck_curl http://192.168.0.10:8775 '], 'timeout': '30'}, 'wsgi': 'nova.wsgi.metadata:application', 'haproxy': {'nova_metadata': {'enabled': True, 'mode': 'http', 'external': False, 'port': '8775', 'listen_port': '8775', 'tls_backend': 'no', 'backend_http_extra': ['option httpchk']}, 'nova_metadata_external': {'enabled': 'no', 'mode': 'http', 'external': True, 'external_fqdn': '192.168.0.200', 'port': '8775', 'listen_port': '8775', 'tls_backend': 'no', 'backend_http_extra': ['option httpchk']}}}})
changed: [anfitrion] => (item={'key': 'nova-scheduler', 'value': {'container_name': 'nova_scheduler', 'group': 'nova-scheduler', 'image': 'quay.io/openstack.kolla/nova-scheduler:2025.2-ubuntu-noble', 'enabled': True, 'volumes': ['/etc/kolla/nova-scheduler/:/var/lib/kolla/config_files/:ro', '/etc/localtime:/etc/localtime:ro', '/etc/timezone:/etc/timezone:ro', 'kolla_logs:/var/log/kolla/', '/dev/shm:/dev/shm', ''], 'dimensions': {'ulimits': {'nofile': {'soft': 1048576, 'hard': 1048576}}}, 'healthcheck': {'interval': '30', 'retries': '3', 'start_period': '5', 'test': ['CMD-SHELL', 'healthcheck_port nova-scheduler 5672'], 'timeout': '30'}}})

TASK [nova : Copying over nova.conf] *******************************************
changed: [anfitrion] => (item={'key': 'nova-api', 'value': {'container_name': 'nova_api', 'group': 'nova-api', 'image': 'quay.io/openstack.kolla/nova-api:2025.2-ubuntu-noble', 'enabled': True, 'privileged': True, 'volumes': ['/etc/kolla/nova-api/:/var/lib/kolla/config_files/:ro', '/etc/localtime:/etc/localtime:ro', '/etc/timezone:/etc/timezone:ro', '/lib/modules:/lib/modules:ro', 'kolla_logs:/var/log/kolla/', '/dev/shm:/dev/shm', ''], 'dimensions': {'ulimits': {'nofile': {'soft': 1048576, 'hard': 1048576}}}, 'healthcheck': {'interval': '30', 'retries': '3', 'start_period': '5', 'test': ['CMD-SHELL', 'healthcheck_curl http://192.168.0.10:8774 '], 'timeout': '30'}, 'wsgi': 'nova.wsgi.osapi_compute:application', 'haproxy': {'nova_api': {'enabled': True, 'mode': 'http', 'external': False, 'port': '8774', 'listen_port': '8774', 'tls_backend': 'no', 'backend_http_extra': ['option httpchk']}, 'nova_api_external': {'enabled': True, 'mode': 'http', 'external': True, 'external_fqdn': '192.168.0.200', 'port': '8774', 'listen_port': '8774', 'tls_backend': 'no', 'backend_http_extra': ['option httpchk']}}}})
changed: [anfitrion] => (item={'key': 'nova-metadata', 'value': {'container_name': 'nova_metadata', 'group': 'nova-metadata', 'image': 'quay.io/openstack.kolla/nova-api:2025.2-ubuntu-noble', 'enabled': True, 'volumes': ['/etc/kolla/nova-metadata/:/var/lib/kolla/config_files/:ro', '/etc/localtime:/etc/localtime:ro', '/etc/timezone:/etc/timezone:ro', 'kolla_logs:/var/log/kolla/', ''], 'dimensions': {'ulimits': {'nofile': {'soft': 1048576, 'hard': 1048576}}}, 'healthcheck': {'interval': '30', 'retries': '3', 'start_period': '5', 'test': ['CMD-SHELL', 'healthcheck_curl http://192.168.0.10:8775 '], 'timeout': '30'}, 'wsgi': 'nova.wsgi.metadata:application', 'haproxy': {'nova_metadata': {'enabled': True, 'mode': 'http', 'external': False, 'port': '8775', 'listen_port': '8775', 'tls_backend': 'no', 'backend_http_extra': ['option httpchk']}, 'nova_metadata_external': {'enabled': 'no', 'mode': 'http', 'external': True, 'external_fqdn': '192.168.0.200', 'port': '8775', 'listen_port': '8775', 'tls_backend': 'no', 'backend_http_extra': ['option httpchk']}}}})
changed: [anfitrion] => (item={'key': 'nova-scheduler', 'value': {'container_name': 'nova_scheduler', 'group': 'nova-scheduler', 'image': 'quay.io/openstack.kolla/nova-scheduler:2025.2-ubuntu-noble', 'enabled': True, 'volumes': ['/etc/kolla/nova-scheduler/:/var/lib/kolla/config_files/:ro', '/etc/localtime:/etc/localtime:ro', '/etc/timezone:/etc/timezone:ro', 'kolla_logs:/var/log/kolla/', '/dev/shm:/dev/shm', ''], 'dimensions': {'ulimits': {'nofile': {'soft': 1048576, 'hard': 1048576}}}, 'healthcheck': {'interval': '30', 'retries': '3', 'start_period': '5', 'test': ['CMD-SHELL', 'healthcheck_port nova-scheduler 5672'], 'timeout': '30'}}})

TASK [nova : Copying over existing policy file] ********************************
skipping: [anfitrion] => (item={'key': 'nova-api', 'value': {'container_name': 'nova_api', 'group': 'nova-api', 'image': 'quay.io/openstack.kolla/nova-api:2025.2-ubuntu-noble', 'enabled': True, 'privileged': True, 'volumes': ['/etc/kolla/nova-api/:/var/lib/kolla/config_files/:ro', '/etc/localtime:/etc/localtime:ro', '/etc/timezone:/etc/timezone:ro', '/lib/modules:/lib/modules:ro', 'kolla_logs:/var/log/kolla/', '/dev/shm:/dev/shm', ''], 'dimensions': {'ulimits': {'nofile': {'soft': 1048576, 'hard': 1048576}}}, 'healthcheck': {'interval': '30', 'retries': '3', 'start_period': '5', 'test': ['CMD-SHELL', 'healthcheck_curl http://192.168.0.10:8774 '], 'timeout': '30'}, 'wsgi': 'nova.wsgi.osapi_compute:application', 'haproxy': {'nova_api': {'enabled': True, 'mode': 'http', 'external': False, 'port': '8774', 'listen_port': '8774', 'tls_backend': 'no', 'backend_http_extra': ['option httpchk']}, 'nova_api_external': {'enabled': True, 'mode': 'http', 'external': True, 'external_fqdn': '192.168.0.200', 'port': '8774', 'listen_port': '8774', 'tls_backend': 'no', 'backend_http_extra': ['option httpchk']}}}}) 
skipping: [anfitrion] => (item={'key': 'nova-metadata', 'value': {'container_name': 'nova_metadata', 'group': 'nova-metadata', 'image': 'quay.io/openstack.kolla/nova-api:2025.2-ubuntu-noble', 'enabled': True, 'volumes': ['/etc/kolla/nova-metadata/:/var/lib/kolla/config_files/:ro', '/etc/localtime:/etc/localtime:ro', '/etc/timezone:/etc/timezone:ro', 'kolla_logs:/var/log/kolla/', ''], 'dimensions': {'ulimits': {'nofile': {'soft': 1048576, 'hard': 1048576}}}, 'healthcheck': {'interval': '30', 'retries': '3', 'start_period': '5', 'test': ['CMD-SHELL', 'healthcheck_curl http://192.168.0.10:8775 '], 'timeout': '30'}, 'wsgi': 'nova.wsgi.metadata:application', 'haproxy': {'nova_metadata': {'enabled': True, 'mode': 'http', 'external': False, 'port': '8775', 'listen_port': '8775', 'tls_backend': 'no', 'backend_http_extra': ['option httpchk']}, 'nova_metadata_external': {'enabled': 'no', 'mode': 'http', 'external': True, 'external_fqdn': '192.168.0.200', 'port': '8775', 'listen_port': '8775', 'tls_backend': 'no', 'backend_http_extra': ['option httpchk']}}}}) 
skipping: [anfitrion] => (item={'key': 'nova-scheduler', 'value': {'container_name': 'nova_scheduler', 'group': 'nova-scheduler', 'image': 'quay.io/openstack.kolla/nova-scheduler:2025.2-ubuntu-noble', 'enabled': True, 'volumes': ['/etc/kolla/nova-scheduler/:/var/lib/kolla/config_files/:ro', '/etc/localtime:/etc/localtime:ro', '/etc/timezone:/etc/timezone:ro', 'kolla_logs:/var/log/kolla/', '/dev/shm:/dev/shm', ''], 'dimensions': {'ulimits': {'nofile': {'soft': 1048576, 'hard': 1048576}}}, 'healthcheck': {'interval': '30', 'retries': '3', 'start_period': '5', 'test': ['CMD-SHELL', 'healthcheck_port nova-scheduler 5672'], 'timeout': '30'}}}) 
skipping: [anfitrion]

TASK [nova : Copying over nova-api-wsgi.conf] **********************************
skipping: [anfitrion]

TASK [nova : Copying over nova-metadata-wsgi.conf] *****************************
skipping: [anfitrion]

TASK [nova : Copying over vendordata file for nova services] *******************
skipping: [anfitrion] => (item=nova-metadata) 
skipping: [anfitrion] => (item=nova-api) 
skipping: [anfitrion]

TASK [Configure uWSGI for Nova] ************************************************
included: service-uwsgi-config for anfitrion => (item={'name': 'nova-api', 'port': '8774', 'workers': '5'})
included: service-uwsgi-config for anfitrion => (item={'name': 'nova-metadata', 'port': '8775', 'workers': '5'})

TASK [service-uwsgi-config : Copying over nova-api uWSGI config] ***************
changed: [anfitrion]

TASK [service-uwsgi-config : Copying over nova-metadata uWSGI config] **********
changed: [anfitrion]

TASK [service-check-containers : nova | Check containers] **********************
changed: [anfitrion] => (item={'key': 'nova-api', 'value': {'container_name': 'nova_api', 'group': 'nova-api', 'image': 'quay.io/openstack.kolla/nova-api:2025.2-ubuntu-noble', 'enabled': True, 'privileged': True, 'volumes': ['/etc/kolla/nova-api/:/var/lib/kolla/config_files/:ro', '/etc/localtime:/etc/localtime:ro', '/etc/timezone:/etc/timezone:ro', '/lib/modules:/lib/modules:ro', 'kolla_logs:/var/log/kolla/', '/dev/shm:/dev/shm', ''], 'dimensions': {'ulimits': {'nofile': {'soft': 1048576, 'hard': 1048576}}}, 'healthcheck': {'interval': '30', 'retries': '3', 'start_period': '5', 'test': ['CMD-SHELL', 'healthcheck_curl http://192.168.0.10:8774 '], 'timeout': '30'}, 'wsgi': 'nova.wsgi.osapi_compute:application', 'haproxy': {'nova_api': {'enabled': True, 'mode': 'http', 'external': False, 'port': '8774', 'listen_port': '8774', 'tls_backend': 'no', 'backend_http_extra': ['option httpchk']}, 'nova_api_external': {'enabled': True, 'mode': 'http', 'external': True, 'external_fqdn': '192.168.0.200', 'port': '8774', 'listen_port': '8774', 'tls_backend': 'no', 'backend_http_extra': ['option httpchk']}}}})
changed: [anfitrion] => (item={'key': 'nova-metadata', 'value': {'container_name': 'nova_metadata', 'group': 'nova-metadata', 'image': 'quay.io/openstack.kolla/nova-api:2025.2-ubuntu-noble', 'enabled': True, 'volumes': ['/etc/kolla/nova-metadata/:/var/lib/kolla/config_files/:ro', '/etc/localtime:/etc/localtime:ro', '/etc/timezone:/etc/timezone:ro', 'kolla_logs:/var/log/kolla/', ''], 'dimensions': {'ulimits': {'nofile': {'soft': 1048576, 'hard': 1048576}}}, 'healthcheck': {'interval': '30', 'retries': '3', 'start_period': '5', 'test': ['CMD-SHELL', 'healthcheck_curl http://192.168.0.10:8775 '], 'timeout': '30'}, 'wsgi': 'nova.wsgi.metadata:application', 'haproxy': {'nova_metadata': {'enabled': True, 'mode': 'http', 'external': False, 'port': '8775', 'listen_port': '8775', 'tls_backend': 'no', 'backend_http_extra': ['option httpchk']}, 'nova_metadata_external': {'enabled': 'no', 'mode': 'http', 'external': True, 'external_fqdn': '192.168.0.200', 'port': '8775', 'listen_port': '8775', 'tls_backend': 'no', 'backend_http_extra': ['option httpchk']}}}})
changed: [anfitrion] => (item={'key': 'nova-scheduler', 'value': {'container_name': 'nova_scheduler', 'group': 'nova-scheduler', 'image': 'quay.io/openstack.kolla/nova-scheduler:2025.2-ubuntu-noble', 'enabled': True, 'volumes': ['/etc/kolla/nova-scheduler/:/var/lib/kolla/config_files/:ro', '/etc/localtime:/etc/localtime:ro', '/etc/timezone:/etc/timezone:ro', 'kolla_logs:/var/log/kolla/', '/dev/shm:/dev/shm', ''], 'dimensions': {'ulimits': {'nofile': {'soft': 1048576, 'hard': 1048576}}}, 'healthcheck': {'interval': '30', 'retries': '3', 'start_period': '5', 'test': ['CMD-SHELL', 'healthcheck_port nova-scheduler 5672'], 'timeout': '30'}}})

TASK [service-check-containers : nova | Notify handlers to restart containers] ***
changed: [anfitrion] => {
    "msg": "Notifying handlers"
}

TASK [service-check-containers : Include tasks] ********************************
skipping: [anfitrion] => (item={'key': 'nova-api', 'value': {'container_name': 'nova_api', 'group': 'nova-api', 'image': 'quay.io/openstack.kolla/nova-api:2025.2-ubuntu-noble', 'enabled': True, 'privileged': True, 'volumes': ['/etc/kolla/nova-api/:/var/lib/kolla/config_files/:ro', '/etc/localtime:/etc/localtime:ro', '/etc/timezone:/etc/timezone:ro', '/lib/modules:/lib/modules:ro', 'kolla_logs:/var/log/kolla/', '/dev/shm:/dev/shm', ''], 'dimensions': {'ulimits': {'nofile': {'soft': 1048576, 'hard': 1048576}}}, 'healthcheck': {'interval': '30', 'retries': '3', 'start_period': '5', 'test': ['CMD-SHELL', 'healthcheck_curl http://192.168.0.10:8774 '], 'timeout': '30'}, 'wsgi': 'nova.wsgi.osapi_compute:application', 'haproxy': {'nova_api': {'enabled': True, 'mode': 'http', 'external': False, 'port': '8774', 'listen_port': '8774', 'tls_backend': 'no', 'backend_http_extra': ['option httpchk']}, 'nova_api_external': {'enabled': True, 'mode': 'http', 'external': True, 'external_fqdn': '192.168.0.200', 'port': '8774', 'listen_port': '8774', 'tls_backend': 'no', 'backend_http_extra': ['option httpchk']}}}}) 
skipping: [anfitrion] => (item={'key': 'nova-metadata', 'value': {'container_name': 'nova_metadata', 'group': 'nova-metadata', 'image': 'quay.io/openstack.kolla/nova-api:2025.2-ubuntu-noble', 'enabled': True, 'volumes': ['/etc/kolla/nova-metadata/:/var/lib/kolla/config_files/:ro', '/etc/localtime:/etc/localtime:ro', '/etc/timezone:/etc/timezone:ro', 'kolla_logs:/var/log/kolla/', ''], 'dimensions': {'ulimits': {'nofile': {'soft': 1048576, 'hard': 1048576}}}, 'healthcheck': {'interval': '30', 'retries': '3', 'start_period': '5', 'test': ['CMD-SHELL', 'healthcheck_curl http://192.168.0.10:8775 '], 'timeout': '30'}, 'wsgi': 'nova.wsgi.metadata:application', 'haproxy': {'nova_metadata': {'enabled': True, 'mode': 'http', 'external': False, 'port': '8775', 'listen_port': '8775', 'tls_backend': 'no', 'backend_http_extra': ['option httpchk']}, 'nova_metadata_external': {'enabled': 'no', 'mode': 'http', 'external': True, 'external_fqdn': '192.168.0.200', 'port': '8775', 'listen_port': '8775', 'tls_backend': 'no', 'backend_http_extra': ['option httpchk']}}}}) 
skipping: [anfitrion] => (item={'key': 'nova-scheduler', 'value': {'container_name': 'nova_scheduler', 'group': 'nova-scheduler', 'image': 'quay.io/openstack.kolla/nova-scheduler:2025.2-ubuntu-noble', 'enabled': True, 'volumes': ['/etc/kolla/nova-scheduler/:/var/lib/kolla/config_files/:ro', '/etc/localtime:/etc/localtime:ro', '/etc/timezone:/etc/timezone:ro', 'kolla_logs:/var/log/kolla/', '/dev/shm:/dev/shm', ''], 'dimensions': {'ulimits': {'nofile': {'soft': 1048576, 'hard': 1048576}}}, 'healthcheck': {'interval': '30', 'retries': '3', 'start_period': '5', 'test': ['CMD-SHELL', 'healthcheck_port nova-scheduler 5672'], 'timeout': '30'}}}) 
skipping: [anfitrion]

TASK [nova : Flush handlers] ***************************************************

RUNNING HANDLER [nova : Restart nova-scheduler container] **********************
changed: [anfitrion]

RUNNING HANDLER [nova : Restart nova-api container] ****************************
changed: [anfitrion]

RUNNING HANDLER [nova : Restart nova-metadata container] ***********************
changed: [anfitrion]

PLAY [Apply role nova-cell] ****************************************************

TASK [nova-cell : include_tasks] ***********************************************
included: /opt/kolla-ansible/share/kolla-ansible/ansible/roles/nova-cell/tasks/deploy.yml for anfitrion, asus-tuf, server

TASK [nova-cell : include_tasks] ***********************************************
skipping: [anfitrion]
skipping: [asus-tuf]
skipping: [server]

TASK [nova-cell : Get new Libvirt version] *************************************
changed: [anfitrion]

TASK [nova-cell : Cache new Libvirt version] ***********************************
ok: [anfitrion]

TASK [Get nova_libvirt image info] *********************************************
included: service-image-info for anfitrion

TASK [service-image-info : community.docker.docker_image_info] *****************
ok: [anfitrion]

TASK [service-image-info : set_fact] *******************************************
ok: [anfitrion]

TASK [service-image-info : containers.podman.podman_image_info] ****************
skipping: [anfitrion]

TASK [service-image-info : set_fact] *******************************************
skipping: [anfitrion]

TASK [nova-cell : Get container facts] *****************************************
ok: [anfitrion]
ok: [server]
ok: [asus-tuf]

TASK [nova-cell : Get current Libvirt version] *********************************
skipping: [asus-tuf]
skipping: [server]
skipping: [anfitrion]

TASK [nova-cell : Check that the new Libvirt version is >= current] ************
skipping: [asus-tuf]
skipping: [anfitrion]
skipping: [server]

TASK [nova-cell : Look for kolla_nova_libvirt_start in the nova_libvirt image] ***
changed: [anfitrion]

TASK [nova-cell : Assert the nova_libvirt image is recent enough] **************
ok: [anfitrion] => {
    "changed": false,
    "msg": "nova_libvirt image provides kolla_nova_libvirt_start.\n"
}

TASK [Load and persist br_netfilter module] ************************************
included: module-load for anfitrion, asus-tuf, server

TASK [module-load : Load modules] **********************************************
ok: [anfitrion] => (item=br_netfilter)
ok: [server] => (item=br_netfilter)
ok: [asus-tuf] => (item=br_netfilter)

TASK [module-load : Persist modules via modules-load.d] ************************
changed: [anfitrion] => (item=br_netfilter)
ok: [server] => (item=br_netfilter)
ok: [asus-tuf] => (item=br_netfilter)

TASK [module-load : Drop module persistence] ***********************************
skipping: [anfitrion] => (item=br_netfilter) 
skipping: [anfitrion]
skipping: [asus-tuf] => (item=br_netfilter) 
skipping: [asus-tuf]
skipping: [server] => (item=br_netfilter) 
skipping: [server]

TASK [nova-cell : Enable bridge-nf-call sysctl variables] **********************
changed: [anfitrion] => (item=net.bridge.bridge-nf-call-iptables)
ok: [server] => (item=net.bridge.bridge-nf-call-iptables)
ok: [asus-tuf] => (item=net.bridge.bridge-nf-call-iptables)
ok: [server] => (item=net.bridge.bridge-nf-call-ip6tables)
changed: [anfitrion] => (item=net.bridge.bridge-nf-call-ip6tables)
ok: [asus-tuf] => (item=net.bridge.bridge-nf-call-ip6tables)

TASK [nova-cell : Install udev kolla kvm rules] ********************************
ok: [server]
changed: [anfitrion]
ok: [asus-tuf]

TASK [nova-cell : Mask qemu-kvm service] ***************************************
ok: [server]
changed: [anfitrion]
ok: [asus-tuf]

TASK [nova-cell : Ensuring config directories exist] ***************************
ok: [server] => (item={'key': 'nova-libvirt', 'value': {'container_name': 'nova_libvirt', 'group': 'compute', 'enabled': True, 'image': 'quay.io/openstack.kolla/nova-libvirt:2025.2-ubuntu-noble', 'pid_mode': 'host', 'cgroupns_mode': 'host', 'privileged': True, 'volumes': ['/etc/kolla/nova-libvirt/:/var/lib/kolla/config_files/:ro', '/etc/localtime:/etc/localtime:ro', '/etc/timezone:/etc/timezone:ro', '/lib/modules:/lib/modules:ro', '/run:/run:shared', '/dev:/dev', '', '/sys/fs/cgroup:/sys/fs/cgroup', 'kolla_logs:/var/log/kolla/', 'libvirtd:/var/lib/libvirt', 'nova_compute:/var/lib/nova/', '', 'nova_libvirt_qemu:/etc/libvirt/qemu', ''], 'dimensions': {'ulimits': {'nofile': {'soft': 1048576, 'hard': 1048576}, 'memlock': {'soft': 67108864, 'hard': 67108864}}}, 'healthcheck': {'interval': '30', 'retries': '3', 'start_period': '5', 'test': ['CMD-SHELL', 'virsh version --daemon'], 'timeout': '30'}}})
changed: [anfitrion] => (item={'key': 'nova-libvirt', 'value': {'container_name': 'nova_libvirt', 'group': 'compute', 'enabled': True, 'image': 'quay.io/openstack.kolla/nova-libvirt:2025.2-ubuntu-noble', 'pid_mode': 'host', 'cgroupns_mode': 'host', 'privileged': True, 'volumes': ['/etc/kolla/nova-libvirt/:/var/lib/kolla/config_files/:ro', '/etc/localtime:/etc/localtime:ro', '/etc/timezone:/etc/timezone:ro', '/lib/modules:/lib/modules:ro', '/run:/run:shared', '/dev:/dev', '', '/sys/fs/cgroup:/sys/fs/cgroup', 'kolla_logs:/var/log/kolla/', 'libvirtd:/var/lib/libvirt', 'nova_compute:/var/lib/nova/', '', 'nova_libvirt_qemu:/etc/libvirt/qemu', ''], 'dimensions': {'ulimits': {'nofile': {'soft': 1048576, 'hard': 1048576}, 'memlock': {'soft': 67108864, 'hard': 67108864}}}, 'healthcheck': {'interval': '30', 'retries': '3', 'start_period': '5', 'test': ['CMD-SHELL', 'virsh version --daemon'], 'timeout': '30'}}})
ok: [asus-tuf] => (item={'key': 'nova-libvirt', 'value': {'container_name': 'nova_libvirt', 'group': 'compute', 'enabled': True, 'image': 'quay.io/openstack.kolla/nova-libvirt:2025.2-ubuntu-noble', 'pid_mode': 'host', 'cgroupns_mode': 'host', 'privileged': True, 'volumes': ['/etc/kolla/nova-libvirt/:/var/lib/kolla/config_files/:ro', '/etc/localtime:/etc/localtime:ro', '/etc/timezone:/etc/timezone:ro', '/lib/modules:/lib/modules:ro', '/run:/run:shared', '/dev:/dev', '', '/sys/fs/cgroup:/sys/fs/cgroup', 'kolla_logs:/var/log/kolla/', 'libvirtd:/var/lib/libvirt', 'nova_compute:/var/lib/nova/', '', 'nova_libvirt_qemu:/etc/libvirt/qemu', ''], 'dimensions': {'ulimits': {'nofile': {'soft': 1048576, 'hard': 1048576}, 'memlock': {'soft': 67108864, 'hard': 67108864}}}, 'healthcheck': {'interval': '30', 'retries': '3', 'start_period': '5', 'test': ['CMD-SHELL', 'virsh version --daemon'], 'timeout': '30'}}})
ok: [server] => (item={'key': 'nova-ssh', 'value': {'container_name': 'nova_ssh', 'group': 'compute', 'image': 'quay.io/openstack.kolla/nova-ssh:2025.2-ubuntu-noble', 'enabled': True, 'volumes': ['/etc/kolla/nova-ssh/:/var/lib/kolla/config_files/:ro', '/etc/localtime:/etc/localtime:ro', '/etc/timezone:/etc/timezone:ro', 'kolla_logs:/var/log/kolla', 'nova_compute:/var/lib/nova', '', ''], 'dimensions': {'ulimits': {'nofile': {'soft': 1048576, 'hard': 1048576}}}, 'healthcheck': {'interval': '30', 'retries': '3', 'start_period': '5', 'test': ['CMD-SHELL', 'healthcheck_listen sshd 8022'], 'timeout': '30'}}})
changed: [anfitrion] => (item={'key': 'nova-ssh', 'value': {'container_name': 'nova_ssh', 'group': 'compute', 'image': 'quay.io/openstack.kolla/nova-ssh:2025.2-ubuntu-noble', 'enabled': True, 'volumes': ['/etc/kolla/nova-ssh/:/var/lib/kolla/config_files/:ro', '/etc/localtime:/etc/localtime:ro', '/etc/timezone:/etc/timezone:ro', 'kolla_logs:/var/log/kolla', 'nova_compute:/var/lib/nova', '', ''], 'dimensions': {'ulimits': {'nofile': {'soft': 1048576, 'hard': 1048576}}}, 'healthcheck': {'interval': '30', 'retries': '3', 'start_period': '5', 'test': ['CMD-SHELL', 'healthcheck_listen sshd 8022'], 'timeout': '30'}}})
ok: [server] => (item={'key': 'nova-compute', 'value': {'container_name': 'nova_compute', 'group': 'compute', 'image': 'quay.io/openstack.kolla/nova-compute:2025.2-ubuntu-noble', 'environment': {'LIBGUESTFS_BACKEND': 'direct'}, 'privileged': True, 'enabled': True, 'ipc_mode': 'host', 'volumes': ['/etc/kolla/nova-compute/:/var/lib/kolla/config_files/:ro', '/etc/localtime:/etc/localtime:ro', '/etc/timezone:/etc/timezone:ro', '/lib/modules:/lib/modules:ro', '/run:/run:shared', '/dev:/dev', 'kolla_logs:/var/log/kolla/', '', 'libvirtd:/var/lib/libvirt', 'nova_compute:/var/lib/nova/', '', ''], 'dimensions': {'ulimits': {'nofile': {'soft': 1048576, 'hard': 1048576}}}, 'healthcheck': {'interval': '30', 'retries': '3', 'start_period': '5', 'test': ['CMD-SHELL', 'healthcheck_port nova-compute 5672'], 'timeout': '30'}}})
changed: [anfitrion] => (item={'key': 'nova-novncproxy', 'value': {'container_name': 'nova_novncproxy', 'group': 'nova-novncproxy', 'image': 'quay.io/openstack.kolla/nova-novncproxy:2025.2-ubuntu-noble', 'enabled': True, 'volumes': ['/etc/kolla/nova-novncproxy/:/var/lib/kolla/config_files/:ro', '/etc/localtime:/etc/localtime:ro', '/etc/timezone:/etc/timezone:ro', 'kolla_logs:/var/log/kolla/', '/dev/shm:/dev/shm', ''], 'dimensions': {'ulimits': {'nofile': {'soft': 1048576, 'hard': 1048576}}}, 'healthcheck': {'interval': '30', 'retries': '3', 'start_period': '5', 'test': ['CMD-SHELL', 'healthcheck_curl http://192.168.0.10:6080/vnc_lite.html'], 'timeout': '30'}}})
ok: [asus-tuf] => (item={'key': 'nova-ssh', 'value': {'container_name': 'nova_ssh', 'group': 'compute', 'image': 'quay.io/openstack.kolla/nova-ssh:2025.2-ubuntu-noble', 'enabled': True, 'volumes': ['/etc/kolla/nova-ssh/:/var/lib/kolla/config_files/:ro', '/etc/localtime:/etc/localtime:ro', '/etc/timezone:/etc/timezone:ro', 'kolla_logs:/var/log/kolla', 'nova_compute:/var/lib/nova', '', ''], 'dimensions': {'ulimits': {'nofile': {'soft': 1048576, 'hard': 1048576}}}, 'healthcheck': {'interval': '30', 'retries': '3', 'start_period': '5', 'test': ['CMD-SHELL', 'healthcheck_listen sshd 8022'], 'timeout': '30'}}})
changed: [anfitrion] => (item={'key': 'nova-conductor', 'value': {'container_name': 'nova_conductor', 'group': 'nova-conductor', 'enabled': True, 'image': 'quay.io/openstack.kolla/nova-conductor:2025.2-ubuntu-noble', 'volumes': ['/etc/kolla/nova-conductor/:/var/lib/kolla/config_files/:ro', '/etc/localtime:/etc/localtime:ro', '/etc/timezone:/etc/timezone:ro', 'kolla_logs:/var/log/kolla/', '/dev/shm:/dev/shm', ''], 'dimensions': {'ulimits': {'nofile': {'soft': 1048576, 'hard': 1048576}}}, 'healthcheck': {'interval': '30', 'retries': '3', 'start_period': '5', 'test': ['CMD-SHELL', 'healthcheck_port nova-conductor 5672'], 'timeout': '30'}}})
ok: [asus-tuf] => (item={'key': 'nova-compute', 'value': {'container_name': 'nova_compute', 'group': 'compute', 'image': 'quay.io/openstack.kolla/nova-compute:2025.2-ubuntu-noble', 'environment': {'LIBGUESTFS_BACKEND': 'direct'}, 'privileged': True, 'enabled': True, 'ipc_mode': 'host', 'volumes': ['/etc/kolla/nova-compute/:/var/lib/kolla/config_files/:ro', '/etc/localtime:/etc/localtime:ro', '/etc/timezone:/etc/timezone:ro', '/lib/modules:/lib/modules:ro', '/run:/run:shared', '/dev:/dev', 'kolla_logs:/var/log/kolla/', '', 'libvirtd:/var/lib/libvirt', 'nova_compute:/var/lib/nova/', '', ''], 'dimensions': {'ulimits': {'nofile': {'soft': 1048576, 'hard': 1048576}}}, 'healthcheck': {'interval': '30', 'retries': '3', 'start_period': '5', 'test': ['CMD-SHELL', 'healthcheck_port nova-compute 5672'], 'timeout': '30'}}})
changed: [anfitrion] => (item={'key': 'nova-compute', 'value': {'container_name': 'nova_compute', 'group': 'compute', 'image': 'quay.io/openstack.kolla/nova-compute:2025.2-ubuntu-noble', 'environment': {'LIBGUESTFS_BACKEND': 'direct'}, 'privileged': True, 'enabled': True, 'ipc_mode': 'host', 'volumes': ['/etc/kolla/nova-compute/:/var/lib/kolla/config_files/:ro', '/etc/localtime:/etc/localtime:ro', '/etc/timezone:/etc/timezone:ro', '/lib/modules:/lib/modules:ro', '/run:/run:shared', '/dev:/dev', 'kolla_logs:/var/log/kolla/', '', 'libvirtd:/var/lib/libvirt', 'nova_compute:/var/lib/nova/', '', ''], 'dimensions': {'ulimits': {'nofile': {'soft': 1048576, 'hard': 1048576}}}, 'healthcheck': {'interval': '30', 'retries': '3', 'start_period': '5', 'test': ['CMD-SHELL', 'healthcheck_port nova-compute 5672'], 'timeout': '30'}}})

TASK [nova-cell : include_tasks] ***********************************************
skipping: [anfitrion]
skipping: [asus-tuf]
skipping: [server]

TASK [nova-cell : include_tasks] ***********************************************
skipping: [anfitrion]
skipping: [asus-tuf]
skipping: [server]

TASK [nova-cell : Check if policies shall be overwritten] **********************
skipping: [anfitrion]

TASK [nova-cell : Set nova policy file] ****************************************
skipping: [anfitrion]
skipping: [asus-tuf]
skipping: [server]

TASK [nova-cell : Check for vendordata file] ***********************************
ok: [anfitrion -> localhost]

TASK [nova-cell : Set vendordata file path] ************************************
skipping: [anfitrion]
skipping: [asus-tuf]
skipping: [server]

TASK [nova-cell : List all hypervisors] ****************************************
ok: [asus-tuf -> anfitrion(192.168.0.10)]
ok: [anfitrion]
ok: [server -> anfitrion(192.168.0.10)]

TASK [nova-cell : Match current hypervisor] ************************************
skipping: [asus-tuf]
skipping: [anfitrion]
skipping: [server]

TASK [nova-cell : Assert that only one hypervisor was matched] *****************
skipping: [asus-tuf]
skipping: [anfitrion]
skipping: [server]

TASK [nova-cell : Copy the matched hypervisor UUID to compute_id] **************
skipping: [asus-tuf]
skipping: [anfitrion]
skipping: [server]

TASK [nova-cell : Generate a new UUID then copy to compute_id] *****************
changed: [server]
changed: [anfitrion]
changed: [asus-tuf]

TASK [nova-cell : Copying over config.json files for services] *****************
changed: [server] => (item={'key': 'nova-libvirt', 'value': {'container_name': 'nova_libvirt', 'group': 'compute', 'enabled': True, 'image': 'quay.io/openstack.kolla/nova-libvirt:2025.2-ubuntu-noble', 'pid_mode': 'host', 'cgroupns_mode': 'host', 'privileged': True, 'volumes': ['/etc/kolla/nova-libvirt/:/var/lib/kolla/config_files/:ro', '/etc/localtime:/etc/localtime:ro', '/etc/timezone:/etc/timezone:ro', '/lib/modules:/lib/modules:ro', '/run:/run:shared', '/dev:/dev', '', '/sys/fs/cgroup:/sys/fs/cgroup', 'kolla_logs:/var/log/kolla/', 'libvirtd:/var/lib/libvirt', 'nova_compute:/var/lib/nova/', '', 'nova_libvirt_qemu:/etc/libvirt/qemu', ''], 'dimensions': {'ulimits': {'nofile': {'soft': 1048576, 'hard': 1048576}, 'memlock': {'soft': 67108864, 'hard': 67108864}}}, 'healthcheck': {'interval': '30', 'retries': '3', 'start_period': '5', 'test': ['CMD-SHELL', 'virsh version --daemon'], 'timeout': '30'}}})
changed: [anfitrion] => (item={'key': 'nova-libvirt', 'value': {'container_name': 'nova_libvirt', 'group': 'compute', 'enabled': True, 'image': 'quay.io/openstack.kolla/nova-libvirt:2025.2-ubuntu-noble', 'pid_mode': 'host', 'cgroupns_mode': 'host', 'privileged': True, 'volumes': ['/etc/kolla/nova-libvirt/:/var/lib/kolla/config_files/:ro', '/etc/localtime:/etc/localtime:ro', '/etc/timezone:/etc/timezone:ro', '/lib/modules:/lib/modules:ro', '/run:/run:shared', '/dev:/dev', '', '/sys/fs/cgroup:/sys/fs/cgroup', 'kolla_logs:/var/log/kolla/', 'libvirtd:/var/lib/libvirt', 'nova_compute:/var/lib/nova/', '', 'nova_libvirt_qemu:/etc/libvirt/qemu', ''], 'dimensions': {'ulimits': {'nofile': {'soft': 1048576, 'hard': 1048576}, 'memlock': {'soft': 67108864, 'hard': 67108864}}}, 'healthcheck': {'interval': '30', 'retries': '3', 'start_period': '5', 'test': ['CMD-SHELL', 'virsh version --daemon'], 'timeout': '30'}}})
changed: [asus-tuf] => (item={'key': 'nova-libvirt', 'value': {'container_name': 'nova_libvirt', 'group': 'compute', 'enabled': True, 'image': 'quay.io/openstack.kolla/nova-libvirt:2025.2-ubuntu-noble', 'pid_mode': 'host', 'cgroupns_mode': 'host', 'privileged': True, 'volumes': ['/etc/kolla/nova-libvirt/:/var/lib/kolla/config_files/:ro', '/etc/localtime:/etc/localtime:ro', '/etc/timezone:/etc/timezone:ro', '/lib/modules:/lib/modules:ro', '/run:/run:shared', '/dev:/dev', '', '/sys/fs/cgroup:/sys/fs/cgroup', 'kolla_logs:/var/log/kolla/', 'libvirtd:/var/lib/libvirt', 'nova_compute:/var/lib/nova/', '', 'nova_libvirt_qemu:/etc/libvirt/qemu', ''], 'dimensions': {'ulimits': {'nofile': {'soft': 1048576, 'hard': 1048576}, 'memlock': {'soft': 67108864, 'hard': 67108864}}}, 'healthcheck': {'interval': '30', 'retries': '3', 'start_period': '5', 'test': ['CMD-SHELL', 'virsh version --daemon'], 'timeout': '30'}}})
changed: [server] => (item={'key': 'nova-ssh', 'value': {'container_name': 'nova_ssh', 'group': 'compute', 'image': 'quay.io/openstack.kolla/nova-ssh:2025.2-ubuntu-noble', 'enabled': True, 'volumes': ['/etc/kolla/nova-ssh/:/var/lib/kolla/config_files/:ro', '/etc/localtime:/etc/localtime:ro', '/etc/timezone:/etc/timezone:ro', 'kolla_logs:/var/log/kolla', 'nova_compute:/var/lib/nova', '', ''], 'dimensions': {'ulimits': {'nofile': {'soft': 1048576, 'hard': 1048576}}}, 'healthcheck': {'interval': '30', 'retries': '3', 'start_period': '5', 'test': ['CMD-SHELL', 'healthcheck_listen sshd 8022'], 'timeout': '30'}}})
changed: [anfitrion] => (item={'key': 'nova-ssh', 'value': {'container_name': 'nova_ssh', 'group': 'compute', 'image': 'quay.io/openstack.kolla/nova-ssh:2025.2-ubuntu-noble', 'enabled': True, 'volumes': ['/etc/kolla/nova-ssh/:/var/lib/kolla/config_files/:ro', '/etc/localtime:/etc/localtime:ro', '/etc/timezone:/etc/timezone:ro', 'kolla_logs:/var/log/kolla', 'nova_compute:/var/lib/nova', '', ''], 'dimensions': {'ulimits': {'nofile': {'soft': 1048576, 'hard': 1048576}}}, 'healthcheck': {'interval': '30', 'retries': '3', 'start_period': '5', 'test': ['CMD-SHELL', 'healthcheck_listen sshd 8022'], 'timeout': '30'}}})
changed: [server] => (item={'key': 'nova-compute', 'value': {'container_name': 'nova_compute', 'group': 'compute', 'image': 'quay.io/openstack.kolla/nova-compute:2025.2-ubuntu-noble', 'environment': {'LIBGUESTFS_BACKEND': 'direct'}, 'privileged': True, 'enabled': True, 'ipc_mode': 'host', 'volumes': ['/etc/kolla/nova-compute/:/var/lib/kolla/config_files/:ro', '/etc/localtime:/etc/localtime:ro', '/etc/timezone:/etc/timezone:ro', '/lib/modules:/lib/modules:ro', '/run:/run:shared', '/dev:/dev', 'kolla_logs:/var/log/kolla/', '', 'libvirtd:/var/lib/libvirt', 'nova_compute:/var/lib/nova/', '', ''], 'dimensions': {'ulimits': {'nofile': {'soft': 1048576, 'hard': 1048576}}}, 'healthcheck': {'interval': '30', 'retries': '3', 'start_period': '5', 'test': ['CMD-SHELL', 'healthcheck_port nova-compute 5672'], 'timeout': '30'}}})
changed: [asus-tuf] => (item={'key': 'nova-ssh', 'value': {'container_name': 'nova_ssh', 'group': 'compute', 'image': 'quay.io/openstack.kolla/nova-ssh:2025.2-ubuntu-noble', 'enabled': True, 'volumes': ['/etc/kolla/nova-ssh/:/var/lib/kolla/config_files/:ro', '/etc/localtime:/etc/localtime:ro', '/etc/timezone:/etc/timezone:ro', 'kolla_logs:/var/log/kolla', 'nova_compute:/var/lib/nova', '', ''], 'dimensions': {'ulimits': {'nofile': {'soft': 1048576, 'hard': 1048576}}}, 'healthcheck': {'interval': '30', 'retries': '3', 'start_period': '5', 'test': ['CMD-SHELL', 'healthcheck_listen sshd 8022'], 'timeout': '30'}}})
changed: [anfitrion] => (item={'key': 'nova-novncproxy', 'value': {'container_name': 'nova_novncproxy', 'group': 'nova-novncproxy', 'image': 'quay.io/openstack.kolla/nova-novncproxy:2025.2-ubuntu-noble', 'enabled': True, 'volumes': ['/etc/kolla/nova-novncproxy/:/var/lib/kolla/config_files/:ro', '/etc/localtime:/etc/localtime:ro', '/etc/timezone:/etc/timezone:ro', 'kolla_logs:/var/log/kolla/', '/dev/shm:/dev/shm', ''], 'dimensions': {'ulimits': {'nofile': {'soft': 1048576, 'hard': 1048576}}}, 'healthcheck': {'interval': '30', 'retries': '3', 'start_period': '5', 'test': ['CMD-SHELL', 'healthcheck_curl http://192.168.0.10:6080/vnc_lite.html'], 'timeout': '30'}}})
changed: [anfitrion] => (item={'key': 'nova-conductor', 'value': {'container_name': 'nova_conductor', 'group': 'nova-conductor', 'enabled': True, 'image': 'quay.io/openstack.kolla/nova-conductor:2025.2-ubuntu-noble', 'volumes': ['/etc/kolla/nova-conductor/:/var/lib/kolla/config_files/:ro', '/etc/localtime:/etc/localtime:ro', '/etc/timezone:/etc/timezone:ro', 'kolla_logs:/var/log/kolla/', '/dev/shm:/dev/shm', ''], 'dimensions': {'ulimits': {'nofile': {'soft': 1048576, 'hard': 1048576}}}, 'healthcheck': {'interval': '30', 'retries': '3', 'start_period': '5', 'test': ['CMD-SHELL', 'healthcheck_port nova-conductor 5672'], 'timeout': '30'}}})
changed: [asus-tuf] => (item={'key': 'nova-compute', 'value': {'container_name': 'nova_compute', 'group': 'compute', 'image': 'quay.io/openstack.kolla/nova-compute:2025.2-ubuntu-noble', 'environment': {'LIBGUESTFS_BACKEND': 'direct'}, 'privileged': True, 'enabled': True, 'ipc_mode': 'host', 'volumes': ['/etc/kolla/nova-compute/:/var/lib/kolla/config_files/:ro', '/etc/localtime:/etc/localtime:ro', '/etc/timezone:/etc/timezone:ro', '/lib/modules:/lib/modules:ro', '/run:/run:shared', '/dev:/dev', 'kolla_logs:/var/log/kolla/', '', 'libvirtd:/var/lib/libvirt', 'nova_compute:/var/lib/nova/', '', ''], 'dimensions': {'ulimits': {'nofile': {'soft': 1048576, 'hard': 1048576}}}, 'healthcheck': {'interval': '30', 'retries': '3', 'start_period': '5', 'test': ['CMD-SHELL', 'healthcheck_port nova-compute 5672'], 'timeout': '30'}}})
changed: [anfitrion] => (item={'key': 'nova-compute', 'value': {'container_name': 'nova_compute', 'group': 'compute', 'image': 'quay.io/openstack.kolla/nova-compute:2025.2-ubuntu-noble', 'environment': {'LIBGUESTFS_BACKEND': 'direct'}, 'privileged': True, 'enabled': True, 'ipc_mode': 'host', 'volumes': ['/etc/kolla/nova-compute/:/var/lib/kolla/config_files/:ro', '/etc/localtime:/etc/localtime:ro', '/etc/timezone:/etc/timezone:ro', '/lib/modules:/lib/modules:ro', '/run:/run:shared', '/dev:/dev', 'kolla_logs:/var/log/kolla/', '', 'libvirtd:/var/lib/libvirt', 'nova_compute:/var/lib/nova/', '', ''], 'dimensions': {'ulimits': {'nofile': {'soft': 1048576, 'hard': 1048576}}}, 'healthcheck': {'interval': '30', 'retries': '3', 'start_period': '5', 'test': ['CMD-SHELL', 'healthcheck_port nova-compute 5672'], 'timeout': '30'}}})

TASK [nova-cell : Copying over nova.conf] **************************************
skipping: [asus-tuf] => (item={'key': 'nova-libvirt', 'value': {'container_name': 'nova_libvirt', 'group': 'compute', 'enabled': True, 'image': 'quay.io/openstack.kolla/nova-libvirt:2025.2-ubuntu-noble', 'pid_mode': 'host', 'cgroupns_mode': 'host', 'privileged': True, 'volumes': ['/etc/kolla/nova-libvirt/:/var/lib/kolla/config_files/:ro', '/etc/localtime:/etc/localtime:ro', '/etc/timezone:/etc/timezone:ro', '/lib/modules:/lib/modules:ro', '/run:/run:shared', '/dev:/dev', '', '/sys/fs/cgroup:/sys/fs/cgroup', 'kolla_logs:/var/log/kolla/', 'libvirtd:/var/lib/libvirt', 'nova_compute:/var/lib/nova/', '', 'nova_libvirt_qemu:/etc/libvirt/qemu', ''], 'dimensions': {'ulimits': {'nofile': {'soft': 1048576, 'hard': 1048576}, 'memlock': {'soft': 67108864, 'hard': 67108864}}}, 'healthcheck': {'interval': '30', 'retries': '3', 'start_period': '5', 'test': ['CMD-SHELL', 'virsh version --daemon'], 'timeout': '30'}}}) 
skipping: [asus-tuf] => (item={'key': 'nova-ssh', 'value': {'container_name': 'nova_ssh', 'group': 'compute', 'image': 'quay.io/openstack.kolla/nova-ssh:2025.2-ubuntu-noble', 'enabled': True, 'volumes': ['/etc/kolla/nova-ssh/:/var/lib/kolla/config_files/:ro', '/etc/localtime:/etc/localtime:ro', '/etc/timezone:/etc/timezone:ro', 'kolla_logs:/var/log/kolla', 'nova_compute:/var/lib/nova', '', ''], 'dimensions': {'ulimits': {'nofile': {'soft': 1048576, 'hard': 1048576}}}, 'healthcheck': {'interval': '30', 'retries': '3', 'start_period': '5', 'test': ['CMD-SHELL', 'healthcheck_listen sshd 8022'], 'timeout': '30'}}}) 
skipping: [anfitrion] => (item={'key': 'nova-libvirt', 'value': {'container_name': 'nova_libvirt', 'group': 'compute', 'enabled': True, 'image': 'quay.io/openstack.kolla/nova-libvirt:2025.2-ubuntu-noble', 'pid_mode': 'host', 'cgroupns_mode': 'host', 'privileged': True, 'volumes': ['/etc/kolla/nova-libvirt/:/var/lib/kolla/config_files/:ro', '/etc/localtime:/etc/localtime:ro', '/etc/timezone:/etc/timezone:ro', '/lib/modules:/lib/modules:ro', '/run:/run:shared', '/dev:/dev', '', '/sys/fs/cgroup:/sys/fs/cgroup', 'kolla_logs:/var/log/kolla/', 'libvirtd:/var/lib/libvirt', 'nova_compute:/var/lib/nova/', '', 'nova_libvirt_qemu:/etc/libvirt/qemu', ''], 'dimensions': {'ulimits': {'nofile': {'soft': 1048576, 'hard': 1048576}, 'memlock': {'soft': 67108864, 'hard': 67108864}}}, 'healthcheck': {'interval': '30', 'retries': '3', 'start_period': '5', 'test': ['CMD-SHELL', 'virsh version --daemon'], 'timeout': '30'}}}) 
skipping: [anfitrion] => (item={'key': 'nova-ssh', 'value': {'container_name': 'nova_ssh', 'group': 'compute', 'image': 'quay.io/openstack.kolla/nova-ssh:2025.2-ubuntu-noble', 'enabled': True, 'volumes': ['/etc/kolla/nova-ssh/:/var/lib/kolla/config_files/:ro', '/etc/localtime:/etc/localtime:ro', '/etc/timezone:/etc/timezone:ro', 'kolla_logs:/var/log/kolla', 'nova_compute:/var/lib/nova', '', ''], 'dimensions': {'ulimits': {'nofile': {'soft': 1048576, 'hard': 1048576}}}, 'healthcheck': {'interval': '30', 'retries': '3', 'start_period': '5', 'test': ['CMD-SHELL', 'healthcheck_listen sshd 8022'], 'timeout': '30'}}}) 
skipping: [server] => (item={'key': 'nova-libvirt', 'value': {'container_name': 'nova_libvirt', 'group': 'compute', 'enabled': True, 'image': 'quay.io/openstack.kolla/nova-libvirt:2025.2-ubuntu-noble', 'pid_mode': 'host', 'cgroupns_mode': 'host', 'privileged': True, 'volumes': ['/etc/kolla/nova-libvirt/:/var/lib/kolla/config_files/:ro', '/etc/localtime:/etc/localtime:ro', '/etc/timezone:/etc/timezone:ro', '/lib/modules:/lib/modules:ro', '/run:/run:shared', '/dev:/dev', '', '/sys/fs/cgroup:/sys/fs/cgroup', 'kolla_logs:/var/log/kolla/', 'libvirtd:/var/lib/libvirt', 'nova_compute:/var/lib/nova/', '', 'nova_libvirt_qemu:/etc/libvirt/qemu', ''], 'dimensions': {'ulimits': {'nofile': {'soft': 1048576, 'hard': 1048576}, 'memlock': {'soft': 67108864, 'hard': 67108864}}}, 'healthcheck': {'interval': '30', 'retries': '3', 'start_period': '5', 'test': ['CMD-SHELL', 'virsh version --daemon'], 'timeout': '30'}}}) 
skipping: [server] => (item={'key': 'nova-ssh', 'value': {'container_name': 'nova_ssh', 'group': 'compute', 'image': 'quay.io/openstack.kolla/nova-ssh:2025.2-ubuntu-noble', 'enabled': True, 'volumes': ['/etc/kolla/nova-ssh/:/var/lib/kolla/config_files/:ro', '/etc/localtime:/etc/localtime:ro', '/etc/timezone:/etc/timezone:ro', 'kolla_logs:/var/log/kolla', 'nova_compute:/var/lib/nova', '', ''], 'dimensions': {'ulimits': {'nofile': {'soft': 1048576, 'hard': 1048576}}}, 'healthcheck': {'interval': '30', 'retries': '3', 'start_period': '5', 'test': ['CMD-SHELL', 'healthcheck_listen sshd 8022'], 'timeout': '30'}}}) 
changed: [server] => (item={'key': 'nova-compute', 'value': {'container_name': 'nova_compute', 'group': 'compute', 'image': 'quay.io/openstack.kolla/nova-compute:2025.2-ubuntu-noble', 'environment': {'LIBGUESTFS_BACKEND': 'direct'}, 'privileged': True, 'enabled': True, 'ipc_mode': 'host', 'volumes': ['/etc/kolla/nova-compute/:/var/lib/kolla/config_files/:ro', '/etc/localtime:/etc/localtime:ro', '/etc/timezone:/etc/timezone:ro', '/lib/modules:/lib/modules:ro', '/run:/run:shared', '/dev:/dev', 'kolla_logs:/var/log/kolla/', '', 'libvirtd:/var/lib/libvirt', 'nova_compute:/var/lib/nova/', '', ''], 'dimensions': {'ulimits': {'nofile': {'soft': 1048576, 'hard': 1048576}}}, 'healthcheck': {'interval': '30', 'retries': '3', 'start_period': '5', 'test': ['CMD-SHELL', 'healthcheck_port nova-compute 5672'], 'timeout': '30'}}})
changed: [anfitrion] => (item={'key': 'nova-novncproxy', 'value': {'container_name': 'nova_novncproxy', 'group': 'nova-novncproxy', 'image': 'quay.io/openstack.kolla/nova-novncproxy:2025.2-ubuntu-noble', 'enabled': True, 'volumes': ['/etc/kolla/nova-novncproxy/:/var/lib/kolla/config_files/:ro', '/etc/localtime:/etc/localtime:ro', '/etc/timezone:/etc/timezone:ro', 'kolla_logs:/var/log/kolla/', '/dev/shm:/dev/shm', ''], 'dimensions': {'ulimits': {'nofile': {'soft': 1048576, 'hard': 1048576}}}, 'healthcheck': {'interval': '30', 'retries': '3', 'start_period': '5', 'test': ['CMD-SHELL', 'healthcheck_curl http://192.168.0.10:6080/vnc_lite.html'], 'timeout': '30'}}})
changed: [asus-tuf] => (item={'key': 'nova-compute', 'value': {'container_name': 'nova_compute', 'group': 'compute', 'image': 'quay.io/openstack.kolla/nova-compute:2025.2-ubuntu-noble', 'environment': {'LIBGUESTFS_BACKEND': 'direct'}, 'privileged': True, 'enabled': True, 'ipc_mode': 'host', 'volumes': ['/etc/kolla/nova-compute/:/var/lib/kolla/config_files/:ro', '/etc/localtime:/etc/localtime:ro', '/etc/timezone:/etc/timezone:ro', '/lib/modules:/lib/modules:ro', '/run:/run:shared', '/dev:/dev', 'kolla_logs:/var/log/kolla/', '', 'libvirtd:/var/lib/libvirt', 'nova_compute:/var/lib/nova/', '', ''], 'dimensions': {'ulimits': {'nofile': {'soft': 1048576, 'hard': 1048576}}}, 'healthcheck': {'interval': '30', 'retries': '3', 'start_period': '5', 'test': ['CMD-SHELL', 'healthcheck_port nova-compute 5672'], 'timeout': '30'}}})
changed: [anfitrion] => (item={'key': 'nova-conductor', 'value': {'container_name': 'nova_conductor', 'group': 'nova-conductor', 'enabled': True, 'image': 'quay.io/openstack.kolla/nova-conductor:2025.2-ubuntu-noble', 'volumes': ['/etc/kolla/nova-conductor/:/var/lib/kolla/config_files/:ro', '/etc/localtime:/etc/localtime:ro', '/etc/timezone:/etc/timezone:ro', 'kolla_logs:/var/log/kolla/', '/dev/shm:/dev/shm', ''], 'dimensions': {'ulimits': {'nofile': {'soft': 1048576, 'hard': 1048576}}}, 'healthcheck': {'interval': '30', 'retries': '3', 'start_period': '5', 'test': ['CMD-SHELL', 'healthcheck_port nova-conductor 5672'], 'timeout': '30'}}})
changed: [anfitrion] => (item={'key': 'nova-compute', 'value': {'container_name': 'nova_compute', 'group': 'compute', 'image': 'quay.io/openstack.kolla/nova-compute:2025.2-ubuntu-noble', 'environment': {'LIBGUESTFS_BACKEND': 'direct'}, 'privileged': True, 'enabled': True, 'ipc_mode': 'host', 'volumes': ['/etc/kolla/nova-compute/:/var/lib/kolla/config_files/:ro', '/etc/localtime:/etc/localtime:ro', '/etc/timezone:/etc/timezone:ro', '/lib/modules:/lib/modules:ro', '/run:/run:shared', '/dev:/dev', 'kolla_logs:/var/log/kolla/', '', 'libvirtd:/var/lib/libvirt', 'nova_compute:/var/lib/nova/', '', ''], 'dimensions': {'ulimits': {'nofile': {'soft': 1048576, 'hard': 1048576}}}, 'healthcheck': {'interval': '30', 'retries': '3', 'start_period': '5', 'test': ['CMD-SHELL', 'healthcheck_port nova-compute 5672'], 'timeout': '30'}}})

TASK [nova-cell : Copying over Nova compute provider config] *******************
skipping: [asus-tuf]
skipping: [anfitrion]
skipping: [server]

TASK [nova-cell : Copying over libvirt configuration] **************************
changed: [server] => (item={'src': 'qemu.conf.j2', 'dest': 'qemu.conf'})
changed: [anfitrion] => (item={'src': 'qemu.conf.j2', 'dest': 'qemu.conf'})
changed: [asus-tuf] => (item={'src': 'qemu.conf.j2', 'dest': 'qemu.conf'})
changed: [server] => (item={'src': 'libvirtd.conf.j2', 'dest': 'libvirtd.conf'})
changed: [anfitrion] => (item={'src': 'libvirtd.conf.j2', 'dest': 'libvirtd.conf'})
changed: [asus-tuf] => (item={'src': 'libvirtd.conf.j2', 'dest': 'libvirtd.conf'})

TASK [nova-cell : Copying over libvirt TLS keys] *******************************
skipping: [anfitrion]
skipping: [asus-tuf]
skipping: [server]

TASK [nova-cell : Copying over libvirt SASL configuration] *********************
changed: [server] => (item={'src': 'auth.conf.j2', 'dest': 'auth.conf', 'service': 'nova-compute'})
changed: [anfitrion] => (item={'src': 'auth.conf.j2', 'dest': 'auth.conf', 'service': 'nova-compute'})
changed: [asus-tuf] => (item={'src': 'auth.conf.j2', 'dest': 'auth.conf', 'service': 'nova-compute'})
changed: [server] => (item={'src': 'auth.conf.j2', 'dest': 'auth.conf', 'service': 'nova-libvirt'})
changed: [anfitrion] => (item={'src': 'auth.conf.j2', 'dest': 'auth.conf', 'service': 'nova-libvirt'})
changed: [asus-tuf] => (item={'src': 'auth.conf.j2', 'dest': 'auth.conf', 'service': 'nova-libvirt'})
changed: [server] => (item={'src': 'sasl.conf.j2', 'dest': 'sasl.conf', 'service': 'nova-libvirt'})
changed: [anfitrion] => (item={'src': 'sasl.conf.j2', 'dest': 'sasl.conf', 'service': 'nova-libvirt'})
changed: [asus-tuf] => (item={'src': 'sasl.conf.j2', 'dest': 'sasl.conf', 'service': 'nova-libvirt'})

TASK [nova-cell : Copying files for nova-ssh] **********************************
changed: [server] => (item={'src': 'sshd_config.j2', 'dest': 'sshd_config'})
changed: [anfitrion] => (item={'src': 'sshd_config.j2', 'dest': 'sshd_config'})
changed: [asus-tuf] => (item={'src': 'sshd_config.j2', 'dest': 'sshd_config'})
changed: [server] => (item={'src': 'id_rsa', 'dest': 'id_rsa'})
changed: [anfitrion] => (item={'src': 'id_rsa', 'dest': 'id_rsa'})
changed: [asus-tuf] => (item={'src': 'id_rsa', 'dest': 'id_rsa'})
changed: [server] => (item={'src': 'id_rsa.pub', 'dest': 'id_rsa.pub'})
changed: [anfitrion] => (item={'src': 'id_rsa.pub', 'dest': 'id_rsa.pub'})
changed: [server] => (item={'src': 'ssh_config.j2', 'dest': 'ssh_config'})
changed: [asus-tuf] => (item={'src': 'id_rsa.pub', 'dest': 'id_rsa.pub'})
changed: [anfitrion] => (item={'src': 'ssh_config.j2', 'dest': 'ssh_config'})
changed: [asus-tuf] => (item={'src': 'ssh_config.j2', 'dest': 'ssh_config'})

TASK [nova-cell : Copying 'release' file for nova_compute] *********************
skipping: [anfitrion]
skipping: [asus-tuf]
skipping: [server]

TASK [nova-cell : Generating 'hostnqn' file for nova_compute] ******************
changed: [server]
changed: [anfitrion]
changed: [asus-tuf]

TASK [nova-cell : Copying over existing policy file] ***************************
skipping: [asus-tuf] => (item={'key': 'nova-libvirt', 'value': {'container_name': 'nova_libvirt', 'group': 'compute', 'enabled': True, 'image': 'quay.io/openstack.kolla/nova-libvirt:2025.2-ubuntu-noble', 'pid_mode': 'host', 'cgroupns_mode': 'host', 'privileged': True, 'volumes': ['/etc/kolla/nova-libvirt/:/var/lib/kolla/config_files/:ro', '/etc/localtime:/etc/localtime:ro', '/etc/timezone:/etc/timezone:ro', '/lib/modules:/lib/modules:ro', '/run:/run:shared', '/dev:/dev', '', '/sys/fs/cgroup:/sys/fs/cgroup', 'kolla_logs:/var/log/kolla/', 'libvirtd:/var/lib/libvirt', 'nova_compute:/var/lib/nova/', '', 'nova_libvirt_qemu:/etc/libvirt/qemu', ''], 'dimensions': {'ulimits': {'nofile': {'soft': 1048576, 'hard': 1048576}, 'memlock': {'soft': 67108864, 'hard': 67108864}}}, 'healthcheck': {'interval': '30', 'retries': '3', 'start_period': '5', 'test': ['CMD-SHELL', 'virsh version --daemon'], 'timeout': '30'}}}) 
skipping: [asus-tuf] => (item={'key': 'nova-ssh', 'value': {'container_name': 'nova_ssh', 'group': 'compute', 'image': 'quay.io/openstack.kolla/nova-ssh:2025.2-ubuntu-noble', 'enabled': True, 'volumes': ['/etc/kolla/nova-ssh/:/var/lib/kolla/config_files/:ro', '/etc/localtime:/etc/localtime:ro', '/etc/timezone:/etc/timezone:ro', 'kolla_logs:/var/log/kolla', 'nova_compute:/var/lib/nova', '', ''], 'dimensions': {'ulimits': {'nofile': {'soft': 1048576, 'hard': 1048576}}}, 'healthcheck': {'interval': '30', 'retries': '3', 'start_period': '5', 'test': ['CMD-SHELL', 'healthcheck_listen sshd 8022'], 'timeout': '30'}}}) 
skipping: [asus-tuf] => (item={'key': 'nova-compute', 'value': {'container_name': 'nova_compute', 'group': 'compute', 'image': 'quay.io/openstack.kolla/nova-compute:2025.2-ubuntu-noble', 'environment': {'LIBGUESTFS_BACKEND': 'direct'}, 'privileged': True, 'enabled': True, 'ipc_mode': 'host', 'volumes': ['/etc/kolla/nova-compute/:/var/lib/kolla/config_files/:ro', '/etc/localtime:/etc/localtime:ro', '/etc/timezone:/etc/timezone:ro', '/lib/modules:/lib/modules:ro', '/run:/run:shared', '/dev:/dev', 'kolla_logs:/var/log/kolla/', '', 'libvirtd:/var/lib/libvirt', 'nova_compute:/var/lib/nova/', '', ''], 'dimensions': {'ulimits': {'nofile': {'soft': 1048576, 'hard': 1048576}}}, 'healthcheck': {'interval': '30', 'retries': '3', 'start_period': '5', 'test': ['CMD-SHELL', 'healthcheck_port nova-compute 5672'], 'timeout': '30'}}}) 
skipping: [asus-tuf]
skipping: [anfitrion] => (item={'key': 'nova-libvirt', 'value': {'container_name': 'nova_libvirt', 'group': 'compute', 'enabled': True, 'image': 'quay.io/openstack.kolla/nova-libvirt:2025.2-ubuntu-noble', 'pid_mode': 'host', 'cgroupns_mode': 'host', 'privileged': True, 'volumes': ['/etc/kolla/nova-libvirt/:/var/lib/kolla/config_files/:ro', '/etc/localtime:/etc/localtime:ro', '/etc/timezone:/etc/timezone:ro', '/lib/modules:/lib/modules:ro', '/run:/run:shared', '/dev:/dev', '', '/sys/fs/cgroup:/sys/fs/cgroup', 'kolla_logs:/var/log/kolla/', 'libvirtd:/var/lib/libvirt', 'nova_compute:/var/lib/nova/', '', 'nova_libvirt_qemu:/etc/libvirt/qemu', ''], 'dimensions': {'ulimits': {'nofile': {'soft': 1048576, 'hard': 1048576}, 'memlock': {'soft': 67108864, 'hard': 67108864}}}, 'healthcheck': {'interval': '30', 'retries': '3', 'start_period': '5', 'test': ['CMD-SHELL', 'virsh version --daemon'], 'timeout': '30'}}}) 
skipping: [anfitrion] => (item={'key': 'nova-ssh', 'value': {'container_name': 'nova_ssh', 'group': 'compute', 'image': 'quay.io/openstack.kolla/nova-ssh:2025.2-ubuntu-noble', 'enabled': True, 'volumes': ['/etc/kolla/nova-ssh/:/var/lib/kolla/config_files/:ro', '/etc/localtime:/etc/localtime:ro', '/etc/timezone:/etc/timezone:ro', 'kolla_logs:/var/log/kolla', 'nova_compute:/var/lib/nova', '', ''], 'dimensions': {'ulimits': {'nofile': {'soft': 1048576, 'hard': 1048576}}}, 'healthcheck': {'interval': '30', 'retries': '3', 'start_period': '5', 'test': ['CMD-SHELL', 'healthcheck_listen sshd 8022'], 'timeout': '30'}}}) 
skipping: [anfitrion] => (item={'key': 'nova-novncproxy', 'value': {'container_name': 'nova_novncproxy', 'group': 'nova-novncproxy', 'image': 'quay.io/openstack.kolla/nova-novncproxy:2025.2-ubuntu-noble', 'enabled': True, 'volumes': ['/etc/kolla/nova-novncproxy/:/var/lib/kolla/config_files/:ro', '/etc/localtime:/etc/localtime:ro', '/etc/timezone:/etc/timezone:ro', 'kolla_logs:/var/log/kolla/', '/dev/shm:/dev/shm', ''], 'dimensions': {'ulimits': {'nofile': {'soft': 1048576, 'hard': 1048576}}}, 'healthcheck': {'interval': '30', 'retries': '3', 'start_period': '5', 'test': ['CMD-SHELL', 'healthcheck_curl http://192.168.0.10:6080/vnc_lite.html'], 'timeout': '30'}}}) 
skipping: [server] => (item={'key': 'nova-libvirt', 'value': {'container_name': 'nova_libvirt', 'group': 'compute', 'enabled': True, 'image': 'quay.io/openstack.kolla/nova-libvirt:2025.2-ubuntu-noble', 'pid_mode': 'host', 'cgroupns_mode': 'host', 'privileged': True, 'volumes': ['/etc/kolla/nova-libvirt/:/var/lib/kolla/config_files/:ro', '/etc/localtime:/etc/localtime:ro', '/etc/timezone:/etc/timezone:ro', '/lib/modules:/lib/modules:ro', '/run:/run:shared', '/dev:/dev', '', '/sys/fs/cgroup:/sys/fs/cgroup', 'kolla_logs:/var/log/kolla/', 'libvirtd:/var/lib/libvirt', 'nova_compute:/var/lib/nova/', '', 'nova_libvirt_qemu:/etc/libvirt/qemu', ''], 'dimensions': {'ulimits': {'nofile': {'soft': 1048576, 'hard': 1048576}, 'memlock': {'soft': 67108864, 'hard': 67108864}}}, 'healthcheck': {'interval': '30', 'retries': '3', 'start_period': '5', 'test': ['CMD-SHELL', 'virsh version --daemon'], 'timeout': '30'}}}) 
skipping: [anfitrion] => (item={'key': 'nova-conductor', 'value': {'container_name': 'nova_conductor', 'group': 'nova-conductor', 'enabled': True, 'image': 'quay.io/openstack.kolla/nova-conductor:2025.2-ubuntu-noble', 'volumes': ['/etc/kolla/nova-conductor/:/var/lib/kolla/config_files/:ro', '/etc/localtime:/etc/localtime:ro', '/etc/timezone:/etc/timezone:ro', 'kolla_logs:/var/log/kolla/', '/dev/shm:/dev/shm', ''], 'dimensions': {'ulimits': {'nofile': {'soft': 1048576, 'hard': 1048576}}}, 'healthcheck': {'interval': '30', 'retries': '3', 'start_period': '5', 'test': ['CMD-SHELL', 'healthcheck_port nova-conductor 5672'], 'timeout': '30'}}}) 
skipping: [server] => (item={'key': 'nova-ssh', 'value': {'container_name': 'nova_ssh', 'group': 'compute', 'image': 'quay.io/openstack.kolla/nova-ssh:2025.2-ubuntu-noble', 'enabled': True, 'volumes': ['/etc/kolla/nova-ssh/:/var/lib/kolla/config_files/:ro', '/etc/localtime:/etc/localtime:ro', '/etc/timezone:/etc/timezone:ro', 'kolla_logs:/var/log/kolla', 'nova_compute:/var/lib/nova', '', ''], 'dimensions': {'ulimits': {'nofile': {'soft': 1048576, 'hard': 1048576}}}, 'healthcheck': {'interval': '30', 'retries': '3', 'start_period': '5', 'test': ['CMD-SHELL', 'healthcheck_listen sshd 8022'], 'timeout': '30'}}}) 
skipping: [anfitrion] => (item={'key': 'nova-compute', 'value': {'container_name': 'nova_compute', 'group': 'compute', 'image': 'quay.io/openstack.kolla/nova-compute:2025.2-ubuntu-noble', 'environment': {'LIBGUESTFS_BACKEND': 'direct'}, 'privileged': True, 'enabled': True, 'ipc_mode': 'host', 'volumes': ['/etc/kolla/nova-compute/:/var/lib/kolla/config_files/:ro', '/etc/localtime:/etc/localtime:ro', '/etc/timezone:/etc/timezone:ro', '/lib/modules:/lib/modules:ro', '/run:/run:shared', '/dev:/dev', 'kolla_logs:/var/log/kolla/', '', 'libvirtd:/var/lib/libvirt', 'nova_compute:/var/lib/nova/', '', ''], 'dimensions': {'ulimits': {'nofile': {'soft': 1048576, 'hard': 1048576}}}, 'healthcheck': {'interval': '30', 'retries': '3', 'start_period': '5', 'test': ['CMD-SHELL', 'healthcheck_port nova-compute 5672'], 'timeout': '30'}}}) 
skipping: [anfitrion]
skipping: [server] => (item={'key': 'nova-compute', 'value': {'container_name': 'nova_compute', 'group': 'compute', 'image': 'quay.io/openstack.kolla/nova-compute:2025.2-ubuntu-noble', 'environment': {'LIBGUESTFS_BACKEND': 'direct'}, 'privileged': True, 'enabled': True, 'ipc_mode': 'host', 'volumes': ['/etc/kolla/nova-compute/:/var/lib/kolla/config_files/:ro', '/etc/localtime:/etc/localtime:ro', '/etc/timezone:/etc/timezone:ro', '/lib/modules:/lib/modules:ro', '/run:/run:shared', '/dev:/dev', 'kolla_logs:/var/log/kolla/', '', 'libvirtd:/var/lib/libvirt', 'nova_compute:/var/lib/nova/', '', ''], 'dimensions': {'ulimits': {'nofile': {'soft': 1048576, 'hard': 1048576}}}, 'healthcheck': {'interval': '30', 'retries': '3', 'start_period': '5', 'test': ['CMD-SHELL', 'healthcheck_port nova-compute 5672'], 'timeout': '30'}}}) 
skipping: [server]

TASK [nova-cell : Copying over vendordata file to containers] ******************
skipping: [anfitrion] => (item=nova-compute) 
skipping: [anfitrion] => (item=nova-compute-ironic) 
skipping: [anfitrion]
skipping: [asus-tuf] => (item=nova-compute) 
skipping: [asus-tuf] => (item=nova-compute-ironic) 
skipping: [asus-tuf]
skipping: [server] => (item=nova-compute) 
skipping: [server] => (item=nova-compute-ironic) 
skipping: [server]

TASK [nova-cell : Copying over multipath.conf] *********************************
skipping: [asus-tuf] => (item=/opt/kolla-ansible/share/kolla-ansible/ansible/roles/nova-cell/templates/multipath.conf.j2) 
skipping: [asus-tuf]
skipping: [anfitrion] => (item=/opt/kolla-ansible/share/kolla-ansible/ansible/roles/nova-cell/templates/multipath.conf.j2) 
skipping: [anfitrion]
skipping: [server] => (item=/opt/kolla-ansible/share/kolla-ansible/ansible/roles/nova-cell/templates/multipath.conf.j2) 
skipping: [server]

TASK [service-check-containers : nova_cell | Check containers] *****************
changed: [server] => (item={'key': 'nova-libvirt', 'value': {'container_name': 'nova_libvirt', 'group': 'compute', 'enabled': True, 'image': 'quay.io/openstack.kolla/nova-libvirt:2025.2-ubuntu-noble', 'pid_mode': 'host', 'cgroupns_mode': 'host', 'privileged': True, 'volumes': ['/etc/kolla/nova-libvirt/:/var/lib/kolla/config_files/:ro', '/etc/localtime:/etc/localtime:ro', '/etc/timezone:/etc/timezone:ro', '/lib/modules:/lib/modules:ro', '/run:/run:shared', '/dev:/dev', '', '/sys/fs/cgroup:/sys/fs/cgroup', 'kolla_logs:/var/log/kolla/', 'libvirtd:/var/lib/libvirt', 'nova_compute:/var/lib/nova/', '', 'nova_libvirt_qemu:/etc/libvirt/qemu', ''], 'dimensions': {'ulimits': {'nofile': {'soft': 1048576, 'hard': 1048576}, 'memlock': {'soft': 67108864, 'hard': 67108864}}}, 'healthcheck': {'interval': '30', 'retries': '3', 'start_period': '5', 'test': ['CMD-SHELL', 'virsh version --daemon'], 'timeout': '30'}}})
changed: [anfitrion] => (item={'key': 'nova-libvirt', 'value': {'container_name': 'nova_libvirt', 'group': 'compute', 'enabled': True, 'image': 'quay.io/openstack.kolla/nova-libvirt:2025.2-ubuntu-noble', 'pid_mode': 'host', 'cgroupns_mode': 'host', 'privileged': True, 'volumes': ['/etc/kolla/nova-libvirt/:/var/lib/kolla/config_files/:ro', '/etc/localtime:/etc/localtime:ro', '/etc/timezone:/etc/timezone:ro', '/lib/modules:/lib/modules:ro', '/run:/run:shared', '/dev:/dev', '', '/sys/fs/cgroup:/sys/fs/cgroup', 'kolla_logs:/var/log/kolla/', 'libvirtd:/var/lib/libvirt', 'nova_compute:/var/lib/nova/', '', 'nova_libvirt_qemu:/etc/libvirt/qemu', ''], 'dimensions': {'ulimits': {'nofile': {'soft': 1048576, 'hard': 1048576}, 'memlock': {'soft': 67108864, 'hard': 67108864}}}, 'healthcheck': {'interval': '30', 'retries': '3', 'start_period': '5', 'test': ['CMD-SHELL', 'virsh version --daemon'], 'timeout': '30'}}})
changed: [asus-tuf] => (item={'key': 'nova-libvirt', 'value': {'container_name': 'nova_libvirt', 'group': 'compute', 'enabled': True, 'image': 'quay.io/openstack.kolla/nova-libvirt:2025.2-ubuntu-noble', 'pid_mode': 'host', 'cgroupns_mode': 'host', 'privileged': True, 'volumes': ['/etc/kolla/nova-libvirt/:/var/lib/kolla/config_files/:ro', '/etc/localtime:/etc/localtime:ro', '/etc/timezone:/etc/timezone:ro', '/lib/modules:/lib/modules:ro', '/run:/run:shared', '/dev:/dev', '', '/sys/fs/cgroup:/sys/fs/cgroup', 'kolla_logs:/var/log/kolla/', 'libvirtd:/var/lib/libvirt', 'nova_compute:/var/lib/nova/', '', 'nova_libvirt_qemu:/etc/libvirt/qemu', ''], 'dimensions': {'ulimits': {'nofile': {'soft': 1048576, 'hard': 1048576}, 'memlock': {'soft': 67108864, 'hard': 67108864}}}, 'healthcheck': {'interval': '30', 'retries': '3', 'start_period': '5', 'test': ['CMD-SHELL', 'virsh version --daemon'], 'timeout': '30'}}})
changed: [server] => (item={'key': 'nova-ssh', 'value': {'container_name': 'nova_ssh', 'group': 'compute', 'image': 'quay.io/openstack.kolla/nova-ssh:2025.2-ubuntu-noble', 'enabled': True, 'volumes': ['/etc/kolla/nova-ssh/:/var/lib/kolla/config_files/:ro', '/etc/localtime:/etc/localtime:ro', '/etc/timezone:/etc/timezone:ro', 'kolla_logs:/var/log/kolla', 'nova_compute:/var/lib/nova', '', ''], 'dimensions': {'ulimits': {'nofile': {'soft': 1048576, 'hard': 1048576}}}, 'healthcheck': {'interval': '30', 'retries': '3', 'start_period': '5', 'test': ['CMD-SHELL', 'healthcheck_listen sshd 8022'], 'timeout': '30'}}})
changed: [anfitrion] => (item={'key': 'nova-ssh', 'value': {'container_name': 'nova_ssh', 'group': 'compute', 'image': 'quay.io/openstack.kolla/nova-ssh:2025.2-ubuntu-noble', 'enabled': True, 'volumes': ['/etc/kolla/nova-ssh/:/var/lib/kolla/config_files/:ro', '/etc/localtime:/etc/localtime:ro', '/etc/timezone:/etc/timezone:ro', 'kolla_logs:/var/log/kolla', 'nova_compute:/var/lib/nova', '', ''], 'dimensions': {'ulimits': {'nofile': {'soft': 1048576, 'hard': 1048576}}}, 'healthcheck': {'interval': '30', 'retries': '3', 'start_period': '5', 'test': ['CMD-SHELL', 'healthcheck_listen sshd 8022'], 'timeout': '30'}}})
changed: [server] => (item={'key': 'nova-compute', 'value': {'container_name': 'nova_compute', 'group': 'compute', 'image': 'quay.io/openstack.kolla/nova-compute:2025.2-ubuntu-noble', 'environment': {'LIBGUESTFS_BACKEND': 'direct'}, 'privileged': True, 'enabled': True, 'ipc_mode': 'host', 'volumes': ['/etc/kolla/nova-compute/:/var/lib/kolla/config_files/:ro', '/etc/localtime:/etc/localtime:ro', '/etc/timezone:/etc/timezone:ro', '/lib/modules:/lib/modules:ro', '/run:/run:shared', '/dev:/dev', 'kolla_logs:/var/log/kolla/', '', 'libvirtd:/var/lib/libvirt', 'nova_compute:/var/lib/nova/', '', ''], 'dimensions': {'ulimits': {'nofile': {'soft': 1048576, 'hard': 1048576}}}, 'healthcheck': {'interval': '30', 'retries': '3', 'start_period': '5', 'test': ['CMD-SHELL', 'healthcheck_port nova-compute 5672'], 'timeout': '30'}}})
changed: [asus-tuf] => (item={'key': 'nova-ssh', 'value': {'container_name': 'nova_ssh', 'group': 'compute', 'image': 'quay.io/openstack.kolla/nova-ssh:2025.2-ubuntu-noble', 'enabled': True, 'volumes': ['/etc/kolla/nova-ssh/:/var/lib/kolla/config_files/:ro', '/etc/localtime:/etc/localtime:ro', '/etc/timezone:/etc/timezone:ro', 'kolla_logs:/var/log/kolla', 'nova_compute:/var/lib/nova', '', ''], 'dimensions': {'ulimits': {'nofile': {'soft': 1048576, 'hard': 1048576}}}, 'healthcheck': {'interval': '30', 'retries': '3', 'start_period': '5', 'test': ['CMD-SHELL', 'healthcheck_listen sshd 8022'], 'timeout': '30'}}})
changed: [anfitrion] => (item={'key': 'nova-novncproxy', 'value': {'container_name': 'nova_novncproxy', 'group': 'nova-novncproxy', 'image': 'quay.io/openstack.kolla/nova-novncproxy:2025.2-ubuntu-noble', 'enabled': True, 'volumes': ['/etc/kolla/nova-novncproxy/:/var/lib/kolla/config_files/:ro', '/etc/localtime:/etc/localtime:ro', '/etc/timezone:/etc/timezone:ro', 'kolla_logs:/var/log/kolla/', '/dev/shm:/dev/shm', ''], 'dimensions': {'ulimits': {'nofile': {'soft': 1048576, 'hard': 1048576}}}, 'healthcheck': {'interval': '30', 'retries': '3', 'start_period': '5', 'test': ['CMD-SHELL', 'healthcheck_curl http://192.168.0.10:6080/vnc_lite.html'], 'timeout': '30'}}})
changed: [anfitrion] => (item={'key': 'nova-conductor', 'value': {'container_name': 'nova_conductor', 'group': 'nova-conductor', 'enabled': True, 'image': 'quay.io/openstack.kolla/nova-conductor:2025.2-ubuntu-noble', 'volumes': ['/etc/kolla/nova-conductor/:/var/lib/kolla/config_files/:ro', '/etc/localtime:/etc/localtime:ro', '/etc/timezone:/etc/timezone:ro', 'kolla_logs:/var/log/kolla/', '/dev/shm:/dev/shm', ''], 'dimensions': {'ulimits': {'nofile': {'soft': 1048576, 'hard': 1048576}}}, 'healthcheck': {'interval': '30', 'retries': '3', 'start_period': '5', 'test': ['CMD-SHELL', 'healthcheck_port nova-conductor 5672'], 'timeout': '30'}}})
changed: [asus-tuf] => (item={'key': 'nova-compute', 'value': {'container_name': 'nova_compute', 'group': 'compute', 'image': 'quay.io/openstack.kolla/nova-compute:2025.2-ubuntu-noble', 'environment': {'LIBGUESTFS_BACKEND': 'direct'}, 'privileged': True, 'enabled': True, 'ipc_mode': 'host', 'volumes': ['/etc/kolla/nova-compute/:/var/lib/kolla/config_files/:ro', '/etc/localtime:/etc/localtime:ro', '/etc/timezone:/etc/timezone:ro', '/lib/modules:/lib/modules:ro', '/run:/run:shared', '/dev:/dev', 'kolla_logs:/var/log/kolla/', '', 'libvirtd:/var/lib/libvirt', 'nova_compute:/var/lib/nova/', '', ''], 'dimensions': {'ulimits': {'nofile': {'soft': 1048576, 'hard': 1048576}}}, 'healthcheck': {'interval': '30', 'retries': '3', 'start_period': '5', 'test': ['CMD-SHELL', 'healthcheck_port nova-compute 5672'], 'timeout': '30'}}})
changed: [anfitrion] => (item={'key': 'nova-compute', 'value': {'container_name': 'nova_compute', 'group': 'compute', 'image': 'quay.io/openstack.kolla/nova-compute:2025.2-ubuntu-noble', 'environment': {'LIBGUESTFS_BACKEND': 'direct'}, 'privileged': True, 'enabled': True, 'ipc_mode': 'host', 'volumes': ['/etc/kolla/nova-compute/:/var/lib/kolla/config_files/:ro', '/etc/localtime:/etc/localtime:ro', '/etc/timezone:/etc/timezone:ro', '/lib/modules:/lib/modules:ro', '/run:/run:shared', '/dev:/dev', 'kolla_logs:/var/log/kolla/', '', 'libvirtd:/var/lib/libvirt', 'nova_compute:/var/lib/nova/', '', ''], 'dimensions': {'ulimits': {'nofile': {'soft': 1048576, 'hard': 1048576}}}, 'healthcheck': {'interval': '30', 'retries': '3', 'start_period': '5', 'test': ['CMD-SHELL', 'healthcheck_port nova-compute 5672'], 'timeout': '30'}}})

TASK [service-check-containers : nova_cell | Notify handlers to restart containers] ***
changed: [anfitrion] => {
    "msg": "Notifying handlers"
}
changed: [asus-tuf] => {
    "msg": "Notifying handlers"
}
changed: [server] => {
    "msg": "Notifying handlers"
}

TASK [service-check-containers : Include tasks] ********************************
skipping: [asus-tuf] => (item={'key': 'nova-libvirt', 'value': {'container_name': 'nova_libvirt', 'group': 'compute', 'enabled': True, 'image': 'quay.io/openstack.kolla/nova-libvirt:2025.2-ubuntu-noble', 'pid_mode': 'host', 'cgroupns_mode': 'host', 'privileged': True, 'volumes': ['/etc/kolla/nova-libvirt/:/var/lib/kolla/config_files/:ro', '/etc/localtime:/etc/localtime:ro', '/etc/timezone:/etc/timezone:ro', '/lib/modules:/lib/modules:ro', '/run:/run:shared', '/dev:/dev', '', '/sys/fs/cgroup:/sys/fs/cgroup', 'kolla_logs:/var/log/kolla/', 'libvirtd:/var/lib/libvirt', 'nova_compute:/var/lib/nova/', '', 'nova_libvirt_qemu:/etc/libvirt/qemu', ''], 'dimensions': {'ulimits': {'nofile': {'soft': 1048576, 'hard': 1048576}, 'memlock': {'soft': 67108864, 'hard': 67108864}}}, 'healthcheck': {'interval': '30', 'retries': '3', 'start_period': '5', 'test': ['CMD-SHELL', 'virsh version --daemon'], 'timeout': '30'}}}) 
skipping: [asus-tuf] => (item={'key': 'nova-ssh', 'value': {'container_name': 'nova_ssh', 'group': 'compute', 'image': 'quay.io/openstack.kolla/nova-ssh:2025.2-ubuntu-noble', 'enabled': True, 'volumes': ['/etc/kolla/nova-ssh/:/var/lib/kolla/config_files/:ro', '/etc/localtime:/etc/localtime:ro', '/etc/timezone:/etc/timezone:ro', 'kolla_logs:/var/log/kolla', 'nova_compute:/var/lib/nova', '', ''], 'dimensions': {'ulimits': {'nofile': {'soft': 1048576, 'hard': 1048576}}}, 'healthcheck': {'interval': '30', 'retries': '3', 'start_period': '5', 'test': ['CMD-SHELL', 'healthcheck_listen sshd 8022'], 'timeout': '30'}}}) 
skipping: [anfitrion] => (item={'key': 'nova-libvirt', 'value': {'container_name': 'nova_libvirt', 'group': 'compute', 'enabled': True, 'image': 'quay.io/openstack.kolla/nova-libvirt:2025.2-ubuntu-noble', 'pid_mode': 'host', 'cgroupns_mode': 'host', 'privileged': True, 'volumes': ['/etc/kolla/nova-libvirt/:/var/lib/kolla/config_files/:ro', '/etc/localtime:/etc/localtime:ro', '/etc/timezone:/etc/timezone:ro', '/lib/modules:/lib/modules:ro', '/run:/run:shared', '/dev:/dev', '', '/sys/fs/cgroup:/sys/fs/cgroup', 'kolla_logs:/var/log/kolla/', 'libvirtd:/var/lib/libvirt', 'nova_compute:/var/lib/nova/', '', 'nova_libvirt_qemu:/etc/libvirt/qemu', ''], 'dimensions': {'ulimits': {'nofile': {'soft': 1048576, 'hard': 1048576}, 'memlock': {'soft': 67108864, 'hard': 67108864}}}, 'healthcheck': {'interval': '30', 'retries': '3', 'start_period': '5', 'test': ['CMD-SHELL', 'virsh version --daemon'], 'timeout': '30'}}}) 
skipping: [asus-tuf] => (item={'key': 'nova-compute', 'value': {'container_name': 'nova_compute', 'group': 'compute', 'image': 'quay.io/openstack.kolla/nova-compute:2025.2-ubuntu-noble', 'environment': {'LIBGUESTFS_BACKEND': 'direct'}, 'privileged': True, 'enabled': True, 'ipc_mode': 'host', 'volumes': ['/etc/kolla/nova-compute/:/var/lib/kolla/config_files/:ro', '/etc/localtime:/etc/localtime:ro', '/etc/timezone:/etc/timezone:ro', '/lib/modules:/lib/modules:ro', '/run:/run:shared', '/dev:/dev', 'kolla_logs:/var/log/kolla/', '', 'libvirtd:/var/lib/libvirt', 'nova_compute:/var/lib/nova/', '', ''], 'dimensions': {'ulimits': {'nofile': {'soft': 1048576, 'hard': 1048576}}}, 'healthcheck': {'interval': '30', 'retries': '3', 'start_period': '5', 'test': ['CMD-SHELL', 'healthcheck_port nova-compute 5672'], 'timeout': '30'}}}) 
skipping: [asus-tuf]
skipping: [server] => (item={'key': 'nova-libvirt', 'value': {'container_name': 'nova_libvirt', 'group': 'compute', 'enabled': True, 'image': 'quay.io/openstack.kolla/nova-libvirt:2025.2-ubuntu-noble', 'pid_mode': 'host', 'cgroupns_mode': 'host', 'privileged': True, 'volumes': ['/etc/kolla/nova-libvirt/:/var/lib/kolla/config_files/:ro', '/etc/localtime:/etc/localtime:ro', '/etc/timezone:/etc/timezone:ro', '/lib/modules:/lib/modules:ro', '/run:/run:shared', '/dev:/dev', '', '/sys/fs/cgroup:/sys/fs/cgroup', 'kolla_logs:/var/log/kolla/', 'libvirtd:/var/lib/libvirt', 'nova_compute:/var/lib/nova/', '', 'nova_libvirt_qemu:/etc/libvirt/qemu', ''], 'dimensions': {'ulimits': {'nofile': {'soft': 1048576, 'hard': 1048576}, 'memlock': {'soft': 67108864, 'hard': 67108864}}}, 'healthcheck': {'interval': '30', 'retries': '3', 'start_period': '5', 'test': ['CMD-SHELL', 'virsh version --daemon'], 'timeout': '30'}}}) 
skipping: [anfitrion] => (item={'key': 'nova-ssh', 'value': {'container_name': 'nova_ssh', 'group': 'compute', 'image': 'quay.io/openstack.kolla/nova-ssh:2025.2-ubuntu-noble', 'enabled': True, 'volumes': ['/etc/kolla/nova-ssh/:/var/lib/kolla/config_files/:ro', '/etc/localtime:/etc/localtime:ro', '/etc/timezone:/etc/timezone:ro', 'kolla_logs:/var/log/kolla', 'nova_compute:/var/lib/nova', '', ''], 'dimensions': {'ulimits': {'nofile': {'soft': 1048576, 'hard': 1048576}}}, 'healthcheck': {'interval': '30', 'retries': '3', 'start_period': '5', 'test': ['CMD-SHELL', 'healthcheck_listen sshd 8022'], 'timeout': '30'}}}) 
skipping: [server] => (item={'key': 'nova-ssh', 'value': {'container_name': 'nova_ssh', 'group': 'compute', 'image': 'quay.io/openstack.kolla/nova-ssh:2025.2-ubuntu-noble', 'enabled': True, 'volumes': ['/etc/kolla/nova-ssh/:/var/lib/kolla/config_files/:ro', '/etc/localtime:/etc/localtime:ro', '/etc/timezone:/etc/timezone:ro', 'kolla_logs:/var/log/kolla', 'nova_compute:/var/lib/nova', '', ''], 'dimensions': {'ulimits': {'nofile': {'soft': 1048576, 'hard': 1048576}}}, 'healthcheck': {'interval': '30', 'retries': '3', 'start_period': '5', 'test': ['CMD-SHELL', 'healthcheck_listen sshd 8022'], 'timeout': '30'}}}) 
skipping: [anfitrion] => (item={'key': 'nova-novncproxy', 'value': {'container_name': 'nova_novncproxy', 'group': 'nova-novncproxy', 'image': 'quay.io/openstack.kolla/nova-novncproxy:2025.2-ubuntu-noble', 'enabled': True, 'volumes': ['/etc/kolla/nova-novncproxy/:/var/lib/kolla/config_files/:ro', '/etc/localtime:/etc/localtime:ro', '/etc/timezone:/etc/timezone:ro', 'kolla_logs:/var/log/kolla/', '/dev/shm:/dev/shm', ''], 'dimensions': {'ulimits': {'nofile': {'soft': 1048576, 'hard': 1048576}}}, 'healthcheck': {'interval': '30', 'retries': '3', 'start_period': '5', 'test': ['CMD-SHELL', 'healthcheck_curl http://192.168.0.10:6080/vnc_lite.html'], 'timeout': '30'}}}) 
skipping: [server] => (item={'key': 'nova-compute', 'value': {'container_name': 'nova_compute', 'group': 'compute', 'image': 'quay.io/openstack.kolla/nova-compute:2025.2-ubuntu-noble', 'environment': {'LIBGUESTFS_BACKEND': 'direct'}, 'privileged': True, 'enabled': True, 'ipc_mode': 'host', 'volumes': ['/etc/kolla/nova-compute/:/var/lib/kolla/config_files/:ro', '/etc/localtime:/etc/localtime:ro', '/etc/timezone:/etc/timezone:ro', '/lib/modules:/lib/modules:ro', '/run:/run:shared', '/dev:/dev', 'kolla_logs:/var/log/kolla/', '', 'libvirtd:/var/lib/libvirt', 'nova_compute:/var/lib/nova/', '', ''], 'dimensions': {'ulimits': {'nofile': {'soft': 1048576, 'hard': 1048576}}}, 'healthcheck': {'interval': '30', 'retries': '3', 'start_period': '5', 'test': ['CMD-SHELL', 'healthcheck_port nova-compute 5672'], 'timeout': '30'}}}) 
skipping: [server]
skipping: [anfitrion] => (item={'key': 'nova-conductor', 'value': {'container_name': 'nova_conductor', 'group': 'nova-conductor', 'enabled': True, 'image': 'quay.io/openstack.kolla/nova-conductor:2025.2-ubuntu-noble', 'volumes': ['/etc/kolla/nova-conductor/:/var/lib/kolla/config_files/:ro', '/etc/localtime:/etc/localtime:ro', '/etc/timezone:/etc/timezone:ro', 'kolla_logs:/var/log/kolla/', '/dev/shm:/dev/shm', ''], 'dimensions': {'ulimits': {'nofile': {'soft': 1048576, 'hard': 1048576}}}, 'healthcheck': {'interval': '30', 'retries': '3', 'start_period': '5', 'test': ['CMD-SHELL', 'healthcheck_port nova-conductor 5672'], 'timeout': '30'}}}) 
skipping: [anfitrion] => (item={'key': 'nova-compute', 'value': {'container_name': 'nova_compute', 'group': 'compute', 'image': 'quay.io/openstack.kolla/nova-compute:2025.2-ubuntu-noble', 'environment': {'LIBGUESTFS_BACKEND': 'direct'}, 'privileged': True, 'enabled': True, 'ipc_mode': 'host', 'volumes': ['/etc/kolla/nova-compute/:/var/lib/kolla/config_files/:ro', '/etc/localtime:/etc/localtime:ro', '/etc/timezone:/etc/timezone:ro', '/lib/modules:/lib/modules:ro', '/run:/run:shared', '/dev:/dev', 'kolla_logs:/var/log/kolla/', '', 'libvirtd:/var/lib/libvirt', 'nova_compute:/var/lib/nova/', '', ''], 'dimensions': {'ulimits': {'nofile': {'soft': 1048576, 'hard': 1048576}}}, 'healthcheck': {'interval': '30', 'retries': '3', 'start_period': '5', 'test': ['CMD-SHELL', 'healthcheck_port nova-compute 5672'], 'timeout': '30'}}}) 
skipping: [anfitrion]

TASK [nova-cell : include_tasks] ***********************************************
skipping: [anfitrion]
skipping: [asus-tuf]
skipping: [server]

TASK [nova-cell : Flush handlers] **********************************************

TASK [nova-cell : Flush handlers] **********************************************

TASK [nova-cell : Flush handlers] **********************************************

RUNNING HANDLER [nova-cell : Restart nova-conductor container] *****************
changed: [anfitrion]

RUNNING HANDLER [nova-cell : Restart nova-novncproxy container] ****************
changed: [anfitrion]

RUNNING HANDLER [nova-cell : Restart nova-ssh container] ***********************
changed: [anfitrion]
changed: [server]
changed: [asus-tuf]

RUNNING HANDLER [nova-cell : Restart nova-libvirt container] *******************
changed: [anfitrion]
changed: [server]
changed: [asus-tuf]

RUNNING HANDLER [nova-cell : Checking libvirt container is ready] **************
changed: [server]
changed: [anfitrion]
changed: [asus-tuf]

RUNNING HANDLER [nova-cell : Create libvirt SASL user] *************************
changed: [server]
changed: [anfitrion]
changed: [asus-tuf]

RUNNING HANDLER [nova-cell : Restart nova-compute container] *******************
changed: [server]
changed: [asus-tuf]
changed: [anfitrion]

RUNNING HANDLER [nova-cell : Wait for nova-compute services to update service versions] ***
skipping: [anfitrion]

TASK [nova-cell : Waiting for nova-compute services to register themselves] ****
skipping: [asus-tuf]
skipping: [server]
FAILED - RETRYING: [anfitrion]: Waiting for nova-compute services to register themselves (20 retries left).
ok: [anfitrion]

TASK [nova-cell : Fail if nova-compute service failed to register] *************
skipping: [asus-tuf]
skipping: [server]
skipping: [anfitrion]

TASK [nova-cell : Include discover_computes.yml] *******************************
skipping: [asus-tuf]
skipping: [server]
included: /opt/kolla-ansible/share/kolla-ansible/ansible/roles/nova-cell/tasks/discover_computes.yml for anfitrion

TASK [nova-cell : Get a list of existing cells] ********************************
ok: [anfitrion]

TASK [nova-cell : Extract current cell settings from list] *********************
ok: [anfitrion]

TASK [nova-cell : Fail if cell settings not found] *****************************
skipping: [anfitrion]

TASK [nova-cell : Discover nova hosts] *****************************************
ok: [anfitrion]

PLAY [Refresh nova scheduler cell cache] ***************************************

TASK [nova : Refresh cell cache in nova scheduler] *****************************
changed: [anfitrion]

PLAY [Reload global Nova super conductor services] *****************************

TASK [nova : Reload nova super conductor services to remove RPC version pin] ***
skipping: [anfitrion]

PLAY [Reload Nova cell services] ***********************************************

TASK [nova-cell : Reload nova cell services to remove RPC version cap] *********
skipping: [anfitrion] => (item=nova-conductor) 
skipping: [anfitrion] => (item=nova-compute) 
skipping: [anfitrion] => (item=nova-compute-ironic) 
skipping: [anfitrion] => (item=nova-novncproxy) 
skipping: [anfitrion] => (item=nova-serialproxy) 
skipping: [asus-tuf] => (item=nova-conductor) 
skipping: [anfitrion] => (item=nova-spicehtml5proxy) 
skipping: [asus-tuf] => (item=nova-compute) 
skipping: [anfitrion]
skipping: [asus-tuf] => (item=nova-compute-ironic) 
skipping: [asus-tuf] => (item=nova-novncproxy) 
skipping: [asus-tuf] => (item=nova-serialproxy) 
skipping: [asus-tuf] => (item=nova-spicehtml5proxy) 
skipping: [asus-tuf]
skipping: [server] => (item=nova-conductor) 
skipping: [server] => (item=nova-compute) 
skipping: [server] => (item=nova-compute-ironic) 
skipping: [server] => (item=nova-novncproxy) 
skipping: [server] => (item=nova-serialproxy) 
skipping: [server] => (item=nova-spicehtml5proxy) 
skipping: [server]

PLAY [Reload global Nova API services] *****************************************

TASK [nova : Reload nova API services to remove RPC version pin] ***************
skipping: [anfitrion] => (item=nova-scheduler) 
skipping: [anfitrion] => (item=nova-api) 
skipping: [anfitrion]

PLAY [Run Nova API online data migrations] *************************************

TASK [nova : Run Nova API online database migrations] **************************
skipping: [anfitrion]

PLAY [Run Nova cell online data migrations] ************************************

TASK [nova-cell : Run Nova cell online database migrations] ********************
skipping: [anfitrion]

PLAY [Apply role neutron] ******************************************************

TASK [neutron : include_tasks] *************************************************
included: /opt/kolla-ansible/share/kolla-ansible/ansible/roles/neutron/tasks/deploy.yml for anfitrion, asus-tuf, server

TASK [neutron : Get container facts] *******************************************
ok: [server]
ok: [anfitrion]
ok: [asus-tuf]

TASK [neutron : Get container volume facts] ************************************
ok: [anfitrion]
ok: [server]
ok: [asus-tuf]

TASK [neutron : Check for ML2/OVN presence] ************************************
skipping: [anfitrion]
skipping: [asus-tuf]
skipping: [server]

TASK [neutron : Check for ML2/OVS presence] ************************************
skipping: [anfitrion]
skipping: [asus-tuf]
skipping: [server]

TASK [service-ks-register : neutron | Creating/deleting services] **************
changed: [anfitrion] => (item=neutron (network))

TASK [service-ks-register : neutron | Creating/deleting endpoints] *************
changed: [anfitrion] => (item=neutron -> http://192.168.0.200:9696 -> internal)
changed: [anfitrion] => (item=neutron -> http://192.168.0.200:9696 -> public)

TASK [service-ks-register : neutron | Creating projects] ***********************
ok: [anfitrion] => (item=service)

TASK [service-ks-register : neutron | Creating/deleting users] *****************
changed: [anfitrion] => (item=neutron -> service)

TASK [service-ks-register : neutron | Creating roles] **************************
ok: [anfitrion] => (item=admin)

TASK [service-ks-register : neutron | Granting/revoking user roles] ************
changed: [anfitrion] => (item=neutron -> service -> admin)
changed: [anfitrion] => (item=neutron -> service -> service)

TASK [neutron : include_tasks] *************************************************
skipping: [anfitrion]
skipping: [asus-tuf]
skipping: [server]

TASK [Load and persist kernel modules] *****************************************
included: module-load for asus-tuf, anfitrion, server

TASK [module-load : Load modules] **********************************************
changed: [anfitrion] => (item=ip6_tables)
changed: [server] => (item=ip6_tables)
changed: [asus-tuf] => (item=ip6_tables)

TASK [module-load : Persist modules via modules-load.d] ************************
changed: [server] => (item=ip6_tables)
changed: [anfitrion] => (item=ip6_tables)
changed: [asus-tuf] => (item=ip6_tables)

TASK [module-load : Drop module persistence] ***********************************
skipping: [anfitrion] => (item=ip6_tables) 
skipping: [asus-tuf] => (item=ip6_tables) 
skipping: [anfitrion]
skipping: [asus-tuf]
skipping: [server] => (item=ip6_tables) 
skipping: [server]

TASK [neutron : Check IPv6 support] ********************************************
ok: [anfitrion]
ok: [server]
ok: [asus-tuf]

TASK [Setting sysctl values] ***************************************************
skipping: [asus-tuf]
skipping: [server]
included: sysctl for anfitrion

TASK [sysctl : Check IPv6 support] *********************************************
ok: [anfitrion]

TASK [sysctl : Setting sysctl values] ******************************************
changed: [anfitrion] => (item={'name': 'net.ipv4.neigh.default.gc_thresh1', 'value': 128})
changed: [anfitrion] => (item={'name': 'net.ipv4.neigh.default.gc_thresh2', 'value': 28672})
changed: [anfitrion] => (item={'name': 'net.ipv4.neigh.default.gc_thresh3', 'value': 32768})
changed: [anfitrion] => (item={'name': 'net.ipv6.neigh.default.gc_thresh1', 'value': '128'})
changed: [anfitrion] => (item={'name': 'net.ipv6.neigh.default.gc_thresh2', 'value': '28672'})
changed: [anfitrion] => (item={'name': 'net.ipv6.neigh.default.gc_thresh3', 'value': '32768'})

TASK [neutron : Ensuring config directories exist] *****************************
changed: [server] => (item={'key': 'neutron-openvswitch-agent', 'value': {'container_name': 'neutron_openvswitch_agent', 'image': 'quay.io/openstack.kolla/neutron-openvswitch-agent:2025.2-ubuntu-noble', 'enabled': True, 'privileged': True, 'host_in_groups': True, 'volumes': ['/etc/kolla/neutron-openvswitch-agent/:/var/lib/kolla/config_files/:ro', '/etc/localtime:/etc/localtime:ro', '/etc/timezone:/etc/timezone:ro', '/lib/modules:/lib/modules:ro', '/run/openvswitch:/run/openvswitch:shared', 'kolla_logs:/var/log/kolla/', '/dev/shm:/dev/shm', ''], 'dimensions': {'ulimits': {'nofile': {'soft': 1048576, 'hard': 1048576}}}, 'healthcheck': {'interval': '30', 'retries': '3', 'start_period': '5', 'test': ['CMD-SHELL', 'healthcheck_port neutron-openvswitch-agent 5672'], 'timeout': '30'}}})
changed: [anfitrion] => (item={'key': 'neutron-server', 'value': {'container_name': 'neutron_server', 'image': 'quay.io/openstack.kolla/neutron-server:2025.2-ubuntu-noble', 'enabled': True, 'group': 'neutron-server', 'host_in_groups': True, 'volumes': ['/etc/kolla/neutron-server/:/var/lib/kolla/config_files/:ro', '/etc/localtime:/etc/localtime:ro', '/etc/timezone:/etc/timezone:ro', 'kolla_logs:/var/log/kolla/', '/dev/shm:/dev/shm', ''], 'dimensions': {'ulimits': {'nofile': {'soft': 1048576, 'hard': 1048576}}}, 'healthcheck': {'interval': '30', 'retries': '3', 'start_period': '5', 'test': ['CMD-SHELL', 'healthcheck_curl http://192.168.0.10:9696'], 'timeout': '30'}, 'wsgi': 'neutron.wsgi.api:application', 'haproxy': {'neutron_server': {'enabled': True, 'mode': 'http', 'external': False, 'port': '9696', 'listen_port': '9696', 'backend_http_extra': ['option httpchk'], 'tls_backend': False}, 'neutron_server_external': {'enabled': True, 'mode': 'http', 'external': True, 'external_fqdn': '192.168.0.200', 'port': '9696', 'listen_port': '9696', 'backend_http_extra': ['option httpchk'], 'tls_backend': False}}}})
changed: [asus-tuf] => (item={'key': 'neutron-openvswitch-agent', 'value': {'container_name': 'neutron_openvswitch_agent', 'image': 'quay.io/openstack.kolla/neutron-openvswitch-agent:2025.2-ubuntu-noble', 'enabled': True, 'privileged': True, 'host_in_groups': True, 'volumes': ['/etc/kolla/neutron-openvswitch-agent/:/var/lib/kolla/config_files/:ro', '/etc/localtime:/etc/localtime:ro', '/etc/timezone:/etc/timezone:ro', '/lib/modules:/lib/modules:ro', '/run/openvswitch:/run/openvswitch:shared', 'kolla_logs:/var/log/kolla/', '/dev/shm:/dev/shm', ''], 'dimensions': {'ulimits': {'nofile': {'soft': 1048576, 'hard': 1048576}}}, 'healthcheck': {'interval': '30', 'retries': '3', 'start_period': '5', 'test': ['CMD-SHELL', 'healthcheck_port neutron-openvswitch-agent 5672'], 'timeout': '30'}}})
changed: [anfitrion] => (item={'key': 'neutron-rpc-server', 'value': {'container_name': 'neutron_rpc_server', 'image': 'quay.io/openstack.kolla/neutron-server:2025.2-ubuntu-noble', 'enabled': True, 'group': 'neutron-rpc-server', 'host_in_groups': True, 'volumes': ['/etc/kolla/neutron-rpc-server/:/var/lib/kolla/config_files/:ro', '/etc/localtime:/etc/localtime:ro', '/etc/timezone:/etc/timezone:ro', 'kolla_logs:/var/log/kolla/', '/dev/shm:/dev/shm'], 'dimensions': {'ulimits': {'nofile': {'soft': 1048576, 'hard': 1048576}}}, 'healthcheck': {'interval': '30', 'retries': '3', 'start_period': '5', 'test': ['CMD-SHELL', 'healthcheck_port neutron-rpc-server 5672'], 'timeout': '30'}}})
changed: [anfitrion] => (item={'key': 'neutron-periodic-worker', 'value': {'container_name': 'neutron_periodic_worker', 'image': 'quay.io/openstack.kolla/neutron-server:2025.2-ubuntu-noble', 'enabled': True, 'group': 'neutron-periodic-worker', 'host_in_groups': True, 'volumes': ['/etc/kolla/neutron-periodic-worker/:/var/lib/kolla/config_files/:ro', '/etc/localtime:/etc/localtime:ro', '/etc/timezone:/etc/timezone:ro', 'kolla_logs:/var/log/kolla/', '/dev/shm:/dev/shm'], 'dimensions': {'ulimits': {'nofile': {'soft': 1048576, 'hard': 1048576}}}, 'healthcheck': {'interval': '30', 'retries': '3', 'start_period': '5', 'test': ['CMD-SHELL', 'healthcheck_port neutron-periodic-workers 3306'], 'timeout': '30'}}})
changed: [anfitrion] => (item={'key': 'neutron-openvswitch-agent', 'value': {'container_name': 'neutron_openvswitch_agent', 'image': 'quay.io/openstack.kolla/neutron-openvswitch-agent:2025.2-ubuntu-noble', 'enabled': True, 'privileged': True, 'host_in_groups': True, 'volumes': ['/etc/kolla/neutron-openvswitch-agent/:/var/lib/kolla/config_files/:ro', '/etc/localtime:/etc/localtime:ro', '/etc/timezone:/etc/timezone:ro', '/lib/modules:/lib/modules:ro', '/run/openvswitch:/run/openvswitch:shared', 'kolla_logs:/var/log/kolla/', '/dev/shm:/dev/shm', ''], 'dimensions': {'ulimits': {'nofile': {'soft': 1048576, 'hard': 1048576}}}, 'healthcheck': {'interval': '30', 'retries': '3', 'start_period': '5', 'test': ['CMD-SHELL', 'healthcheck_port neutron-openvswitch-agent 5672'], 'timeout': '30'}}})
changed: [anfitrion] => (item={'key': 'neutron-dhcp-agent', 'value': {'cgroupns_mode': 'host', 'container_name': 'neutron_dhcp_agent', 'image': 'quay.io/openstack.kolla/neutron-dhcp-agent:2025.2-ubuntu-noble', 'privileged': True, 'enabled': True, 'group': 'neutron-dhcp-agent', 'host_in_groups': True, 'volumes': ['/etc/kolla/neutron-dhcp-agent/:/var/lib/kolla/config_files/:ro', '/etc/localtime:/etc/localtime:ro', '/etc/timezone:/etc/timezone:ro', 'neutron_metadata_socket:/var/lib/neutron/kolla/', '/run/netns:/run/netns:shared', 'kolla_logs:/var/log/kolla/', '/dev/shm:/dev/shm', '', '/var/run/docker.sock:/var/run/docker.sock:ro', '', ''], 'dimensions': {'ulimits': {'nofile': {'soft': 1048576, 'hard': 1048576}}}, 'healthcheck': {'interval': '30', 'retries': '3', 'start_period': '5', 'test': ['CMD-SHELL', 'healthcheck_port neutron-dhcp-agent 5672'], 'timeout': '30'}, 'pid_mode': 'host', 'environment': {'KOLLA_IMAGE': 'quay.io/openstack.kolla/neutron-dhcp-agent:2025.2-ubuntu-noble', 'KOLLA_NAME': 'neutron_dhcp_agent', 'KOLLA_NEUTRON_WRAPPERS': 'true'}}})
changed: [anfitrion] => (item={'key': 'neutron-l3-agent', 'value': {'cgroupns_mode': 'host', 'container_name': 'neutron_l3_agent', 'image': 'quay.io/openstack.kolla/neutron-l3-agent:2025.2-ubuntu-noble', 'privileged': True, 'enabled': True, 'environment': {'KOLLA_IMAGE': 'quay.io/openstack.kolla/neutron-l3-agent:2025.2-ubuntu-noble', 'KOLLA_NAME': 'neutron_l3_agent', 'KOLLA_NEUTRON_WRAPPERS': 'true'}, 'host_in_groups': True, 'volumes': ['/etc/kolla/neutron-l3-agent/:/var/lib/kolla/config_files/:ro', '/etc/localtime:/etc/localtime:ro', '/etc/timezone:/etc/timezone:ro', '/lib/modules:/lib/modules:ro', 'neutron_metadata_socket:/var/lib/neutron/kolla/', '/run/netns:/run/netns:shared', 'kolla_logs:/var/log/kolla/', '/dev/shm:/dev/shm', '', '/var/run/docker.sock:/var/run/docker.sock:ro', '', ''], 'dimensions': {'ulimits': {'nofile': {'soft': 1048576, 'hard': 1048576}}}, 'healthcheck': {'interval': '30', 'retries': '3', 'start_period': '5', 'test': ['CMD-SHELL', "healthcheck_port 'neutron-l3-agent ' 5672"], 'timeout': '30'}, 'pid_mode': 'host'}})
changed: [anfitrion] => (item={'key': 'neutron-metadata-agent', 'value': {'container_name': 'neutron_metadata_agent', 'image': 'quay.io/openstack.kolla/neutron-metadata-agent:2025.2-ubuntu-noble', 'privileged': True, 'enabled': True, 'host_in_groups': True, 'volumes': ['/etc/kolla/neutron-metadata-agent/:/var/lib/kolla/config_files/:ro', '/etc/localtime:/etc/localtime:ro', '/etc/timezone:/etc/timezone:ro', 'neutron_metadata_socket:/var/lib/neutron/kolla/', 'kolla_logs:/var/log/kolla/', '/dev/shm:/dev/shm', ''], 'dimensions': {'ulimits': {'nofile': {'soft': 1048576, 'hard': 1048576}}}, 'healthcheck': {'interval': '30', 'retries': '3', 'start_period': '5', 'test': 'NONE', 'timeout': '30'}}})

TASK [neutron : Check if extra ml2 plugins exists] *****************************
[WARNING]: Skipped '/etc/kolla/config/neutron/plugins/' path due to this access
issue: '/etc/kolla/config/neutron/plugins/' is not a directory
ok: [anfitrion -> localhost]

TASK [neutron : include_tasks] *************************************************
skipping: [anfitrion]
skipping: [asus-tuf]
skipping: [server]

TASK [neutron : Check if policies shall be overwritten] ************************
skipping: [anfitrion]

TASK [neutron : Set neutron policy file] ***************************************
skipping: [anfitrion]
skipping: [asus-tuf]
skipping: [server]

TASK [neutron : Copying over existing policy file] *****************************
skipping: [asus-tuf] => (item={'key': 'neutron-openvswitch-agent', 'value': {'container_name': 'neutron_openvswitch_agent', 'image': 'quay.io/openstack.kolla/neutron-openvswitch-agent:2025.2-ubuntu-noble', 'enabled': True, 'privileged': True, 'host_in_groups': True, 'volumes': ['/etc/kolla/neutron-openvswitch-agent/:/var/lib/kolla/config_files/:ro', '/etc/localtime:/etc/localtime:ro', '/etc/timezone:/etc/timezone:ro', '/lib/modules:/lib/modules:ro', '/run/openvswitch:/run/openvswitch:shared', 'kolla_logs:/var/log/kolla/', '/dev/shm:/dev/shm', ''], 'dimensions': {'ulimits': {'nofile': {'soft': 1048576, 'hard': 1048576}}}, 'healthcheck': {'interval': '30', 'retries': '3', 'start_period': '5', 'test': ['CMD-SHELL', 'healthcheck_port neutron-openvswitch-agent 5672'], 'timeout': '30'}}}) 
skipping: [asus-tuf]
skipping: [anfitrion] => (item={'key': 'neutron-server', 'value': {'container_name': 'neutron_server', 'image': 'quay.io/openstack.kolla/neutron-server:2025.2-ubuntu-noble', 'enabled': True, 'group': 'neutron-server', 'host_in_groups': True, 'volumes': ['/etc/kolla/neutron-server/:/var/lib/kolla/config_files/:ro', '/etc/localtime:/etc/localtime:ro', '/etc/timezone:/etc/timezone:ro', 'kolla_logs:/var/log/kolla/', '/dev/shm:/dev/shm', ''], 'dimensions': {'ulimits': {'nofile': {'soft': 1048576, 'hard': 1048576}}}, 'healthcheck': {'interval': '30', 'retries': '3', 'start_period': '5', 'test': ['CMD-SHELL', 'healthcheck_curl http://192.168.0.10:9696'], 'timeout': '30'}, 'wsgi': 'neutron.wsgi.api:application', 'haproxy': {'neutron_server': {'enabled': True, 'mode': 'http', 'external': False, 'port': '9696', 'listen_port': '9696', 'backend_http_extra': ['option httpchk'], 'tls_backend': False}, 'neutron_server_external': {'enabled': True, 'mode': 'http', 'external': True, 'external_fqdn': '192.168.0.200', 'port': '9696', 'listen_port': '9696', 'backend_http_extra': ['option httpchk'], 'tls_backend': False}}}}) 
skipping: [anfitrion] => (item={'key': 'neutron-rpc-server', 'value': {'container_name': 'neutron_rpc_server', 'image': 'quay.io/openstack.kolla/neutron-server:2025.2-ubuntu-noble', 'enabled': True, 'group': 'neutron-rpc-server', 'host_in_groups': True, 'volumes': ['/etc/kolla/neutron-rpc-server/:/var/lib/kolla/config_files/:ro', '/etc/localtime:/etc/localtime:ro', '/etc/timezone:/etc/timezone:ro', 'kolla_logs:/var/log/kolla/', '/dev/shm:/dev/shm'], 'dimensions': {'ulimits': {'nofile': {'soft': 1048576, 'hard': 1048576}}}, 'healthcheck': {'interval': '30', 'retries': '3', 'start_period': '5', 'test': ['CMD-SHELL', 'healthcheck_port neutron-rpc-server 5672'], 'timeout': '30'}}}) 
skipping: [anfitrion] => (item={'key': 'neutron-periodic-worker', 'value': {'container_name': 'neutron_periodic_worker', 'image': 'quay.io/openstack.kolla/neutron-server:2025.2-ubuntu-noble', 'enabled': True, 'group': 'neutron-periodic-worker', 'host_in_groups': True, 'volumes': ['/etc/kolla/neutron-periodic-worker/:/var/lib/kolla/config_files/:ro', '/etc/localtime:/etc/localtime:ro', '/etc/timezone:/etc/timezone:ro', 'kolla_logs:/var/log/kolla/', '/dev/shm:/dev/shm'], 'dimensions': {'ulimits': {'nofile': {'soft': 1048576, 'hard': 1048576}}}, 'healthcheck': {'interval': '30', 'retries': '3', 'start_period': '5', 'test': ['CMD-SHELL', 'healthcheck_port neutron-periodic-workers 3306'], 'timeout': '30'}}}) 
skipping: [anfitrion] => (item={'key': 'neutron-openvswitch-agent', 'value': {'container_name': 'neutron_openvswitch_agent', 'image': 'quay.io/openstack.kolla/neutron-openvswitch-agent:2025.2-ubuntu-noble', 'enabled': True, 'privileged': True, 'host_in_groups': True, 'volumes': ['/etc/kolla/neutron-openvswitch-agent/:/var/lib/kolla/config_files/:ro', '/etc/localtime:/etc/localtime:ro', '/etc/timezone:/etc/timezone:ro', '/lib/modules:/lib/modules:ro', '/run/openvswitch:/run/openvswitch:shared', 'kolla_logs:/var/log/kolla/', '/dev/shm:/dev/shm', ''], 'dimensions': {'ulimits': {'nofile': {'soft': 1048576, 'hard': 1048576}}}, 'healthcheck': {'interval': '30', 'retries': '3', 'start_period': '5', 'test': ['CMD-SHELL', 'healthcheck_port neutron-openvswitch-agent 5672'], 'timeout': '30'}}}) 
skipping: [server] => (item={'key': 'neutron-openvswitch-agent', 'value': {'container_name': 'neutron_openvswitch_agent', 'image': 'quay.io/openstack.kolla/neutron-openvswitch-agent:2025.2-ubuntu-noble', 'enabled': True, 'privileged': True, 'host_in_groups': True, 'volumes': ['/etc/kolla/neutron-openvswitch-agent/:/var/lib/kolla/config_files/:ro', '/etc/localtime:/etc/localtime:ro', '/etc/timezone:/etc/timezone:ro', '/lib/modules:/lib/modules:ro', '/run/openvswitch:/run/openvswitch:shared', 'kolla_logs:/var/log/kolla/', '/dev/shm:/dev/shm', ''], 'dimensions': {'ulimits': {'nofile': {'soft': 1048576, 'hard': 1048576}}}, 'healthcheck': {'interval': '30', 'retries': '3', 'start_period': '5', 'test': ['CMD-SHELL', 'healthcheck_port neutron-openvswitch-agent 5672'], 'timeout': '30'}}}) 
skipping: [server]
skipping: [anfitrion] => (item={'key': 'neutron-dhcp-agent', 'value': {'cgroupns_mode': 'host', 'container_name': 'neutron_dhcp_agent', 'image': 'quay.io/openstack.kolla/neutron-dhcp-agent:2025.2-ubuntu-noble', 'privileged': True, 'enabled': True, 'group': 'neutron-dhcp-agent', 'host_in_groups': True, 'volumes': ['/etc/kolla/neutron-dhcp-agent/:/var/lib/kolla/config_files/:ro', '/etc/localtime:/etc/localtime:ro', '/etc/timezone:/etc/timezone:ro', 'neutron_metadata_socket:/var/lib/neutron/kolla/', '/run/netns:/run/netns:shared', 'kolla_logs:/var/log/kolla/', '/dev/shm:/dev/shm', '', '/var/run/docker.sock:/var/run/docker.sock:ro', '', ''], 'dimensions': {'ulimits': {'nofile': {'soft': 1048576, 'hard': 1048576}}}, 'healthcheck': {'interval': '30', 'retries': '3', 'start_period': '5', 'test': ['CMD-SHELL', 'healthcheck_port neutron-dhcp-agent 5672'], 'timeout': '30'}, 'pid_mode': 'host', 'environment': {'KOLLA_IMAGE': 'quay.io/openstack.kolla/neutron-dhcp-agent:2025.2-ubuntu-noble', 'KOLLA_NAME': 'neutron_dhcp_agent', 'KOLLA_NEUTRON_WRAPPERS': 'true'}}}) 
skipping: [anfitrion] => (item={'key': 'neutron-l3-agent', 'value': {'cgroupns_mode': 'host', 'container_name': 'neutron_l3_agent', 'image': 'quay.io/openstack.kolla/neutron-l3-agent:2025.2-ubuntu-noble', 'privileged': True, 'enabled': True, 'environment': {'KOLLA_IMAGE': 'quay.io/openstack.kolla/neutron-l3-agent:2025.2-ubuntu-noble', 'KOLLA_NAME': 'neutron_l3_agent', 'KOLLA_NEUTRON_WRAPPERS': 'true'}, 'host_in_groups': True, 'volumes': ['/etc/kolla/neutron-l3-agent/:/var/lib/kolla/config_files/:ro', '/etc/localtime:/etc/localtime:ro', '/etc/timezone:/etc/timezone:ro', '/lib/modules:/lib/modules:ro', 'neutron_metadata_socket:/var/lib/neutron/kolla/', '/run/netns:/run/netns:shared', 'kolla_logs:/var/log/kolla/', '/dev/shm:/dev/shm', '', '/var/run/docker.sock:/var/run/docker.sock:ro', '', ''], 'dimensions': {'ulimits': {'nofile': {'soft': 1048576, 'hard': 1048576}}}, 'healthcheck': {'interval': '30', 'retries': '3', 'start_period': '5', 'test': ['CMD-SHELL', "healthcheck_port 'neutron-l3-agent ' 5672"], 'timeout': '30'}, 'pid_mode': 'host'}}) 
skipping: [anfitrion] => (item={'key': 'neutron-metadata-agent', 'value': {'container_name': 'neutron_metadata_agent', 'image': 'quay.io/openstack.kolla/neutron-metadata-agent:2025.2-ubuntu-noble', 'privileged': True, 'enabled': True, 'host_in_groups': True, 'volumes': ['/etc/kolla/neutron-metadata-agent/:/var/lib/kolla/config_files/:ro', '/etc/localtime:/etc/localtime:ro', '/etc/timezone:/etc/timezone:ro', 'neutron_metadata_socket:/var/lib/neutron/kolla/', 'kolla_logs:/var/log/kolla/', '/dev/shm:/dev/shm', ''], 'dimensions': {'ulimits': {'nofile': {'soft': 1048576, 'hard': 1048576}}}, 'healthcheck': {'interval': '30', 'retries': '3', 'start_period': '5', 'test': 'NONE', 'timeout': '30'}}}) 
skipping: [anfitrion]

TASK [neutron : Copying over config.json files for services] *******************
changed: [server] => (item={'key': 'neutron-openvswitch-agent', 'value': {'container_name': 'neutron_openvswitch_agent', 'image': 'quay.io/openstack.kolla/neutron-openvswitch-agent:2025.2-ubuntu-noble', 'enabled': True, 'privileged': True, 'host_in_groups': True, 'volumes': ['/etc/kolla/neutron-openvswitch-agent/:/var/lib/kolla/config_files/:ro', '/etc/localtime:/etc/localtime:ro', '/etc/timezone:/etc/timezone:ro', '/lib/modules:/lib/modules:ro', '/run/openvswitch:/run/openvswitch:shared', 'kolla_logs:/var/log/kolla/', '/dev/shm:/dev/shm', ''], 'dimensions': {'ulimits': {'nofile': {'soft': 1048576, 'hard': 1048576}}}, 'healthcheck': {'interval': '30', 'retries': '3', 'start_period': '5', 'test': ['CMD-SHELL', 'healthcheck_port neutron-openvswitch-agent 5672'], 'timeout': '30'}}})
changed: [anfitrion] => (item={'key': 'neutron-server', 'value': {'container_name': 'neutron_server', 'image': 'quay.io/openstack.kolla/neutron-server:2025.2-ubuntu-noble', 'enabled': True, 'group': 'neutron-server', 'host_in_groups': True, 'volumes': ['/etc/kolla/neutron-server/:/var/lib/kolla/config_files/:ro', '/etc/localtime:/etc/localtime:ro', '/etc/timezone:/etc/timezone:ro', 'kolla_logs:/var/log/kolla/', '/dev/shm:/dev/shm', ''], 'dimensions': {'ulimits': {'nofile': {'soft': 1048576, 'hard': 1048576}}}, 'healthcheck': {'interval': '30', 'retries': '3', 'start_period': '5', 'test': ['CMD-SHELL', 'healthcheck_curl http://192.168.0.10:9696'], 'timeout': '30'}, 'wsgi': 'neutron.wsgi.api:application', 'haproxy': {'neutron_server': {'enabled': True, 'mode': 'http', 'external': False, 'port': '9696', 'listen_port': '9696', 'backend_http_extra': ['option httpchk'], 'tls_backend': False}, 'neutron_server_external': {'enabled': True, 'mode': 'http', 'external': True, 'external_fqdn': '192.168.0.200', 'port': '9696', 'listen_port': '9696', 'backend_http_extra': ['option httpchk'], 'tls_backend': False}}}})
changed: [asus-tuf] => (item={'key': 'neutron-openvswitch-agent', 'value': {'container_name': 'neutron_openvswitch_agent', 'image': 'quay.io/openstack.kolla/neutron-openvswitch-agent:2025.2-ubuntu-noble', 'enabled': True, 'privileged': True, 'host_in_groups': True, 'volumes': ['/etc/kolla/neutron-openvswitch-agent/:/var/lib/kolla/config_files/:ro', '/etc/localtime:/etc/localtime:ro', '/etc/timezone:/etc/timezone:ro', '/lib/modules:/lib/modules:ro', '/run/openvswitch:/run/openvswitch:shared', 'kolla_logs:/var/log/kolla/', '/dev/shm:/dev/shm', ''], 'dimensions': {'ulimits': {'nofile': {'soft': 1048576, 'hard': 1048576}}}, 'healthcheck': {'interval': '30', 'retries': '3', 'start_period': '5', 'test': ['CMD-SHELL', 'healthcheck_port neutron-openvswitch-agent 5672'], 'timeout': '30'}}})
changed: [anfitrion] => (item={'key': 'neutron-rpc-server', 'value': {'container_name': 'neutron_rpc_server', 'image': 'quay.io/openstack.kolla/neutron-server:2025.2-ubuntu-noble', 'enabled': True, 'group': 'neutron-rpc-server', 'host_in_groups': True, 'volumes': ['/etc/kolla/neutron-rpc-server/:/var/lib/kolla/config_files/:ro', '/etc/localtime:/etc/localtime:ro', '/etc/timezone:/etc/timezone:ro', 'kolla_logs:/var/log/kolla/', '/dev/shm:/dev/shm'], 'dimensions': {'ulimits': {'nofile': {'soft': 1048576, 'hard': 1048576}}}, 'healthcheck': {'interval': '30', 'retries': '3', 'start_period': '5', 'test': ['CMD-SHELL', 'healthcheck_port neutron-rpc-server 5672'], 'timeout': '30'}}})
changed: [anfitrion] => (item={'key': 'neutron-periodic-worker', 'value': {'container_name': 'neutron_periodic_worker', 'image': 'quay.io/openstack.kolla/neutron-server:2025.2-ubuntu-noble', 'enabled': True, 'group': 'neutron-periodic-worker', 'host_in_groups': True, 'volumes': ['/etc/kolla/neutron-periodic-worker/:/var/lib/kolla/config_files/:ro', '/etc/localtime:/etc/localtime:ro', '/etc/timezone:/etc/timezone:ro', 'kolla_logs:/var/log/kolla/', '/dev/shm:/dev/shm'], 'dimensions': {'ulimits': {'nofile': {'soft': 1048576, 'hard': 1048576}}}, 'healthcheck': {'interval': '30', 'retries': '3', 'start_period': '5', 'test': ['CMD-SHELL', 'healthcheck_port neutron-periodic-workers 3306'], 'timeout': '30'}}})
changed: [anfitrion] => (item={'key': 'neutron-openvswitch-agent', 'value': {'container_name': 'neutron_openvswitch_agent', 'image': 'quay.io/openstack.kolla/neutron-openvswitch-agent:2025.2-ubuntu-noble', 'enabled': True, 'privileged': True, 'host_in_groups': True, 'volumes': ['/etc/kolla/neutron-openvswitch-agent/:/var/lib/kolla/config_files/:ro', '/etc/localtime:/etc/localtime:ro', '/etc/timezone:/etc/timezone:ro', '/lib/modules:/lib/modules:ro', '/run/openvswitch:/run/openvswitch:shared', 'kolla_logs:/var/log/kolla/', '/dev/shm:/dev/shm', ''], 'dimensions': {'ulimits': {'nofile': {'soft': 1048576, 'hard': 1048576}}}, 'healthcheck': {'interval': '30', 'retries': '3', 'start_period': '5', 'test': ['CMD-SHELL', 'healthcheck_port neutron-openvswitch-agent 5672'], 'timeout': '30'}}})
changed: [anfitrion] => (item={'key': 'neutron-dhcp-agent', 'value': {'cgroupns_mode': 'host', 'container_name': 'neutron_dhcp_agent', 'image': 'quay.io/openstack.kolla/neutron-dhcp-agent:2025.2-ubuntu-noble', 'privileged': True, 'enabled': True, 'group': 'neutron-dhcp-agent', 'host_in_groups': True, 'volumes': ['/etc/kolla/neutron-dhcp-agent/:/var/lib/kolla/config_files/:ro', '/etc/localtime:/etc/localtime:ro', '/etc/timezone:/etc/timezone:ro', 'neutron_metadata_socket:/var/lib/neutron/kolla/', '/run/netns:/run/netns:shared', 'kolla_logs:/var/log/kolla/', '/dev/shm:/dev/shm', '', '/var/run/docker.sock:/var/run/docker.sock:ro', '', ''], 'dimensions': {'ulimits': {'nofile': {'soft': 1048576, 'hard': 1048576}}}, 'healthcheck': {'interval': '30', 'retries': '3', 'start_period': '5', 'test': ['CMD-SHELL', 'healthcheck_port neutron-dhcp-agent 5672'], 'timeout': '30'}, 'pid_mode': 'host', 'environment': {'KOLLA_IMAGE': 'quay.io/openstack.kolla/neutron-dhcp-agent:2025.2-ubuntu-noble', 'KOLLA_NAME': 'neutron_dhcp_agent', 'KOLLA_NEUTRON_WRAPPERS': 'true'}}})
changed: [anfitrion] => (item={'key': 'neutron-l3-agent', 'value': {'cgroupns_mode': 'host', 'container_name': 'neutron_l3_agent', 'image': 'quay.io/openstack.kolla/neutron-l3-agent:2025.2-ubuntu-noble', 'privileged': True, 'enabled': True, 'environment': {'KOLLA_IMAGE': 'quay.io/openstack.kolla/neutron-l3-agent:2025.2-ubuntu-noble', 'KOLLA_NAME': 'neutron_l3_agent', 'KOLLA_NEUTRON_WRAPPERS': 'true'}, 'host_in_groups': True, 'volumes': ['/etc/kolla/neutron-l3-agent/:/var/lib/kolla/config_files/:ro', '/etc/localtime:/etc/localtime:ro', '/etc/timezone:/etc/timezone:ro', '/lib/modules:/lib/modules:ro', 'neutron_metadata_socket:/var/lib/neutron/kolla/', '/run/netns:/run/netns:shared', 'kolla_logs:/var/log/kolla/', '/dev/shm:/dev/shm', '', '/var/run/docker.sock:/var/run/docker.sock:ro', '', ''], 'dimensions': {'ulimits': {'nofile': {'soft': 1048576, 'hard': 1048576}}}, 'healthcheck': {'interval': '30', 'retries': '3', 'start_period': '5', 'test': ['CMD-SHELL', "healthcheck_port 'neutron-l3-agent ' 5672"], 'timeout': '30'}, 'pid_mode': 'host'}})
changed: [anfitrion] => (item={'key': 'neutron-metadata-agent', 'value': {'container_name': 'neutron_metadata_agent', 'image': 'quay.io/openstack.kolla/neutron-metadata-agent:2025.2-ubuntu-noble', 'privileged': True, 'enabled': True, 'host_in_groups': True, 'volumes': ['/etc/kolla/neutron-metadata-agent/:/var/lib/kolla/config_files/:ro', '/etc/localtime:/etc/localtime:ro', '/etc/timezone:/etc/timezone:ro', 'neutron_metadata_socket:/var/lib/neutron/kolla/', 'kolla_logs:/var/log/kolla/', '/dev/shm:/dev/shm', ''], 'dimensions': {'ulimits': {'nofile': {'soft': 1048576, 'hard': 1048576}}}, 'healthcheck': {'interval': '30', 'retries': '3', 'start_period': '5', 'test': 'NONE', 'timeout': '30'}}})

TASK [neutron : Copying over neutron.conf] *************************************
changed: [server] => (item={'key': 'neutron-openvswitch-agent', 'value': {'container_name': 'neutron_openvswitch_agent', 'image': 'quay.io/openstack.kolla/neutron-openvswitch-agent:2025.2-ubuntu-noble', 'enabled': True, 'privileged': True, 'host_in_groups': True, 'volumes': ['/etc/kolla/neutron-openvswitch-agent/:/var/lib/kolla/config_files/:ro', '/etc/localtime:/etc/localtime:ro', '/etc/timezone:/etc/timezone:ro', '/lib/modules:/lib/modules:ro', '/run/openvswitch:/run/openvswitch:shared', 'kolla_logs:/var/log/kolla/', '/dev/shm:/dev/shm', ''], 'dimensions': {'ulimits': {'nofile': {'soft': 1048576, 'hard': 1048576}}}, 'healthcheck': {'interval': '30', 'retries': '3', 'start_period': '5', 'test': ['CMD-SHELL', 'healthcheck_port neutron-openvswitch-agent 5672'], 'timeout': '30'}}})
changed: [anfitrion] => (item={'key': 'neutron-server', 'value': {'container_name': 'neutron_server', 'image': 'quay.io/openstack.kolla/neutron-server:2025.2-ubuntu-noble', 'enabled': True, 'group': 'neutron-server', 'host_in_groups': True, 'volumes': ['/etc/kolla/neutron-server/:/var/lib/kolla/config_files/:ro', '/etc/localtime:/etc/localtime:ro', '/etc/timezone:/etc/timezone:ro', 'kolla_logs:/var/log/kolla/', '/dev/shm:/dev/shm', ''], 'dimensions': {'ulimits': {'nofile': {'soft': 1048576, 'hard': 1048576}}}, 'healthcheck': {'interval': '30', 'retries': '3', 'start_period': '5', 'test': ['CMD-SHELL', 'healthcheck_curl http://192.168.0.10:9696'], 'timeout': '30'}, 'wsgi': 'neutron.wsgi.api:application', 'haproxy': {'neutron_server': {'enabled': True, 'mode': 'http', 'external': False, 'port': '9696', 'listen_port': '9696', 'backend_http_extra': ['option httpchk'], 'tls_backend': False}, 'neutron_server_external': {'enabled': True, 'mode': 'http', 'external': True, 'external_fqdn': '192.168.0.200', 'port': '9696', 'listen_port': '9696', 'backend_http_extra': ['option httpchk'], 'tls_backend': False}}}})
changed: [asus-tuf] => (item={'key': 'neutron-openvswitch-agent', 'value': {'container_name': 'neutron_openvswitch_agent', 'image': 'quay.io/openstack.kolla/neutron-openvswitch-agent:2025.2-ubuntu-noble', 'enabled': True, 'privileged': True, 'host_in_groups': True, 'volumes': ['/etc/kolla/neutron-openvswitch-agent/:/var/lib/kolla/config_files/:ro', '/etc/localtime:/etc/localtime:ro', '/etc/timezone:/etc/timezone:ro', '/lib/modules:/lib/modules:ro', '/run/openvswitch:/run/openvswitch:shared', 'kolla_logs:/var/log/kolla/', '/dev/shm:/dev/shm', ''], 'dimensions': {'ulimits': {'nofile': {'soft': 1048576, 'hard': 1048576}}}, 'healthcheck': {'interval': '30', 'retries': '3', 'start_period': '5', 'test': ['CMD-SHELL', 'healthcheck_port neutron-openvswitch-agent 5672'], 'timeout': '30'}}})
changed: [anfitrion] => (item={'key': 'neutron-rpc-server', 'value': {'container_name': 'neutron_rpc_server', 'image': 'quay.io/openstack.kolla/neutron-server:2025.2-ubuntu-noble', 'enabled': True, 'group': 'neutron-rpc-server', 'host_in_groups': True, 'volumes': ['/etc/kolla/neutron-rpc-server/:/var/lib/kolla/config_files/:ro', '/etc/localtime:/etc/localtime:ro', '/etc/timezone:/etc/timezone:ro', 'kolla_logs:/var/log/kolla/', '/dev/shm:/dev/shm'], 'dimensions': {'ulimits': {'nofile': {'soft': 1048576, 'hard': 1048576}}}, 'healthcheck': {'interval': '30', 'retries': '3', 'start_period': '5', 'test': ['CMD-SHELL', 'healthcheck_port neutron-rpc-server 5672'], 'timeout': '30'}}})
changed: [anfitrion] => (item={'key': 'neutron-periodic-worker', 'value': {'container_name': 'neutron_periodic_worker', 'image': 'quay.io/openstack.kolla/neutron-server:2025.2-ubuntu-noble', 'enabled': True, 'group': 'neutron-periodic-worker', 'host_in_groups': True, 'volumes': ['/etc/kolla/neutron-periodic-worker/:/var/lib/kolla/config_files/:ro', '/etc/localtime:/etc/localtime:ro', '/etc/timezone:/etc/timezone:ro', 'kolla_logs:/var/log/kolla/', '/dev/shm:/dev/shm'], 'dimensions': {'ulimits': {'nofile': {'soft': 1048576, 'hard': 1048576}}}, 'healthcheck': {'interval': '30', 'retries': '3', 'start_period': '5', 'test': ['CMD-SHELL', 'healthcheck_port neutron-periodic-workers 3306'], 'timeout': '30'}}})
changed: [anfitrion] => (item={'key': 'neutron-openvswitch-agent', 'value': {'container_name': 'neutron_openvswitch_agent', 'image': 'quay.io/openstack.kolla/neutron-openvswitch-agent:2025.2-ubuntu-noble', 'enabled': True, 'privileged': True, 'host_in_groups': True, 'volumes': ['/etc/kolla/neutron-openvswitch-agent/:/var/lib/kolla/config_files/:ro', '/etc/localtime:/etc/localtime:ro', '/etc/timezone:/etc/timezone:ro', '/lib/modules:/lib/modules:ro', '/run/openvswitch:/run/openvswitch:shared', 'kolla_logs:/var/log/kolla/', '/dev/shm:/dev/shm', ''], 'dimensions': {'ulimits': {'nofile': {'soft': 1048576, 'hard': 1048576}}}, 'healthcheck': {'interval': '30', 'retries': '3', 'start_period': '5', 'test': ['CMD-SHELL', 'healthcheck_port neutron-openvswitch-agent 5672'], 'timeout': '30'}}})
changed: [anfitrion] => (item={'key': 'neutron-dhcp-agent', 'value': {'cgroupns_mode': 'host', 'container_name': 'neutron_dhcp_agent', 'image': 'quay.io/openstack.kolla/neutron-dhcp-agent:2025.2-ubuntu-noble', 'privileged': True, 'enabled': True, 'group': 'neutron-dhcp-agent', 'host_in_groups': True, 'volumes': ['/etc/kolla/neutron-dhcp-agent/:/var/lib/kolla/config_files/:ro', '/etc/localtime:/etc/localtime:ro', '/etc/timezone:/etc/timezone:ro', 'neutron_metadata_socket:/var/lib/neutron/kolla/', '/run/netns:/run/netns:shared', 'kolla_logs:/var/log/kolla/', '/dev/shm:/dev/shm', '', '/var/run/docker.sock:/var/run/docker.sock:ro', '', ''], 'dimensions': {'ulimits': {'nofile': {'soft': 1048576, 'hard': 1048576}}}, 'healthcheck': {'interval': '30', 'retries': '3', 'start_period': '5', 'test': ['CMD-SHELL', 'healthcheck_port neutron-dhcp-agent 5672'], 'timeout': '30'}, 'pid_mode': 'host', 'environment': {'KOLLA_IMAGE': 'quay.io/openstack.kolla/neutron-dhcp-agent:2025.2-ubuntu-noble', 'KOLLA_NAME': 'neutron_dhcp_agent', 'KOLLA_NEUTRON_WRAPPERS': 'true'}}})
changed: [anfitrion] => (item={'key': 'neutron-l3-agent', 'value': {'cgroupns_mode': 'host', 'container_name': 'neutron_l3_agent', 'image': 'quay.io/openstack.kolla/neutron-l3-agent:2025.2-ubuntu-noble', 'privileged': True, 'enabled': True, 'environment': {'KOLLA_IMAGE': 'quay.io/openstack.kolla/neutron-l3-agent:2025.2-ubuntu-noble', 'KOLLA_NAME': 'neutron_l3_agent', 'KOLLA_NEUTRON_WRAPPERS': 'true'}, 'host_in_groups': True, 'volumes': ['/etc/kolla/neutron-l3-agent/:/var/lib/kolla/config_files/:ro', '/etc/localtime:/etc/localtime:ro', '/etc/timezone:/etc/timezone:ro', '/lib/modules:/lib/modules:ro', 'neutron_metadata_socket:/var/lib/neutron/kolla/', '/run/netns:/run/netns:shared', 'kolla_logs:/var/log/kolla/', '/dev/shm:/dev/shm', '', '/var/run/docker.sock:/var/run/docker.sock:ro', '', ''], 'dimensions': {'ulimits': {'nofile': {'soft': 1048576, 'hard': 1048576}}}, 'healthcheck': {'interval': '30', 'retries': '3', 'start_period': '5', 'test': ['CMD-SHELL', "healthcheck_port 'neutron-l3-agent ' 5672"], 'timeout': '30'}, 'pid_mode': 'host'}})
changed: [anfitrion] => (item={'key': 'neutron-metadata-agent', 'value': {'container_name': 'neutron_metadata_agent', 'image': 'quay.io/openstack.kolla/neutron-metadata-agent:2025.2-ubuntu-noble', 'privileged': True, 'enabled': True, 'host_in_groups': True, 'volumes': ['/etc/kolla/neutron-metadata-agent/:/var/lib/kolla/config_files/:ro', '/etc/localtime:/etc/localtime:ro', '/etc/timezone:/etc/timezone:ro', 'neutron_metadata_socket:/var/lib/neutron/kolla/', 'kolla_logs:/var/log/kolla/', '/dev/shm:/dev/shm', ''], 'dimensions': {'ulimits': {'nofile': {'soft': 1048576, 'hard': 1048576}}}, 'healthcheck': {'interval': '30', 'retries': '3', 'start_period': '5', 'test': 'NONE', 'timeout': '30'}}})

TASK [neutron : Copying over neutron_vpnaas.conf] ******************************
skipping: [asus-tuf] => (item={'key': 'neutron-openvswitch-agent', 'value': {'container_name': 'neutron_openvswitch_agent', 'image': 'quay.io/openstack.kolla/neutron-openvswitch-agent:2025.2-ubuntu-noble', 'enabled': True, 'privileged': True, 'host_in_groups': True, 'volumes': ['/etc/kolla/neutron-openvswitch-agent/:/var/lib/kolla/config_files/:ro', '/etc/localtime:/etc/localtime:ro', '/etc/timezone:/etc/timezone:ro', '/lib/modules:/lib/modules:ro', '/run/openvswitch:/run/openvswitch:shared', 'kolla_logs:/var/log/kolla/', '/dev/shm:/dev/shm', ''], 'dimensions': {'ulimits': {'nofile': {'soft': 1048576, 'hard': 1048576}}}, 'healthcheck': {'interval': '30', 'retries': '3', 'start_period': '5', 'test': ['CMD-SHELL', 'healthcheck_port neutron-openvswitch-agent 5672'], 'timeout': '30'}}}) 
skipping: [asus-tuf]
skipping: [server] => (item={'key': 'neutron-openvswitch-agent', 'value': {'container_name': 'neutron_openvswitch_agent', 'image': 'quay.io/openstack.kolla/neutron-openvswitch-agent:2025.2-ubuntu-noble', 'enabled': True, 'privileged': True, 'host_in_groups': True, 'volumes': ['/etc/kolla/neutron-openvswitch-agent/:/var/lib/kolla/config_files/:ro', '/etc/localtime:/etc/localtime:ro', '/etc/timezone:/etc/timezone:ro', '/lib/modules:/lib/modules:ro', '/run/openvswitch:/run/openvswitch:shared', 'kolla_logs:/var/log/kolla/', '/dev/shm:/dev/shm', ''], 'dimensions': {'ulimits': {'nofile': {'soft': 1048576, 'hard': 1048576}}}, 'healthcheck': {'interval': '30', 'retries': '3', 'start_period': '5', 'test': ['CMD-SHELL', 'healthcheck_port neutron-openvswitch-agent 5672'], 'timeout': '30'}}}) 
skipping: [server]
skipping: [anfitrion] => (item={'key': 'neutron-server', 'value': {'container_name': 'neutron_server', 'image': 'quay.io/openstack.kolla/neutron-server:2025.2-ubuntu-noble', 'enabled': True, 'group': 'neutron-server', 'host_in_groups': True, 'volumes': ['/etc/kolla/neutron-server/:/var/lib/kolla/config_files/:ro', '/etc/localtime:/etc/localtime:ro', '/etc/timezone:/etc/timezone:ro', 'kolla_logs:/var/log/kolla/', '/dev/shm:/dev/shm', ''], 'dimensions': {'ulimits': {'nofile': {'soft': 1048576, 'hard': 1048576}}}, 'healthcheck': {'interval': '30', 'retries': '3', 'start_period': '5', 'test': ['CMD-SHELL', 'healthcheck_curl http://192.168.0.10:9696'], 'timeout': '30'}, 'wsgi': 'neutron.wsgi.api:application', 'haproxy': {'neutron_server': {'enabled': True, 'mode': 'http', 'external': False, 'port': '9696', 'listen_port': '9696', 'backend_http_extra': ['option httpchk'], 'tls_backend': False}, 'neutron_server_external': {'enabled': True, 'mode': 'http', 'external': True, 'external_fqdn': '192.168.0.200', 'port': '9696', 'listen_port': '9696', 'backend_http_extra': ['option httpchk'], 'tls_backend': False}}}}) 
skipping: [anfitrion] => (item={'key': 'neutron-rpc-server', 'value': {'container_name': 'neutron_rpc_server', 'image': 'quay.io/openstack.kolla/neutron-server:2025.2-ubuntu-noble', 'enabled': True, 'group': 'neutron-rpc-server', 'host_in_groups': True, 'volumes': ['/etc/kolla/neutron-rpc-server/:/var/lib/kolla/config_files/:ro', '/etc/localtime:/etc/localtime:ro', '/etc/timezone:/etc/timezone:ro', 'kolla_logs:/var/log/kolla/', '/dev/shm:/dev/shm'], 'dimensions': {'ulimits': {'nofile': {'soft': 1048576, 'hard': 1048576}}}, 'healthcheck': {'interval': '30', 'retries': '3', 'start_period': '5', 'test': ['CMD-SHELL', 'healthcheck_port neutron-rpc-server 5672'], 'timeout': '30'}}}) 
skipping: [anfitrion] => (item={'key': 'neutron-periodic-worker', 'value': {'container_name': 'neutron_periodic_worker', 'image': 'quay.io/openstack.kolla/neutron-server:2025.2-ubuntu-noble', 'enabled': True, 'group': 'neutron-periodic-worker', 'host_in_groups': True, 'volumes': ['/etc/kolla/neutron-periodic-worker/:/var/lib/kolla/config_files/:ro', '/etc/localtime:/etc/localtime:ro', '/etc/timezone:/etc/timezone:ro', 'kolla_logs:/var/log/kolla/', '/dev/shm:/dev/shm'], 'dimensions': {'ulimits': {'nofile': {'soft': 1048576, 'hard': 1048576}}}, 'healthcheck': {'interval': '30', 'retries': '3', 'start_period': '5', 'test': ['CMD-SHELL', 'healthcheck_port neutron-periodic-workers 3306'], 'timeout': '30'}}}) 
skipping: [anfitrion] => (item={'key': 'neutron-openvswitch-agent', 'value': {'container_name': 'neutron_openvswitch_agent', 'image': 'quay.io/openstack.kolla/neutron-openvswitch-agent:2025.2-ubuntu-noble', 'enabled': True, 'privileged': True, 'host_in_groups': True, 'volumes': ['/etc/kolla/neutron-openvswitch-agent/:/var/lib/kolla/config_files/:ro', '/etc/localtime:/etc/localtime:ro', '/etc/timezone:/etc/timezone:ro', '/lib/modules:/lib/modules:ro', '/run/openvswitch:/run/openvswitch:shared', 'kolla_logs:/var/log/kolla/', '/dev/shm:/dev/shm', ''], 'dimensions': {'ulimits': {'nofile': {'soft': 1048576, 'hard': 1048576}}}, 'healthcheck': {'interval': '30', 'retries': '3', 'start_period': '5', 'test': ['CMD-SHELL', 'healthcheck_port neutron-openvswitch-agent 5672'], 'timeout': '30'}}}) 
skipping: [anfitrion] => (item={'key': 'neutron-dhcp-agent', 'value': {'cgroupns_mode': 'host', 'container_name': 'neutron_dhcp_agent', 'image': 'quay.io/openstack.kolla/neutron-dhcp-agent:2025.2-ubuntu-noble', 'privileged': True, 'enabled': True, 'group': 'neutron-dhcp-agent', 'host_in_groups': True, 'volumes': ['/etc/kolla/neutron-dhcp-agent/:/var/lib/kolla/config_files/:ro', '/etc/localtime:/etc/localtime:ro', '/etc/timezone:/etc/timezone:ro', 'neutron_metadata_socket:/var/lib/neutron/kolla/', '/run/netns:/run/netns:shared', 'kolla_logs:/var/log/kolla/', '/dev/shm:/dev/shm', '', '/var/run/docker.sock:/var/run/docker.sock:ro', '', ''], 'dimensions': {'ulimits': {'nofile': {'soft': 1048576, 'hard': 1048576}}}, 'healthcheck': {'interval': '30', 'retries': '3', 'start_period': '5', 'test': ['CMD-SHELL', 'healthcheck_port neutron-dhcp-agent 5672'], 'timeout': '30'}, 'pid_mode': 'host', 'environment': {'KOLLA_IMAGE': 'quay.io/openstack.kolla/neutron-dhcp-agent:2025.2-ubuntu-noble', 'KOLLA_NAME': 'neutron_dhcp_agent', 'KOLLA_NEUTRON_WRAPPERS': 'true'}}}) 
skipping: [anfitrion] => (item={'key': 'neutron-l3-agent', 'value': {'cgroupns_mode': 'host', 'container_name': 'neutron_l3_agent', 'image': 'quay.io/openstack.kolla/neutron-l3-agent:2025.2-ubuntu-noble', 'privileged': True, 'enabled': True, 'environment': {'KOLLA_IMAGE': 'quay.io/openstack.kolla/neutron-l3-agent:2025.2-ubuntu-noble', 'KOLLA_NAME': 'neutron_l3_agent', 'KOLLA_NEUTRON_WRAPPERS': 'true'}, 'host_in_groups': True, 'volumes': ['/etc/kolla/neutron-l3-agent/:/var/lib/kolla/config_files/:ro', '/etc/localtime:/etc/localtime:ro', '/etc/timezone:/etc/timezone:ro', '/lib/modules:/lib/modules:ro', 'neutron_metadata_socket:/var/lib/neutron/kolla/', '/run/netns:/run/netns:shared', 'kolla_logs:/var/log/kolla/', '/dev/shm:/dev/shm', '', '/var/run/docker.sock:/var/run/docker.sock:ro', '', ''], 'dimensions': {'ulimits': {'nofile': {'soft': 1048576, 'hard': 1048576}}}, 'healthcheck': {'interval': '30', 'retries': '3', 'start_period': '5', 'test': ['CMD-SHELL', "healthcheck_port 'neutron-l3-agent ' 5672"], 'timeout': '30'}, 'pid_mode': 'host'}}) 
skipping: [anfitrion] => (item={'key': 'neutron-metadata-agent', 'value': {'container_name': 'neutron_metadata_agent', 'image': 'quay.io/openstack.kolla/neutron-metadata-agent:2025.2-ubuntu-noble', 'privileged': True, 'enabled': True, 'host_in_groups': True, 'volumes': ['/etc/kolla/neutron-metadata-agent/:/var/lib/kolla/config_files/:ro', '/etc/localtime:/etc/localtime:ro', '/etc/timezone:/etc/timezone:ro', 'neutron_metadata_socket:/var/lib/neutron/kolla/', 'kolla_logs:/var/log/kolla/', '/dev/shm:/dev/shm', ''], 'dimensions': {'ulimits': {'nofile': {'soft': 1048576, 'hard': 1048576}}}, 'healthcheck': {'interval': '30', 'retries': '3', 'start_period': '5', 'test': 'NONE', 'timeout': '30'}}}) 
skipping: [anfitrion]

TASK [neutron : Copying over ssh key] ******************************************
skipping: [asus-tuf]
skipping: [server]
changed: [anfitrion]

TASK [neutron : Copying over ml2_conf.ini] *************************************
skipping: [asus-tuf] => (item={'key': 'neutron-openvswitch-agent', 'value': {'container_name': 'neutron_openvswitch_agent', 'image': 'quay.io/openstack.kolla/neutron-openvswitch-agent:2025.2-ubuntu-noble', 'enabled': True, 'privileged': True, 'host_in_groups': True, 'volumes': ['/etc/kolla/neutron-openvswitch-agent/:/var/lib/kolla/config_files/:ro', '/etc/localtime:/etc/localtime:ro', '/etc/timezone:/etc/timezone:ro', '/lib/modules:/lib/modules:ro', '/run/openvswitch:/run/openvswitch:shared', 'kolla_logs:/var/log/kolla/', '/dev/shm:/dev/shm', ''], 'dimensions': {'ulimits': {'nofile': {'soft': 1048576, 'hard': 1048576}}}, 'healthcheck': {'interval': '30', 'retries': '3', 'start_period': '5', 'test': ['CMD-SHELL', 'healthcheck_port neutron-openvswitch-agent 5672'], 'timeout': '30'}}}) 
skipping: [asus-tuf]
skipping: [server] => (item={'key': 'neutron-openvswitch-agent', 'value': {'container_name': 'neutron_openvswitch_agent', 'image': 'quay.io/openstack.kolla/neutron-openvswitch-agent:2025.2-ubuntu-noble', 'enabled': True, 'privileged': True, 'host_in_groups': True, 'volumes': ['/etc/kolla/neutron-openvswitch-agent/:/var/lib/kolla/config_files/:ro', '/etc/localtime:/etc/localtime:ro', '/etc/timezone:/etc/timezone:ro', '/lib/modules:/lib/modules:ro', '/run/openvswitch:/run/openvswitch:shared', 'kolla_logs:/var/log/kolla/', '/dev/shm:/dev/shm', ''], 'dimensions': {'ulimits': {'nofile': {'soft': 1048576, 'hard': 1048576}}}, 'healthcheck': {'interval': '30', 'retries': '3', 'start_period': '5', 'test': ['CMD-SHELL', 'healthcheck_port neutron-openvswitch-agent 5672'], 'timeout': '30'}}}) 
skipping: [server]
changed: [anfitrion] => (item={'key': 'neutron-server', 'value': {'container_name': 'neutron_server', 'image': 'quay.io/openstack.kolla/neutron-server:2025.2-ubuntu-noble', 'enabled': True, 'group': 'neutron-server', 'host_in_groups': True, 'volumes': ['/etc/kolla/neutron-server/:/var/lib/kolla/config_files/:ro', '/etc/localtime:/etc/localtime:ro', '/etc/timezone:/etc/timezone:ro', 'kolla_logs:/var/log/kolla/', '/dev/shm:/dev/shm', ''], 'dimensions': {'ulimits': {'nofile': {'soft': 1048576, 'hard': 1048576}}}, 'healthcheck': {'interval': '30', 'retries': '3', 'start_period': '5', 'test': ['CMD-SHELL', 'healthcheck_curl http://192.168.0.10:9696'], 'timeout': '30'}, 'wsgi': 'neutron.wsgi.api:application', 'haproxy': {'neutron_server': {'enabled': True, 'mode': 'http', 'external': False, 'port': '9696', 'listen_port': '9696', 'backend_http_extra': ['option httpchk'], 'tls_backend': False}, 'neutron_server_external': {'enabled': True, 'mode': 'http', 'external': True, 'external_fqdn': '192.168.0.200', 'port': '9696', 'listen_port': '9696', 'backend_http_extra': ['option httpchk'], 'tls_backend': False}}}})
changed: [anfitrion] => (item={'key': 'neutron-rpc-server', 'value': {'container_name': 'neutron_rpc_server', 'image': 'quay.io/openstack.kolla/neutron-server:2025.2-ubuntu-noble', 'enabled': True, 'group': 'neutron-rpc-server', 'host_in_groups': True, 'volumes': ['/etc/kolla/neutron-rpc-server/:/var/lib/kolla/config_files/:ro', '/etc/localtime:/etc/localtime:ro', '/etc/timezone:/etc/timezone:ro', 'kolla_logs:/var/log/kolla/', '/dev/shm:/dev/shm'], 'dimensions': {'ulimits': {'nofile': {'soft': 1048576, 'hard': 1048576}}}, 'healthcheck': {'interval': '30', 'retries': '3', 'start_period': '5', 'test': ['CMD-SHELL', 'healthcheck_port neutron-rpc-server 5672'], 'timeout': '30'}}})
changed: [anfitrion] => (item={'key': 'neutron-periodic-worker', 'value': {'container_name': 'neutron_periodic_worker', 'image': 'quay.io/openstack.kolla/neutron-server:2025.2-ubuntu-noble', 'enabled': True, 'group': 'neutron-periodic-worker', 'host_in_groups': True, 'volumes': ['/etc/kolla/neutron-periodic-worker/:/var/lib/kolla/config_files/:ro', '/etc/localtime:/etc/localtime:ro', '/etc/timezone:/etc/timezone:ro', 'kolla_logs:/var/log/kolla/', '/dev/shm:/dev/shm'], 'dimensions': {'ulimits': {'nofile': {'soft': 1048576, 'hard': 1048576}}}, 'healthcheck': {'interval': '30', 'retries': '3', 'start_period': '5', 'test': ['CMD-SHELL', 'healthcheck_port neutron-periodic-workers 3306'], 'timeout': '30'}}})
skipping: [anfitrion] => (item={'key': 'neutron-openvswitch-agent', 'value': {'container_name': 'neutron_openvswitch_agent', 'image': 'quay.io/openstack.kolla/neutron-openvswitch-agent:2025.2-ubuntu-noble', 'enabled': True, 'privileged': True, 'host_in_groups': True, 'volumes': ['/etc/kolla/neutron-openvswitch-agent/:/var/lib/kolla/config_files/:ro', '/etc/localtime:/etc/localtime:ro', '/etc/timezone:/etc/timezone:ro', '/lib/modules:/lib/modules:ro', '/run/openvswitch:/run/openvswitch:shared', 'kolla_logs:/var/log/kolla/', '/dev/shm:/dev/shm', ''], 'dimensions': {'ulimits': {'nofile': {'soft': 1048576, 'hard': 1048576}}}, 'healthcheck': {'interval': '30', 'retries': '3', 'start_period': '5', 'test': ['CMD-SHELL', 'healthcheck_port neutron-openvswitch-agent 5672'], 'timeout': '30'}}}) 
skipping: [anfitrion] => (item={'key': 'neutron-dhcp-agent', 'value': {'cgroupns_mode': 'host', 'container_name': 'neutron_dhcp_agent', 'image': 'quay.io/openstack.kolla/neutron-dhcp-agent:2025.2-ubuntu-noble', 'privileged': True, 'enabled': True, 'group': 'neutron-dhcp-agent', 'host_in_groups': True, 'volumes': ['/etc/kolla/neutron-dhcp-agent/:/var/lib/kolla/config_files/:ro', '/etc/localtime:/etc/localtime:ro', '/etc/timezone:/etc/timezone:ro', 'neutron_metadata_socket:/var/lib/neutron/kolla/', '/run/netns:/run/netns:shared', 'kolla_logs:/var/log/kolla/', '/dev/shm:/dev/shm', '', '/var/run/docker.sock:/var/run/docker.sock:ro', '', ''], 'dimensions': {'ulimits': {'nofile': {'soft': 1048576, 'hard': 1048576}}}, 'healthcheck': {'interval': '30', 'retries': '3', 'start_period': '5', 'test': ['CMD-SHELL', 'healthcheck_port neutron-dhcp-agent 5672'], 'timeout': '30'}, 'pid_mode': 'host', 'environment': {'KOLLA_IMAGE': 'quay.io/openstack.kolla/neutron-dhcp-agent:2025.2-ubuntu-noble', 'KOLLA_NAME': 'neutron_dhcp_agent', 'KOLLA_NEUTRON_WRAPPERS': 'true'}}}) 
skipping: [anfitrion] => (item={'key': 'neutron-l3-agent', 'value': {'cgroupns_mode': 'host', 'container_name': 'neutron_l3_agent', 'image': 'quay.io/openstack.kolla/neutron-l3-agent:2025.2-ubuntu-noble', 'privileged': True, 'enabled': True, 'environment': {'KOLLA_IMAGE': 'quay.io/openstack.kolla/neutron-l3-agent:2025.2-ubuntu-noble', 'KOLLA_NAME': 'neutron_l3_agent', 'KOLLA_NEUTRON_WRAPPERS': 'true'}, 'host_in_groups': True, 'volumes': ['/etc/kolla/neutron-l3-agent/:/var/lib/kolla/config_files/:ro', '/etc/localtime:/etc/localtime:ro', '/etc/timezone:/etc/timezone:ro', '/lib/modules:/lib/modules:ro', 'neutron_metadata_socket:/var/lib/neutron/kolla/', '/run/netns:/run/netns:shared', 'kolla_logs:/var/log/kolla/', '/dev/shm:/dev/shm', '', '/var/run/docker.sock:/var/run/docker.sock:ro', '', ''], 'dimensions': {'ulimits': {'nofile': {'soft': 1048576, 'hard': 1048576}}}, 'healthcheck': {'interval': '30', 'retries': '3', 'start_period': '5', 'test': ['CMD-SHELL', "healthcheck_port 'neutron-l3-agent ' 5672"], 'timeout': '30'}, 'pid_mode': 'host'}}) 
skipping: [anfitrion] => (item={'key': 'neutron-metadata-agent', 'value': {'container_name': 'neutron_metadata_agent', 'image': 'quay.io/openstack.kolla/neutron-metadata-agent:2025.2-ubuntu-noble', 'privileged': True, 'enabled': True, 'host_in_groups': True, 'volumes': ['/etc/kolla/neutron-metadata-agent/:/var/lib/kolla/config_files/:ro', '/etc/localtime:/etc/localtime:ro', '/etc/timezone:/etc/timezone:ro', 'neutron_metadata_socket:/var/lib/neutron/kolla/', 'kolla_logs:/var/log/kolla/', '/dev/shm:/dev/shm', ''], 'dimensions': {'ulimits': {'nofile': {'soft': 1048576, 'hard': 1048576}}}, 'healthcheck': {'interval': '30', 'retries': '3', 'start_period': '5', 'test': 'NONE', 'timeout': '30'}}}) 

TASK [neutron : Copying over openvswitch_agent.ini] ****************************
changed: [server]
changed: [anfitrion]
changed: [asus-tuf]

TASK [neutron : Copying over sriov_agent.ini] **********************************
skipping: [asus-tuf]
skipping: [server]
skipping: [anfitrion]

TASK [neutron : Copying over mlnx_agent.ini] ***********************************
skipping: [asus-tuf]
skipping: [anfitrion]
skipping: [server]

TASK [neutron : Copying over eswitchd.conf] ************************************
skipping: [asus-tuf]
skipping: [server]
skipping: [anfitrion]

TASK [neutron : Copying over dhcp_agent.ini] ***********************************
skipping: [asus-tuf]
skipping: [server]
changed: [anfitrion]

TASK [neutron : Copying over dnsmasq.conf] *************************************
skipping: [asus-tuf] => (item=/opt/kolla-ansible/share/kolla-ansible/ansible/roles/neutron/templates/dnsmasq.conf.j2) 
skipping: [asus-tuf]
skipping: [server] => (item=/opt/kolla-ansible/share/kolla-ansible/ansible/roles/neutron/templates/dnsmasq.conf.j2) 
skipping: [server]
changed: [anfitrion] => (item=/opt/kolla-ansible/share/kolla-ansible/ansible/roles/neutron/templates/dnsmasq.conf.j2)

TASK [neutron : Copying over l3_agent.ini] *************************************
skipping: [asus-tuf] => (item={'key': 'neutron-openvswitch-agent', 'value': {'container_name': 'neutron_openvswitch_agent', 'image': 'quay.io/openstack.kolla/neutron-openvswitch-agent:2025.2-ubuntu-noble', 'enabled': True, 'privileged': True, 'host_in_groups': True, 'volumes': ['/etc/kolla/neutron-openvswitch-agent/:/var/lib/kolla/config_files/:ro', '/etc/localtime:/etc/localtime:ro', '/etc/timezone:/etc/timezone:ro', '/lib/modules:/lib/modules:ro', '/run/openvswitch:/run/openvswitch:shared', 'kolla_logs:/var/log/kolla/', '/dev/shm:/dev/shm', ''], 'dimensions': {'ulimits': {'nofile': {'soft': 1048576, 'hard': 1048576}}}, 'healthcheck': {'interval': '30', 'retries': '3', 'start_period': '5', 'test': ['CMD-SHELL', 'healthcheck_port neutron-openvswitch-agent 5672'], 'timeout': '30'}}}) 
skipping: [asus-tuf]
skipping: [anfitrion] => (item={'key': 'neutron-server', 'value': {'container_name': 'neutron_server', 'image': 'quay.io/openstack.kolla/neutron-server:2025.2-ubuntu-noble', 'enabled': True, 'group': 'neutron-server', 'host_in_groups': True, 'volumes': ['/etc/kolla/neutron-server/:/var/lib/kolla/config_files/:ro', '/etc/localtime:/etc/localtime:ro', '/etc/timezone:/etc/timezone:ro', 'kolla_logs:/var/log/kolla/', '/dev/shm:/dev/shm', ''], 'dimensions': {'ulimits': {'nofile': {'soft': 1048576, 'hard': 1048576}}}, 'healthcheck': {'interval': '30', 'retries': '3', 'start_period': '5', 'test': ['CMD-SHELL', 'healthcheck_curl http://192.168.0.10:9696'], 'timeout': '30'}, 'wsgi': 'neutron.wsgi.api:application', 'haproxy': {'neutron_server': {'enabled': True, 'mode': 'http', 'external': False, 'port': '9696', 'listen_port': '9696', 'backend_http_extra': ['option httpchk'], 'tls_backend': False}, 'neutron_server_external': {'enabled': True, 'mode': 'http', 'external': True, 'external_fqdn': '192.168.0.200', 'port': '9696', 'listen_port': '9696', 'backend_http_extra': ['option httpchk'], 'tls_backend': False}}}}) 
skipping: [anfitrion] => (item={'key': 'neutron-rpc-server', 'value': {'container_name': 'neutron_rpc_server', 'image': 'quay.io/openstack.kolla/neutron-server:2025.2-ubuntu-noble', 'enabled': True, 'group': 'neutron-rpc-server', 'host_in_groups': True, 'volumes': ['/etc/kolla/neutron-rpc-server/:/var/lib/kolla/config_files/:ro', '/etc/localtime:/etc/localtime:ro', '/etc/timezone:/etc/timezone:ro', 'kolla_logs:/var/log/kolla/', '/dev/shm:/dev/shm'], 'dimensions': {'ulimits': {'nofile': {'soft': 1048576, 'hard': 1048576}}}, 'healthcheck': {'interval': '30', 'retries': '3', 'start_period': '5', 'test': ['CMD-SHELL', 'healthcheck_port neutron-rpc-server 5672'], 'timeout': '30'}}}) 
skipping: [anfitrion] => (item={'key': 'neutron-periodic-worker', 'value': {'container_name': 'neutron_periodic_worker', 'image': 'quay.io/openstack.kolla/neutron-server:2025.2-ubuntu-noble', 'enabled': True, 'group': 'neutron-periodic-worker', 'host_in_groups': True, 'volumes': ['/etc/kolla/neutron-periodic-worker/:/var/lib/kolla/config_files/:ro', '/etc/localtime:/etc/localtime:ro', '/etc/timezone:/etc/timezone:ro', 'kolla_logs:/var/log/kolla/', '/dev/shm:/dev/shm'], 'dimensions': {'ulimits': {'nofile': {'soft': 1048576, 'hard': 1048576}}}, 'healthcheck': {'interval': '30', 'retries': '3', 'start_period': '5', 'test': ['CMD-SHELL', 'healthcheck_port neutron-periodic-workers 3306'], 'timeout': '30'}}}) 
skipping: [server] => (item={'key': 'neutron-openvswitch-agent', 'value': {'container_name': 'neutron_openvswitch_agent', 'image': 'quay.io/openstack.kolla/neutron-openvswitch-agent:2025.2-ubuntu-noble', 'enabled': True, 'privileged': True, 'host_in_groups': True, 'volumes': ['/etc/kolla/neutron-openvswitch-agent/:/var/lib/kolla/config_files/:ro', '/etc/localtime:/etc/localtime:ro', '/etc/timezone:/etc/timezone:ro', '/lib/modules:/lib/modules:ro', '/run/openvswitch:/run/openvswitch:shared', 'kolla_logs:/var/log/kolla/', '/dev/shm:/dev/shm', ''], 'dimensions': {'ulimits': {'nofile': {'soft': 1048576, 'hard': 1048576}}}, 'healthcheck': {'interval': '30', 'retries': '3', 'start_period': '5', 'test': ['CMD-SHELL', 'healthcheck_port neutron-openvswitch-agent 5672'], 'timeout': '30'}}}) 
skipping: [anfitrion] => (item={'key': 'neutron-openvswitch-agent', 'value': {'container_name': 'neutron_openvswitch_agent', 'image': 'quay.io/openstack.kolla/neutron-openvswitch-agent:2025.2-ubuntu-noble', 'enabled': True, 'privileged': True, 'host_in_groups': True, 'volumes': ['/etc/kolla/neutron-openvswitch-agent/:/var/lib/kolla/config_files/:ro', '/etc/localtime:/etc/localtime:ro', '/etc/timezone:/etc/timezone:ro', '/lib/modules:/lib/modules:ro', '/run/openvswitch:/run/openvswitch:shared', 'kolla_logs:/var/log/kolla/', '/dev/shm:/dev/shm', ''], 'dimensions': {'ulimits': {'nofile': {'soft': 1048576, 'hard': 1048576}}}, 'healthcheck': {'interval': '30', 'retries': '3', 'start_period': '5', 'test': ['CMD-SHELL', 'healthcheck_port neutron-openvswitch-agent 5672'], 'timeout': '30'}}}) 
skipping: [server]
skipping: [anfitrion] => (item={'key': 'neutron-dhcp-agent', 'value': {'cgroupns_mode': 'host', 'container_name': 'neutron_dhcp_agent', 'image': 'quay.io/openstack.kolla/neutron-dhcp-agent:2025.2-ubuntu-noble', 'privileged': True, 'enabled': True, 'group': 'neutron-dhcp-agent', 'host_in_groups': True, 'volumes': ['/etc/kolla/neutron-dhcp-agent/:/var/lib/kolla/config_files/:ro', '/etc/localtime:/etc/localtime:ro', '/etc/timezone:/etc/timezone:ro', 'neutron_metadata_socket:/var/lib/neutron/kolla/', '/run/netns:/run/netns:shared', 'kolla_logs:/var/log/kolla/', '/dev/shm:/dev/shm', '', '/var/run/docker.sock:/var/run/docker.sock:ro', '', ''], 'dimensions': {'ulimits': {'nofile': {'soft': 1048576, 'hard': 1048576}}}, 'healthcheck': {'interval': '30', 'retries': '3', 'start_period': '5', 'test': ['CMD-SHELL', 'healthcheck_port neutron-dhcp-agent 5672'], 'timeout': '30'}, 'pid_mode': 'host', 'environment': {'KOLLA_IMAGE': 'quay.io/openstack.kolla/neutron-dhcp-agent:2025.2-ubuntu-noble', 'KOLLA_NAME': 'neutron_dhcp_agent', 'KOLLA_NEUTRON_WRAPPERS': 'true'}}}) 
changed: [anfitrion] => (item={'key': 'neutron-l3-agent', 'value': {'cgroupns_mode': 'host', 'container_name': 'neutron_l3_agent', 'image': 'quay.io/openstack.kolla/neutron-l3-agent:2025.2-ubuntu-noble', 'privileged': True, 'enabled': True, 'environment': {'KOLLA_IMAGE': 'quay.io/openstack.kolla/neutron-l3-agent:2025.2-ubuntu-noble', 'KOLLA_NAME': 'neutron_l3_agent', 'KOLLA_NEUTRON_WRAPPERS': 'true'}, 'host_in_groups': True, 'volumes': ['/etc/kolla/neutron-l3-agent/:/var/lib/kolla/config_files/:ro', '/etc/localtime:/etc/localtime:ro', '/etc/timezone:/etc/timezone:ro', '/lib/modules:/lib/modules:ro', 'neutron_metadata_socket:/var/lib/neutron/kolla/', '/run/netns:/run/netns:shared', 'kolla_logs:/var/log/kolla/', '/dev/shm:/dev/shm', '', '/var/run/docker.sock:/var/run/docker.sock:ro', '', ''], 'dimensions': {'ulimits': {'nofile': {'soft': 1048576, 'hard': 1048576}}}, 'healthcheck': {'interval': '30', 'retries': '3', 'start_period': '5', 'test': ['CMD-SHELL', "healthcheck_port 'neutron-l3-agent ' 5672"], 'timeout': '30'}, 'pid_mode': 'host'}})
skipping: [anfitrion] => (item={'key': 'neutron-metadata-agent', 'value': {'container_name': 'neutron_metadata_agent', 'image': 'quay.io/openstack.kolla/neutron-metadata-agent:2025.2-ubuntu-noble', 'privileged': True, 'enabled': True, 'host_in_groups': True, 'volumes': ['/etc/kolla/neutron-metadata-agent/:/var/lib/kolla/config_files/:ro', '/etc/localtime:/etc/localtime:ro', '/etc/timezone:/etc/timezone:ro', 'neutron_metadata_socket:/var/lib/neutron/kolla/', 'kolla_logs:/var/log/kolla/', '/dev/shm:/dev/shm', ''], 'dimensions': {'ulimits': {'nofile': {'soft': 1048576, 'hard': 1048576}}}, 'healthcheck': {'interval': '30', 'retries': '3', 'start_period': '5', 'test': 'NONE', 'timeout': '30'}}}) 

TASK [neutron : Copying over fwaas_driver.ini] *********************************
skipping: [asus-tuf] => (item={'key': 'neutron-openvswitch-agent', 'value': {'container_name': 'neutron_openvswitch_agent', 'image': 'quay.io/openstack.kolla/neutron-openvswitch-agent:2025.2-ubuntu-noble', 'enabled': True, 'privileged': True, 'host_in_groups': True, 'volumes': ['/etc/kolla/neutron-openvswitch-agent/:/var/lib/kolla/config_files/:ro', '/etc/localtime:/etc/localtime:ro', '/etc/timezone:/etc/timezone:ro', '/lib/modules:/lib/modules:ro', '/run/openvswitch:/run/openvswitch:shared', 'kolla_logs:/var/log/kolla/', '/dev/shm:/dev/shm', ''], 'dimensions': {'ulimits': {'nofile': {'soft': 1048576, 'hard': 1048576}}}, 'healthcheck': {'interval': '30', 'retries': '3', 'start_period': '5', 'test': ['CMD-SHELL', 'healthcheck_port neutron-openvswitch-agent 5672'], 'timeout': '30'}}}) 
skipping: [asus-tuf]
skipping: [server] => (item={'key': 'neutron-openvswitch-agent', 'value': {'container_name': 'neutron_openvswitch_agent', 'image': 'quay.io/openstack.kolla/neutron-openvswitch-agent:2025.2-ubuntu-noble', 'enabled': True, 'privileged': True, 'host_in_groups': True, 'volumes': ['/etc/kolla/neutron-openvswitch-agent/:/var/lib/kolla/config_files/:ro', '/etc/localtime:/etc/localtime:ro', '/etc/timezone:/etc/timezone:ro', '/lib/modules:/lib/modules:ro', '/run/openvswitch:/run/openvswitch:shared', 'kolla_logs:/var/log/kolla/', '/dev/shm:/dev/shm', ''], 'dimensions': {'ulimits': {'nofile': {'soft': 1048576, 'hard': 1048576}}}, 'healthcheck': {'interval': '30', 'retries': '3', 'start_period': '5', 'test': ['CMD-SHELL', 'healthcheck_port neutron-openvswitch-agent 5672'], 'timeout': '30'}}}) 
skipping: [server]
skipping: [anfitrion] => (item={'key': 'neutron-server', 'value': {'container_name': 'neutron_server', 'image': 'quay.io/openstack.kolla/neutron-server:2025.2-ubuntu-noble', 'enabled': True, 'group': 'neutron-server', 'host_in_groups': True, 'volumes': ['/etc/kolla/neutron-server/:/var/lib/kolla/config_files/:ro', '/etc/localtime:/etc/localtime:ro', '/etc/timezone:/etc/timezone:ro', 'kolla_logs:/var/log/kolla/', '/dev/shm:/dev/shm', ''], 'dimensions': {'ulimits': {'nofile': {'soft': 1048576, 'hard': 1048576}}}, 'healthcheck': {'interval': '30', 'retries': '3', 'start_period': '5', 'test': ['CMD-SHELL', 'healthcheck_curl http://192.168.0.10:9696'], 'timeout': '30'}, 'wsgi': 'neutron.wsgi.api:application', 'haproxy': {'neutron_server': {'enabled': True, 'mode': 'http', 'external': False, 'port': '9696', 'listen_port': '9696', 'backend_http_extra': ['option httpchk'], 'tls_backend': False}, 'neutron_server_external': {'enabled': True, 'mode': 'http', 'external': True, 'external_fqdn': '192.168.0.200', 'port': '9696', 'listen_port': '9696', 'backend_http_extra': ['option httpchk'], 'tls_backend': False}}}}) 
skipping: [anfitrion] => (item={'key': 'neutron-rpc-server', 'value': {'container_name': 'neutron_rpc_server', 'image': 'quay.io/openstack.kolla/neutron-server:2025.2-ubuntu-noble', 'enabled': True, 'group': 'neutron-rpc-server', 'host_in_groups': True, 'volumes': ['/etc/kolla/neutron-rpc-server/:/var/lib/kolla/config_files/:ro', '/etc/localtime:/etc/localtime:ro', '/etc/timezone:/etc/timezone:ro', 'kolla_logs:/var/log/kolla/', '/dev/shm:/dev/shm'], 'dimensions': {'ulimits': {'nofile': {'soft': 1048576, 'hard': 1048576}}}, 'healthcheck': {'interval': '30', 'retries': '3', 'start_period': '5', 'test': ['CMD-SHELL', 'healthcheck_port neutron-rpc-server 5672'], 'timeout': '30'}}}) 
skipping: [anfitrion] => (item={'key': 'neutron-periodic-worker', 'value': {'container_name': 'neutron_periodic_worker', 'image': 'quay.io/openstack.kolla/neutron-server:2025.2-ubuntu-noble', 'enabled': True, 'group': 'neutron-periodic-worker', 'host_in_groups': True, 'volumes': ['/etc/kolla/neutron-periodic-worker/:/var/lib/kolla/config_files/:ro', '/etc/localtime:/etc/localtime:ro', '/etc/timezone:/etc/timezone:ro', 'kolla_logs:/var/log/kolla/', '/dev/shm:/dev/shm'], 'dimensions': {'ulimits': {'nofile': {'soft': 1048576, 'hard': 1048576}}}, 'healthcheck': {'interval': '30', 'retries': '3', 'start_period': '5', 'test': ['CMD-SHELL', 'healthcheck_port neutron-periodic-workers 3306'], 'timeout': '30'}}}) 
skipping: [anfitrion] => (item={'key': 'neutron-openvswitch-agent', 'value': {'container_name': 'neutron_openvswitch_agent', 'image': 'quay.io/openstack.kolla/neutron-openvswitch-agent:2025.2-ubuntu-noble', 'enabled': True, 'privileged': True, 'host_in_groups': True, 'volumes': ['/etc/kolla/neutron-openvswitch-agent/:/var/lib/kolla/config_files/:ro', '/etc/localtime:/etc/localtime:ro', '/etc/timezone:/etc/timezone:ro', '/lib/modules:/lib/modules:ro', '/run/openvswitch:/run/openvswitch:shared', 'kolla_logs:/var/log/kolla/', '/dev/shm:/dev/shm', ''], 'dimensions': {'ulimits': {'nofile': {'soft': 1048576, 'hard': 1048576}}}, 'healthcheck': {'interval': '30', 'retries': '3', 'start_period': '5', 'test': ['CMD-SHELL', 'healthcheck_port neutron-openvswitch-agent 5672'], 'timeout': '30'}}}) 
skipping: [anfitrion] => (item={'key': 'neutron-dhcp-agent', 'value': {'cgroupns_mode': 'host', 'container_name': 'neutron_dhcp_agent', 'image': 'quay.io/openstack.kolla/neutron-dhcp-agent:2025.2-ubuntu-noble', 'privileged': True, 'enabled': True, 'group': 'neutron-dhcp-agent', 'host_in_groups': True, 'volumes': ['/etc/kolla/neutron-dhcp-agent/:/var/lib/kolla/config_files/:ro', '/etc/localtime:/etc/localtime:ro', '/etc/timezone:/etc/timezone:ro', 'neutron_metadata_socket:/var/lib/neutron/kolla/', '/run/netns:/run/netns:shared', 'kolla_logs:/var/log/kolla/', '/dev/shm:/dev/shm', '', '/var/run/docker.sock:/var/run/docker.sock:ro', '', ''], 'dimensions': {'ulimits': {'nofile': {'soft': 1048576, 'hard': 1048576}}}, 'healthcheck': {'interval': '30', 'retries': '3', 'start_period': '5', 'test': ['CMD-SHELL', 'healthcheck_port neutron-dhcp-agent 5672'], 'timeout': '30'}, 'pid_mode': 'host', 'environment': {'KOLLA_IMAGE': 'quay.io/openstack.kolla/neutron-dhcp-agent:2025.2-ubuntu-noble', 'KOLLA_NAME': 'neutron_dhcp_agent', 'KOLLA_NEUTRON_WRAPPERS': 'true'}}}) 
skipping: [anfitrion] => (item={'key': 'neutron-l3-agent', 'value': {'cgroupns_mode': 'host', 'container_name': 'neutron_l3_agent', 'image': 'quay.io/openstack.kolla/neutron-l3-agent:2025.2-ubuntu-noble', 'privileged': True, 'enabled': True, 'environment': {'KOLLA_IMAGE': 'quay.io/openstack.kolla/neutron-l3-agent:2025.2-ubuntu-noble', 'KOLLA_NAME': 'neutron_l3_agent', 'KOLLA_NEUTRON_WRAPPERS': 'true'}, 'host_in_groups': True, 'volumes': ['/etc/kolla/neutron-l3-agent/:/var/lib/kolla/config_files/:ro', '/etc/localtime:/etc/localtime:ro', '/etc/timezone:/etc/timezone:ro', '/lib/modules:/lib/modules:ro', 'neutron_metadata_socket:/var/lib/neutron/kolla/', '/run/netns:/run/netns:shared', 'kolla_logs:/var/log/kolla/', '/dev/shm:/dev/shm', '', '/var/run/docker.sock:/var/run/docker.sock:ro', '', ''], 'dimensions': {'ulimits': {'nofile': {'soft': 1048576, 'hard': 1048576}}}, 'healthcheck': {'interval': '30', 'retries': '3', 'start_period': '5', 'test': ['CMD-SHELL', "healthcheck_port 'neutron-l3-agent ' 5672"], 'timeout': '30'}, 'pid_mode': 'host'}}) 
skipping: [anfitrion] => (item={'key': 'neutron-metadata-agent', 'value': {'container_name': 'neutron_metadata_agent', 'image': 'quay.io/openstack.kolla/neutron-metadata-agent:2025.2-ubuntu-noble', 'privileged': True, 'enabled': True, 'host_in_groups': True, 'volumes': ['/etc/kolla/neutron-metadata-agent/:/var/lib/kolla/config_files/:ro', '/etc/localtime:/etc/localtime:ro', '/etc/timezone:/etc/timezone:ro', 'neutron_metadata_socket:/var/lib/neutron/kolla/', 'kolla_logs:/var/log/kolla/', '/dev/shm:/dev/shm', ''], 'dimensions': {'ulimits': {'nofile': {'soft': 1048576, 'hard': 1048576}}}, 'healthcheck': {'interval': '30', 'retries': '3', 'start_period': '5', 'test': 'NONE', 'timeout': '30'}}}) 
skipping: [anfitrion]

TASK [neutron : Copying over metadata_agent.ini] *******************************
skipping: [asus-tuf]
skipping: [server]
changed: [anfitrion]

TASK [neutron : Copying over neutron_ovn_metadata_agent.ini] *******************
skipping: [asus-tuf]
skipping: [anfitrion]
skipping: [server]

TASK [neutron : Copying over metering_agent.ini] *******************************
skipping: [asus-tuf]
skipping: [server]
skipping: [anfitrion]

TASK [neutron : Copying over ironic_neutron_agent.ini] *************************
skipping: [asus-tuf]
skipping: [anfitrion]
skipping: [server]

TASK [neutron : Copying over bgp_dragent.ini] **********************************
skipping: [anfitrion]
skipping: [server]
skipping: [asus-tuf]

TASK [neutron : Copying over ovn_agent.ini] ************************************
skipping: [asus-tuf]
skipping: [anfitrion]
skipping: [server]

TASK [neutron : Copy neutron-l3-agent-wrapper script] **************************
skipping: [asus-tuf]
skipping: [server]
changed: [anfitrion]

TASK [neutron : Copying over extra ml2 plugins] ********************************
skipping: [asus-tuf]
skipping: [anfitrion]
skipping: [server]

TASK [neutron : Copying over neutron_taas.conf] ********************************
skipping: [asus-tuf] => (item={'key': 'neutron-openvswitch-agent', 'value': {'container_name': 'neutron_openvswitch_agent', 'image': 'quay.io/openstack.kolla/neutron-openvswitch-agent:2025.2-ubuntu-noble', 'enabled': True, 'privileged': True, 'host_in_groups': True, 'volumes': ['/etc/kolla/neutron-openvswitch-agent/:/var/lib/kolla/config_files/:ro', '/etc/localtime:/etc/localtime:ro', '/etc/timezone:/etc/timezone:ro', '/lib/modules:/lib/modules:ro', '/run/openvswitch:/run/openvswitch:shared', 'kolla_logs:/var/log/kolla/', '/dev/shm:/dev/shm', ''], 'dimensions': {'ulimits': {'nofile': {'soft': 1048576, 'hard': 1048576}}}, 'healthcheck': {'interval': '30', 'retries': '3', 'start_period': '5', 'test': ['CMD-SHELL', 'healthcheck_port neutron-openvswitch-agent 5672'], 'timeout': '30'}}}) 
skipping: [asus-tuf]
skipping: [anfitrion] => (item={'key': 'neutron-server', 'value': {'container_name': 'neutron_server', 'image': 'quay.io/openstack.kolla/neutron-server:2025.2-ubuntu-noble', 'enabled': True, 'group': 'neutron-server', 'host_in_groups': True, 'volumes': ['/etc/kolla/neutron-server/:/var/lib/kolla/config_files/:ro', '/etc/localtime:/etc/localtime:ro', '/etc/timezone:/etc/timezone:ro', 'kolla_logs:/var/log/kolla/', '/dev/shm:/dev/shm', ''], 'dimensions': {'ulimits': {'nofile': {'soft': 1048576, 'hard': 1048576}}}, 'healthcheck': {'interval': '30', 'retries': '3', 'start_period': '5', 'test': ['CMD-SHELL', 'healthcheck_curl http://192.168.0.10:9696'], 'timeout': '30'}, 'wsgi': 'neutron.wsgi.api:application', 'haproxy': {'neutron_server': {'enabled': True, 'mode': 'http', 'external': False, 'port': '9696', 'listen_port': '9696', 'backend_http_extra': ['option httpchk'], 'tls_backend': False}, 'neutron_server_external': {'enabled': True, 'mode': 'http', 'external': True, 'external_fqdn': '192.168.0.200', 'port': '9696', 'listen_port': '9696', 'backend_http_extra': ['option httpchk'], 'tls_backend': False}}}}) 
skipping: [server] => (item={'key': 'neutron-openvswitch-agent', 'value': {'container_name': 'neutron_openvswitch_agent', 'image': 'quay.io/openstack.kolla/neutron-openvswitch-agent:2025.2-ubuntu-noble', 'enabled': True, 'privileged': True, 'host_in_groups': True, 'volumes': ['/etc/kolla/neutron-openvswitch-agent/:/var/lib/kolla/config_files/:ro', '/etc/localtime:/etc/localtime:ro', '/etc/timezone:/etc/timezone:ro', '/lib/modules:/lib/modules:ro', '/run/openvswitch:/run/openvswitch:shared', 'kolla_logs:/var/log/kolla/', '/dev/shm:/dev/shm', ''], 'dimensions': {'ulimits': {'nofile': {'soft': 1048576, 'hard': 1048576}}}, 'healthcheck': {'interval': '30', 'retries': '3', 'start_period': '5', 'test': ['CMD-SHELL', 'healthcheck_port neutron-openvswitch-agent 5672'], 'timeout': '30'}}}) 
skipping: [server]
skipping: [anfitrion] => (item={'key': 'neutron-rpc-server', 'value': {'container_name': 'neutron_rpc_server', 'image': 'quay.io/openstack.kolla/neutron-server:2025.2-ubuntu-noble', 'enabled': True, 'group': 'neutron-rpc-server', 'host_in_groups': True, 'volumes': ['/etc/kolla/neutron-rpc-server/:/var/lib/kolla/config_files/:ro', '/etc/localtime:/etc/localtime:ro', '/etc/timezone:/etc/timezone:ro', 'kolla_logs:/var/log/kolla/', '/dev/shm:/dev/shm'], 'dimensions': {'ulimits': {'nofile': {'soft': 1048576, 'hard': 1048576}}}, 'healthcheck': {'interval': '30', 'retries': '3', 'start_period': '5', 'test': ['CMD-SHELL', 'healthcheck_port neutron-rpc-server 5672'], 'timeout': '30'}}}) 
skipping: [anfitrion] => (item={'key': 'neutron-periodic-worker', 'value': {'container_name': 'neutron_periodic_worker', 'image': 'quay.io/openstack.kolla/neutron-server:2025.2-ubuntu-noble', 'enabled': True, 'group': 'neutron-periodic-worker', 'host_in_groups': True, 'volumes': ['/etc/kolla/neutron-periodic-worker/:/var/lib/kolla/config_files/:ro', '/etc/localtime:/etc/localtime:ro', '/etc/timezone:/etc/timezone:ro', 'kolla_logs:/var/log/kolla/', '/dev/shm:/dev/shm'], 'dimensions': {'ulimits': {'nofile': {'soft': 1048576, 'hard': 1048576}}}, 'healthcheck': {'interval': '30', 'retries': '3', 'start_period': '5', 'test': ['CMD-SHELL', 'healthcheck_port neutron-periodic-workers 3306'], 'timeout': '30'}}}) 
skipping: [anfitrion] => (item={'key': 'neutron-openvswitch-agent', 'value': {'container_name': 'neutron_openvswitch_agent', 'image': 'quay.io/openstack.kolla/neutron-openvswitch-agent:2025.2-ubuntu-noble', 'enabled': True, 'privileged': True, 'host_in_groups': True, 'volumes': ['/etc/kolla/neutron-openvswitch-agent/:/var/lib/kolla/config_files/:ro', '/etc/localtime:/etc/localtime:ro', '/etc/timezone:/etc/timezone:ro', '/lib/modules:/lib/modules:ro', '/run/openvswitch:/run/openvswitch:shared', 'kolla_logs:/var/log/kolla/', '/dev/shm:/dev/shm', ''], 'dimensions': {'ulimits': {'nofile': {'soft': 1048576, 'hard': 1048576}}}, 'healthcheck': {'interval': '30', 'retries': '3', 'start_period': '5', 'test': ['CMD-SHELL', 'healthcheck_port neutron-openvswitch-agent 5672'], 'timeout': '30'}}}) 
skipping: [anfitrion] => (item={'key': 'neutron-dhcp-agent', 'value': {'cgroupns_mode': 'host', 'container_name': 'neutron_dhcp_agent', 'image': 'quay.io/openstack.kolla/neutron-dhcp-agent:2025.2-ubuntu-noble', 'privileged': True, 'enabled': True, 'group': 'neutron-dhcp-agent', 'host_in_groups': True, 'volumes': ['/etc/kolla/neutron-dhcp-agent/:/var/lib/kolla/config_files/:ro', '/etc/localtime:/etc/localtime:ro', '/etc/timezone:/etc/timezone:ro', 'neutron_metadata_socket:/var/lib/neutron/kolla/', '/run/netns:/run/netns:shared', 'kolla_logs:/var/log/kolla/', '/dev/shm:/dev/shm', '', '/var/run/docker.sock:/var/run/docker.sock:ro', '', ''], 'dimensions': {'ulimits': {'nofile': {'soft': 1048576, 'hard': 1048576}}}, 'healthcheck': {'interval': '30', 'retries': '3', 'start_period': '5', 'test': ['CMD-SHELL', 'healthcheck_port neutron-dhcp-agent 5672'], 'timeout': '30'}, 'pid_mode': 'host', 'environment': {'KOLLA_IMAGE': 'quay.io/openstack.kolla/neutron-dhcp-agent:2025.2-ubuntu-noble', 'KOLLA_NAME': 'neutron_dhcp_agent', 'KOLLA_NEUTRON_WRAPPERS': 'true'}}}) 
skipping: [anfitrion] => (item={'key': 'neutron-l3-agent', 'value': {'cgroupns_mode': 'host', 'container_name': 'neutron_l3_agent', 'image': 'quay.io/openstack.kolla/neutron-l3-agent:2025.2-ubuntu-noble', 'privileged': True, 'enabled': True, 'environment': {'KOLLA_IMAGE': 'quay.io/openstack.kolla/neutron-l3-agent:2025.2-ubuntu-noble', 'KOLLA_NAME': 'neutron_l3_agent', 'KOLLA_NEUTRON_WRAPPERS': 'true'}, 'host_in_groups': True, 'volumes': ['/etc/kolla/neutron-l3-agent/:/var/lib/kolla/config_files/:ro', '/etc/localtime:/etc/localtime:ro', '/etc/timezone:/etc/timezone:ro', '/lib/modules:/lib/modules:ro', 'neutron_metadata_socket:/var/lib/neutron/kolla/', '/run/netns:/run/netns:shared', 'kolla_logs:/var/log/kolla/', '/dev/shm:/dev/shm', '', '/var/run/docker.sock:/var/run/docker.sock:ro', '', ''], 'dimensions': {'ulimits': {'nofile': {'soft': 1048576, 'hard': 1048576}}}, 'healthcheck': {'interval': '30', 'retries': '3', 'start_period': '5', 'test': ['CMD-SHELL', "healthcheck_port 'neutron-l3-agent ' 5672"], 'timeout': '30'}, 'pid_mode': 'host'}}) 
skipping: [anfitrion] => (item={'key': 'neutron-metadata-agent', 'value': {'container_name': 'neutron_metadata_agent', 'image': 'quay.io/openstack.kolla/neutron-metadata-agent:2025.2-ubuntu-noble', 'privileged': True, 'enabled': True, 'host_in_groups': True, 'volumes': ['/etc/kolla/neutron-metadata-agent/:/var/lib/kolla/config_files/:ro', '/etc/localtime:/etc/localtime:ro', '/etc/timezone:/etc/timezone:ro', 'neutron_metadata_socket:/var/lib/neutron/kolla/', 'kolla_logs:/var/log/kolla/', '/dev/shm:/dev/shm', ''], 'dimensions': {'ulimits': {'nofile': {'soft': 1048576, 'hard': 1048576}}}, 'healthcheck': {'interval': '30', 'retries': '3', 'start_period': '5', 'test': 'NONE', 'timeout': '30'}}}) 
skipping: [anfitrion]

TASK [Configure uWSGI for Neutron] *********************************************
skipping: [asus-tuf]
skipping: [server]
included: service-uwsgi-config for anfitrion

TASK [service-uwsgi-config : Copying over neutron-server uWSGI config] *********
changed: [anfitrion]

TASK [service-check-containers : neutron | Check containers] *******************
changed: [server] => (item={'key': 'neutron-openvswitch-agent', 'value': {'container_name': 'neutron_openvswitch_agent', 'image': 'quay.io/openstack.kolla/neutron-openvswitch-agent:2025.2-ubuntu-noble', 'enabled': True, 'privileged': True, 'host_in_groups': True, 'volumes': ['/etc/kolla/neutron-openvswitch-agent/:/var/lib/kolla/config_files/:ro', '/etc/localtime:/etc/localtime:ro', '/etc/timezone:/etc/timezone:ro', '/lib/modules:/lib/modules:ro', '/run/openvswitch:/run/openvswitch:shared', 'kolla_logs:/var/log/kolla/', '/dev/shm:/dev/shm', ''], 'dimensions': {'ulimits': {'nofile': {'soft': 1048576, 'hard': 1048576}}}, 'healthcheck': {'interval': '30', 'retries': '3', 'start_period': '5', 'test': ['CMD-SHELL', 'healthcheck_port neutron-openvswitch-agent 5672'], 'timeout': '30'}}})
changed: [anfitrion] => (item={'key': 'neutron-server', 'value': {'container_name': 'neutron_server', 'image': 'quay.io/openstack.kolla/neutron-server:2025.2-ubuntu-noble', 'enabled': True, 'group': 'neutron-server', 'host_in_groups': True, 'volumes': ['/etc/kolla/neutron-server/:/var/lib/kolla/config_files/:ro', '/etc/localtime:/etc/localtime:ro', '/etc/timezone:/etc/timezone:ro', 'kolla_logs:/var/log/kolla/', '/dev/shm:/dev/shm', ''], 'dimensions': {'ulimits': {'nofile': {'soft': 1048576, 'hard': 1048576}}}, 'healthcheck': {'interval': '30', 'retries': '3', 'start_period': '5', 'test': ['CMD-SHELL', 'healthcheck_curl http://192.168.0.10:9696'], 'timeout': '30'}, 'wsgi': 'neutron.wsgi.api:application', 'haproxy': {'neutron_server': {'enabled': True, 'mode': 'http', 'external': False, 'port': '9696', 'listen_port': '9696', 'backend_http_extra': ['option httpchk'], 'tls_backend': False}, 'neutron_server_external': {'enabled': True, 'mode': 'http', 'external': True, 'external_fqdn': '192.168.0.200', 'port': '9696', 'listen_port': '9696', 'backend_http_extra': ['option httpchk'], 'tls_backend': False}}}})
changed: [asus-tuf] => (item={'key': 'neutron-openvswitch-agent', 'value': {'container_name': 'neutron_openvswitch_agent', 'image': 'quay.io/openstack.kolla/neutron-openvswitch-agent:2025.2-ubuntu-noble', 'enabled': True, 'privileged': True, 'host_in_groups': True, 'volumes': ['/etc/kolla/neutron-openvswitch-agent/:/var/lib/kolla/config_files/:ro', '/etc/localtime:/etc/localtime:ro', '/etc/timezone:/etc/timezone:ro', '/lib/modules:/lib/modules:ro', '/run/openvswitch:/run/openvswitch:shared', 'kolla_logs:/var/log/kolla/', '/dev/shm:/dev/shm', ''], 'dimensions': {'ulimits': {'nofile': {'soft': 1048576, 'hard': 1048576}}}, 'healthcheck': {'interval': '30', 'retries': '3', 'start_period': '5', 'test': ['CMD-SHELL', 'healthcheck_port neutron-openvswitch-agent 5672'], 'timeout': '30'}}})
changed: [anfitrion] => (item={'key': 'neutron-rpc-server', 'value': {'container_name': 'neutron_rpc_server', 'image': 'quay.io/openstack.kolla/neutron-server:2025.2-ubuntu-noble', 'enabled': True, 'group': 'neutron-rpc-server', 'host_in_groups': True, 'volumes': ['/etc/kolla/neutron-rpc-server/:/var/lib/kolla/config_files/:ro', '/etc/localtime:/etc/localtime:ro', '/etc/timezone:/etc/timezone:ro', 'kolla_logs:/var/log/kolla/', '/dev/shm:/dev/shm'], 'dimensions': {'ulimits': {'nofile': {'soft': 1048576, 'hard': 1048576}}}, 'healthcheck': {'interval': '30', 'retries': '3', 'start_period': '5', 'test': ['CMD-SHELL', 'healthcheck_port neutron-rpc-server 5672'], 'timeout': '30'}}})
changed: [anfitrion] => (item={'key': 'neutron-periodic-worker', 'value': {'container_name': 'neutron_periodic_worker', 'image': 'quay.io/openstack.kolla/neutron-server:2025.2-ubuntu-noble', 'enabled': True, 'group': 'neutron-periodic-worker', 'host_in_groups': True, 'volumes': ['/etc/kolla/neutron-periodic-worker/:/var/lib/kolla/config_files/:ro', '/etc/localtime:/etc/localtime:ro', '/etc/timezone:/etc/timezone:ro', 'kolla_logs:/var/log/kolla/', '/dev/shm:/dev/shm'], 'dimensions': {'ulimits': {'nofile': {'soft': 1048576, 'hard': 1048576}}}, 'healthcheck': {'interval': '30', 'retries': '3', 'start_period': '5', 'test': ['CMD-SHELL', 'healthcheck_port neutron-periodic-workers 3306'], 'timeout': '30'}}})
changed: [anfitrion] => (item={'key': 'neutron-openvswitch-agent', 'value': {'container_name': 'neutron_openvswitch_agent', 'image': 'quay.io/openstack.kolla/neutron-openvswitch-agent:2025.2-ubuntu-noble', 'enabled': True, 'privileged': True, 'host_in_groups': True, 'volumes': ['/etc/kolla/neutron-openvswitch-agent/:/var/lib/kolla/config_files/:ro', '/etc/localtime:/etc/localtime:ro', '/etc/timezone:/etc/timezone:ro', '/lib/modules:/lib/modules:ro', '/run/openvswitch:/run/openvswitch:shared', 'kolla_logs:/var/log/kolla/', '/dev/shm:/dev/shm', ''], 'dimensions': {'ulimits': {'nofile': {'soft': 1048576, 'hard': 1048576}}}, 'healthcheck': {'interval': '30', 'retries': '3', 'start_period': '5', 'test': ['CMD-SHELL', 'healthcheck_port neutron-openvswitch-agent 5672'], 'timeout': '30'}}})
changed: [anfitrion] => (item={'key': 'neutron-dhcp-agent', 'value': {'cgroupns_mode': 'host', 'container_name': 'neutron_dhcp_agent', 'image': 'quay.io/openstack.kolla/neutron-dhcp-agent:2025.2-ubuntu-noble', 'privileged': True, 'enabled': True, 'group': 'neutron-dhcp-agent', 'host_in_groups': True, 'volumes': ['/etc/kolla/neutron-dhcp-agent/:/var/lib/kolla/config_files/:ro', '/etc/localtime:/etc/localtime:ro', '/etc/timezone:/etc/timezone:ro', 'neutron_metadata_socket:/var/lib/neutron/kolla/', '/run/netns:/run/netns:shared', 'kolla_logs:/var/log/kolla/', '/dev/shm:/dev/shm', '', '/var/run/docker.sock:/var/run/docker.sock:ro', '', ''], 'dimensions': {'ulimits': {'nofile': {'soft': 1048576, 'hard': 1048576}}}, 'healthcheck': {'interval': '30', 'retries': '3', 'start_period': '5', 'test': ['CMD-SHELL', 'healthcheck_port neutron-dhcp-agent 5672'], 'timeout': '30'}, 'pid_mode': 'host', 'environment': {'KOLLA_IMAGE': 'quay.io/openstack.kolla/neutron-dhcp-agent:2025.2-ubuntu-noble', 'KOLLA_NAME': 'neutron_dhcp_agent', 'KOLLA_NEUTRON_WRAPPERS': 'true'}}})
changed: [anfitrion] => (item={'key': 'neutron-l3-agent', 'value': {'cgroupns_mode': 'host', 'container_name': 'neutron_l3_agent', 'image': 'quay.io/openstack.kolla/neutron-l3-agent:2025.2-ubuntu-noble', 'privileged': True, 'enabled': True, 'environment': {'KOLLA_IMAGE': 'quay.io/openstack.kolla/neutron-l3-agent:2025.2-ubuntu-noble', 'KOLLA_NAME': 'neutron_l3_agent', 'KOLLA_NEUTRON_WRAPPERS': 'true'}, 'host_in_groups': True, 'volumes': ['/etc/kolla/neutron-l3-agent/:/var/lib/kolla/config_files/:ro', '/etc/localtime:/etc/localtime:ro', '/etc/timezone:/etc/timezone:ro', '/lib/modules:/lib/modules:ro', 'neutron_metadata_socket:/var/lib/neutron/kolla/', '/run/netns:/run/netns:shared', 'kolla_logs:/var/log/kolla/', '/dev/shm:/dev/shm', '', '/var/run/docker.sock:/var/run/docker.sock:ro', '', ''], 'dimensions': {'ulimits': {'nofile': {'soft': 1048576, 'hard': 1048576}}}, 'healthcheck': {'interval': '30', 'retries': '3', 'start_period': '5', 'test': ['CMD-SHELL', "healthcheck_port 'neutron-l3-agent ' 5672"], 'timeout': '30'}, 'pid_mode': 'host'}})
changed: [anfitrion] => (item={'key': 'neutron-metadata-agent', 'value': {'container_name': 'neutron_metadata_agent', 'image': 'quay.io/openstack.kolla/neutron-metadata-agent:2025.2-ubuntu-noble', 'privileged': True, 'enabled': True, 'host_in_groups': True, 'volumes': ['/etc/kolla/neutron-metadata-agent/:/var/lib/kolla/config_files/:ro', '/etc/localtime:/etc/localtime:ro', '/etc/timezone:/etc/timezone:ro', 'neutron_metadata_socket:/var/lib/neutron/kolla/', 'kolla_logs:/var/log/kolla/', '/dev/shm:/dev/shm', ''], 'dimensions': {'ulimits': {'nofile': {'soft': 1048576, 'hard': 1048576}}}, 'healthcheck': {'interval': '30', 'retries': '3', 'start_period': '5', 'test': 'NONE', 'timeout': '30'}}})

TASK [service-check-containers : neutron | Notify handlers to restart containers] ***
changed: [anfitrion] => {
    "msg": "Notifying handlers"
}
changed: [asus-tuf] => {
    "msg": "Notifying handlers"
}
changed: [server] => {
    "msg": "Notifying handlers"
}

TASK [service-check-containers : Include tasks] ********************************
skipping: [asus-tuf] => (item={'key': 'neutron-openvswitch-agent', 'value': {'container_name': 'neutron_openvswitch_agent', 'image': 'quay.io/openstack.kolla/neutron-openvswitch-agent:2025.2-ubuntu-noble', 'enabled': True, 'privileged': True, 'host_in_groups': True, 'volumes': ['/etc/kolla/neutron-openvswitch-agent/:/var/lib/kolla/config_files/:ro', '/etc/localtime:/etc/localtime:ro', '/etc/timezone:/etc/timezone:ro', '/lib/modules:/lib/modules:ro', '/run/openvswitch:/run/openvswitch:shared', 'kolla_logs:/var/log/kolla/', '/dev/shm:/dev/shm', ''], 'dimensions': {'ulimits': {'nofile': {'soft': 1048576, 'hard': 1048576}}}, 'healthcheck': {'interval': '30', 'retries': '3', 'start_period': '5', 'test': ['CMD-SHELL', 'healthcheck_port neutron-openvswitch-agent 5672'], 'timeout': '30'}}}) 
skipping: [asus-tuf]
skipping: [anfitrion] => (item={'key': 'neutron-server', 'value': {'container_name': 'neutron_server', 'image': 'quay.io/openstack.kolla/neutron-server:2025.2-ubuntu-noble', 'enabled': True, 'group': 'neutron-server', 'host_in_groups': True, 'volumes': ['/etc/kolla/neutron-server/:/var/lib/kolla/config_files/:ro', '/etc/localtime:/etc/localtime:ro', '/etc/timezone:/etc/timezone:ro', 'kolla_logs:/var/log/kolla/', '/dev/shm:/dev/shm', ''], 'dimensions': {'ulimits': {'nofile': {'soft': 1048576, 'hard': 1048576}}}, 'healthcheck': {'interval': '30', 'retries': '3', 'start_period': '5', 'test': ['CMD-SHELL', 'healthcheck_curl http://192.168.0.10:9696'], 'timeout': '30'}, 'wsgi': 'neutron.wsgi.api:application', 'haproxy': {'neutron_server': {'enabled': True, 'mode': 'http', 'external': False, 'port': '9696', 'listen_port': '9696', 'backend_http_extra': ['option httpchk'], 'tls_backend': False}, 'neutron_server_external': {'enabled': True, 'mode': 'http', 'external': True, 'external_fqdn': '192.168.0.200', 'port': '9696', 'listen_port': '9696', 'backend_http_extra': ['option httpchk'], 'tls_backend': False}}}}) 
skipping: [anfitrion] => (item={'key': 'neutron-rpc-server', 'value': {'container_name': 'neutron_rpc_server', 'image': 'quay.io/openstack.kolla/neutron-server:2025.2-ubuntu-noble', 'enabled': True, 'group': 'neutron-rpc-server', 'host_in_groups': True, 'volumes': ['/etc/kolla/neutron-rpc-server/:/var/lib/kolla/config_files/:ro', '/etc/localtime:/etc/localtime:ro', '/etc/timezone:/etc/timezone:ro', 'kolla_logs:/var/log/kolla/', '/dev/shm:/dev/shm'], 'dimensions': {'ulimits': {'nofile': {'soft': 1048576, 'hard': 1048576}}}, 'healthcheck': {'interval': '30', 'retries': '3', 'start_period': '5', 'test': ['CMD-SHELL', 'healthcheck_port neutron-rpc-server 5672'], 'timeout': '30'}}}) 
skipping: [server] => (item={'key': 'neutron-openvswitch-agent', 'value': {'container_name': 'neutron_openvswitch_agent', 'image': 'quay.io/openstack.kolla/neutron-openvswitch-agent:2025.2-ubuntu-noble', 'enabled': True, 'privileged': True, 'host_in_groups': True, 'volumes': ['/etc/kolla/neutron-openvswitch-agent/:/var/lib/kolla/config_files/:ro', '/etc/localtime:/etc/localtime:ro', '/etc/timezone:/etc/timezone:ro', '/lib/modules:/lib/modules:ro', '/run/openvswitch:/run/openvswitch:shared', 'kolla_logs:/var/log/kolla/', '/dev/shm:/dev/shm', ''], 'dimensions': {'ulimits': {'nofile': {'soft': 1048576, 'hard': 1048576}}}, 'healthcheck': {'interval': '30', 'retries': '3', 'start_period': '5', 'test': ['CMD-SHELL', 'healthcheck_port neutron-openvswitch-agent 5672'], 'timeout': '30'}}}) 
skipping: [server]
skipping: [anfitrion] => (item={'key': 'neutron-periodic-worker', 'value': {'container_name': 'neutron_periodic_worker', 'image': 'quay.io/openstack.kolla/neutron-server:2025.2-ubuntu-noble', 'enabled': True, 'group': 'neutron-periodic-worker', 'host_in_groups': True, 'volumes': ['/etc/kolla/neutron-periodic-worker/:/var/lib/kolla/config_files/:ro', '/etc/localtime:/etc/localtime:ro', '/etc/timezone:/etc/timezone:ro', 'kolla_logs:/var/log/kolla/', '/dev/shm:/dev/shm'], 'dimensions': {'ulimits': {'nofile': {'soft': 1048576, 'hard': 1048576}}}, 'healthcheck': {'interval': '30', 'retries': '3', 'start_period': '5', 'test': ['CMD-SHELL', 'healthcheck_port neutron-periodic-workers 3306'], 'timeout': '30'}}}) 
skipping: [anfitrion] => (item={'key': 'neutron-openvswitch-agent', 'value': {'container_name': 'neutron_openvswitch_agent', 'image': 'quay.io/openstack.kolla/neutron-openvswitch-agent:2025.2-ubuntu-noble', 'enabled': True, 'privileged': True, 'host_in_groups': True, 'volumes': ['/etc/kolla/neutron-openvswitch-agent/:/var/lib/kolla/config_files/:ro', '/etc/localtime:/etc/localtime:ro', '/etc/timezone:/etc/timezone:ro', '/lib/modules:/lib/modules:ro', '/run/openvswitch:/run/openvswitch:shared', 'kolla_logs:/var/log/kolla/', '/dev/shm:/dev/shm', ''], 'dimensions': {'ulimits': {'nofile': {'soft': 1048576, 'hard': 1048576}}}, 'healthcheck': {'interval': '30', 'retries': '3', 'start_period': '5', 'test': ['CMD-SHELL', 'healthcheck_port neutron-openvswitch-agent 5672'], 'timeout': '30'}}}) 
skipping: [anfitrion] => (item={'key': 'neutron-dhcp-agent', 'value': {'cgroupns_mode': 'host', 'container_name': 'neutron_dhcp_agent', 'image': 'quay.io/openstack.kolla/neutron-dhcp-agent:2025.2-ubuntu-noble', 'privileged': True, 'enabled': True, 'group': 'neutron-dhcp-agent', 'host_in_groups': True, 'volumes': ['/etc/kolla/neutron-dhcp-agent/:/var/lib/kolla/config_files/:ro', '/etc/localtime:/etc/localtime:ro', '/etc/timezone:/etc/timezone:ro', 'neutron_metadata_socket:/var/lib/neutron/kolla/', '/run/netns:/run/netns:shared', 'kolla_logs:/var/log/kolla/', '/dev/shm:/dev/shm', '', '/var/run/docker.sock:/var/run/docker.sock:ro', '', ''], 'dimensions': {'ulimits': {'nofile': {'soft': 1048576, 'hard': 1048576}}}, 'healthcheck': {'interval': '30', 'retries': '3', 'start_period': '5', 'test': ['CMD-SHELL', 'healthcheck_port neutron-dhcp-agent 5672'], 'timeout': '30'}, 'pid_mode': 'host', 'environment': {'KOLLA_IMAGE': 'quay.io/openstack.kolla/neutron-dhcp-agent:2025.2-ubuntu-noble', 'KOLLA_NAME': 'neutron_dhcp_agent', 'KOLLA_NEUTRON_WRAPPERS': 'true'}}}) 
skipping: [anfitrion] => (item={'key': 'neutron-l3-agent', 'value': {'cgroupns_mode': 'host', 'container_name': 'neutron_l3_agent', 'image': 'quay.io/openstack.kolla/neutron-l3-agent:2025.2-ubuntu-noble', 'privileged': True, 'enabled': True, 'environment': {'KOLLA_IMAGE': 'quay.io/openstack.kolla/neutron-l3-agent:2025.2-ubuntu-noble', 'KOLLA_NAME': 'neutron_l3_agent', 'KOLLA_NEUTRON_WRAPPERS': 'true'}, 'host_in_groups': True, 'volumes': ['/etc/kolla/neutron-l3-agent/:/var/lib/kolla/config_files/:ro', '/etc/localtime:/etc/localtime:ro', '/etc/timezone:/etc/timezone:ro', '/lib/modules:/lib/modules:ro', 'neutron_metadata_socket:/var/lib/neutron/kolla/', '/run/netns:/run/netns:shared', 'kolla_logs:/var/log/kolla/', '/dev/shm:/dev/shm', '', '/var/run/docker.sock:/var/run/docker.sock:ro', '', ''], 'dimensions': {'ulimits': {'nofile': {'soft': 1048576, 'hard': 1048576}}}, 'healthcheck': {'interval': '30', 'retries': '3', 'start_period': '5', 'test': ['CMD-SHELL', "healthcheck_port 'neutron-l3-agent ' 5672"], 'timeout': '30'}, 'pid_mode': 'host'}}) 
skipping: [anfitrion] => (item={'key': 'neutron-metadata-agent', 'value': {'container_name': 'neutron_metadata_agent', 'image': 'quay.io/openstack.kolla/neutron-metadata-agent:2025.2-ubuntu-noble', 'privileged': True, 'enabled': True, 'host_in_groups': True, 'volumes': ['/etc/kolla/neutron-metadata-agent/:/var/lib/kolla/config_files/:ro', '/etc/localtime:/etc/localtime:ro', '/etc/timezone:/etc/timezone:ro', 'neutron_metadata_socket:/var/lib/neutron/kolla/', 'kolla_logs:/var/log/kolla/', '/dev/shm:/dev/shm', ''], 'dimensions': {'ulimits': {'nofile': {'soft': 1048576, 'hard': 1048576}}}, 'healthcheck': {'interval': '30', 'retries': '3', 'start_period': '5', 'test': 'NONE', 'timeout': '30'}}}) 
skipping: [anfitrion]

TASK [neutron : include_tasks] *************************************************
skipping: [anfitrion]
skipping: [asus-tuf]
skipping: [server]

TASK [neutron : Creating Neutron database] *************************************
changed: [anfitrion]

TASK [neutron : Creating Neutron database user and setting permissions] ********
changed: [anfitrion]

TASK [neutron : Running Neutron bootstrap container] ***************************
changed: [anfitrion]

TASK [neutron : Flush Handlers] ************************************************

TASK [neutron : Flush Handlers] ************************************************

TASK [neutron : Flush Handlers] ************************************************

RUNNING HANDLER [neutron : Restart neutron-server container] *******************
changed: [anfitrion]

RUNNING HANDLER [neutron : Restart neutron-rpc-server container] ***************
changed: [anfitrion]

RUNNING HANDLER [neutron : Restart neutron-periodic-worker container] **********
changed: [anfitrion]

RUNNING HANDLER [neutron : Restart neutron-openvswitch-agent container] ********
changed: [anfitrion]
changed: [server]
changed: [asus-tuf]

RUNNING HANDLER [neutron : Restart neutron-dhcp-agent container] ***************
changed: [anfitrion]

RUNNING HANDLER [neutron : Get container facts] ********************************
ok: [anfitrion]

RUNNING HANDLER [neutron : Group hosts] ****************************************
changed: [anfitrion]

RUNNING HANDLER [neutron : Start stopped neutron-l3-agent container] ***********
changed: [anfitrion]

RUNNING HANDLER [neutron : Wait if container starting] *************************
skipping: [anfitrion]

RUNNING HANDLER [neutron : Restart running neutron-l3-agent container] *********
skipping: [anfitrion]

RUNNING HANDLER [neutron : Restart neutron-metadata-agent container] ***********
[WARNING]: Could not match supplied host pattern, ignoring: enable_kuryr_True
[WARNING]: Could not match supplied host pattern, ignoring:
enable_hacluster_True
changed: [anfitrion]

PLAY [Apply role kuryr] ********************************************************
skipping: no hosts matched

PLAY [Apply role hacluster] ****************************************************
skipping: no hosts matched

PLAY [Apply role heat] *********************************************************

TASK [heat : include_tasks] ****************************************************
included: /opt/kolla-ansible/share/kolla-ansible/ansible/roles/heat/tasks/deploy.yml for anfitrion

TASK [service-ks-register : heat | Creating/deleting services] *****************
changed: [anfitrion] => (item=heat (orchestration))
changed: [anfitrion] => (item=heat-cfn (cloudformation))

TASK [service-ks-register : heat | Creating/deleting endpoints] ****************
changed: [anfitrion] => (item=heat -> http://192.168.0.200:8004/v1/%(tenant_id)s -> internal)
changed: [anfitrion] => (item=heat -> http://192.168.0.200:8004/v1/%(tenant_id)s -> public)
changed: [anfitrion] => (item=heat-cfn -> http://192.168.0.200:8000/v1 -> internal)
changed: [anfitrion] => (item=heat-cfn -> http://192.168.0.200:8000/v1 -> public)

TASK [service-ks-register : heat | Creating projects] **************************
ok: [anfitrion] => (item=service)

TASK [service-ks-register : heat | Creating/deleting users] ********************
changed: [anfitrion] => (item=heat -> service)

TASK [service-ks-register : heat | Creating roles] *****************************
ok: [anfitrion] => (item=admin)
changed: [anfitrion] => (item=heat_stack_owner)
changed: [anfitrion] => (item=heat_stack_user)

TASK [service-ks-register : heat | Granting/revoking user roles] ***************
changed: [anfitrion] => (item=heat -> service -> admin)
changed: [anfitrion] => (item=admin -> admin -> heat_stack_owner)

TASK [heat : Ensuring config directories exist] ********************************
changed: [anfitrion] => (item={'key': 'heat-api', 'value': {'container_name': 'heat_api', 'group': 'heat-api', 'enabled': True, 'image': 'quay.io/openstack.kolla/heat-api:2025.2-ubuntu-noble', 'volumes': ['/etc/kolla/heat-api/:/var/lib/kolla/config_files/:ro', '/etc/localtime:/etc/localtime:ro', '/etc/timezone:/etc/timezone:ro', '', 'kolla_logs:/var/log/kolla/', '/dev/shm:/dev/shm'], 'dimensions': {'ulimits': {'nofile': {'soft': 1048576, 'hard': 1048576}}}, 'healthcheck': {'interval': '30', 'retries': '3', 'start_period': '5', 'test': ['CMD-SHELL', 'healthcheck_curl http://192.168.0.10:8004'], 'timeout': '30'}, 'wsgi': 'heat.wsgi.api:application', 'haproxy': {'heat_api': {'enabled': True, 'mode': 'http', 'external': False, 'port': '8004', 'listen_port': '8004', 'tls_backend': 'no', 'backend_http_extra': ['option httpchk']}, 'heat_api_external': {'enabled': True, 'mode': 'http', 'external': True, 'external_fqdn': '192.168.0.200', 'port': '8004', 'listen_port': '8004', 'tls_backend': 'no', 'backend_http_extra': ['option httpchk']}}}})
changed: [anfitrion] => (item={'key': 'heat-api-cfn', 'value': {'container_name': 'heat_api_cfn', 'group': 'heat-api-cfn', 'enabled': True, 'image': 'quay.io/openstack.kolla/heat-api-cfn:2025.2-ubuntu-noble', 'volumes': ['/etc/kolla/heat-api-cfn/:/var/lib/kolla/config_files/:ro', '/etc/localtime:/etc/localtime:ro', '/etc/timezone:/etc/timezone:ro', '', 'kolla_logs:/var/log/kolla/', '/dev/shm:/dev/shm'], 'dimensions': {'ulimits': {'nofile': {'soft': 1048576, 'hard': 1048576}}}, 'healthcheck': {'interval': '30', 'retries': '3', 'start_period': '5', 'test': ['CMD-SHELL', 'healthcheck_curl http://192.168.0.10:8000'], 'timeout': '30'}, 'wsgi': 'heat.wsgi.cfn:application', 'haproxy': {'heat_api_cfn': {'enabled': True, 'mode': 'http', 'external': False, 'port': '8000', 'listen_port': '8000', 'tls_backend': 'no', 'backend_http_extra': ['option httpchk']}, 'heat_api_cfn_external': {'enabled': True, 'mode': 'http', 'external': True, 'external_fqdn': '192.168.0.200', 'port': '8000', 'listen_port': '8000', 'tls_backend': 'no', 'backend_http_extra': ['option httpchk']}}}})
changed: [anfitrion] => (item={'key': 'heat-engine', 'value': {'container_name': 'heat_engine', 'group': 'heat-engine', 'enabled': True, 'image': 'quay.io/openstack.kolla/heat-engine:2025.2-ubuntu-noble', 'volumes': ['/etc/kolla/heat-engine/:/var/lib/kolla/config_files/:ro', '/etc/localtime:/etc/localtime:ro', '/etc/timezone:/etc/timezone:ro', '', 'kolla_logs:/var/log/kolla/', '/dev/shm:/dev/shm'], 'dimensions': {'ulimits': {'nofile': {'soft': 1048576, 'hard': 1048576}}}, 'healthcheck': {'interval': '30', 'retries': '3', 'start_period': '5', 'test': ['CMD-SHELL', 'healthcheck_port heat-engine 5672'], 'timeout': '30'}}})

TASK [heat : Check if policies shall be overwritten] ***************************
skipping: [anfitrion]

TASK [heat : Set heat policy file] *********************************************
skipping: [anfitrion]

TASK [heat : include_tasks] ****************************************************
skipping: [anfitrion]

TASK [heat : Copying over config.json files for services] **********************
changed: [anfitrion] => (item={'key': 'heat-api', 'value': {'container_name': 'heat_api', 'group': 'heat-api', 'enabled': True, 'image': 'quay.io/openstack.kolla/heat-api:2025.2-ubuntu-noble', 'volumes': ['/etc/kolla/heat-api/:/var/lib/kolla/config_files/:ro', '/etc/localtime:/etc/localtime:ro', '/etc/timezone:/etc/timezone:ro', '', 'kolla_logs:/var/log/kolla/', '/dev/shm:/dev/shm'], 'dimensions': {'ulimits': {'nofile': {'soft': 1048576, 'hard': 1048576}}}, 'healthcheck': {'interval': '30', 'retries': '3', 'start_period': '5', 'test': ['CMD-SHELL', 'healthcheck_curl http://192.168.0.10:8004'], 'timeout': '30'}, 'wsgi': 'heat.wsgi.api:application', 'haproxy': {'heat_api': {'enabled': True, 'mode': 'http', 'external': False, 'port': '8004', 'listen_port': '8004', 'tls_backend': 'no', 'backend_http_extra': ['option httpchk']}, 'heat_api_external': {'enabled': True, 'mode': 'http', 'external': True, 'external_fqdn': '192.168.0.200', 'port': '8004', 'listen_port': '8004', 'tls_backend': 'no', 'backend_http_extra': ['option httpchk']}}}})
changed: [anfitrion] => (item={'key': 'heat-api-cfn', 'value': {'container_name': 'heat_api_cfn', 'group': 'heat-api-cfn', 'enabled': True, 'image': 'quay.io/openstack.kolla/heat-api-cfn:2025.2-ubuntu-noble', 'volumes': ['/etc/kolla/heat-api-cfn/:/var/lib/kolla/config_files/:ro', '/etc/localtime:/etc/localtime:ro', '/etc/timezone:/etc/timezone:ro', '', 'kolla_logs:/var/log/kolla/', '/dev/shm:/dev/shm'], 'dimensions': {'ulimits': {'nofile': {'soft': 1048576, 'hard': 1048576}}}, 'healthcheck': {'interval': '30', 'retries': '3', 'start_period': '5', 'test': ['CMD-SHELL', 'healthcheck_curl http://192.168.0.10:8000'], 'timeout': '30'}, 'wsgi': 'heat.wsgi.cfn:application', 'haproxy': {'heat_api_cfn': {'enabled': True, 'mode': 'http', 'external': False, 'port': '8000', 'listen_port': '8000', 'tls_backend': 'no', 'backend_http_extra': ['option httpchk']}, 'heat_api_cfn_external': {'enabled': True, 'mode': 'http', 'external': True, 'external_fqdn': '192.168.0.200', 'port': '8000', 'listen_port': '8000', 'tls_backend': 'no', 'backend_http_extra': ['option httpchk']}}}})
changed: [anfitrion] => (item={'key': 'heat-engine', 'value': {'container_name': 'heat_engine', 'group': 'heat-engine', 'enabled': True, 'image': 'quay.io/openstack.kolla/heat-engine:2025.2-ubuntu-noble', 'volumes': ['/etc/kolla/heat-engine/:/var/lib/kolla/config_files/:ro', '/etc/localtime:/etc/localtime:ro', '/etc/timezone:/etc/timezone:ro', '', 'kolla_logs:/var/log/kolla/', '/dev/shm:/dev/shm'], 'dimensions': {'ulimits': {'nofile': {'soft': 1048576, 'hard': 1048576}}}, 'healthcheck': {'interval': '30', 'retries': '3', 'start_period': '5', 'test': ['CMD-SHELL', 'healthcheck_port heat-engine 5672'], 'timeout': '30'}}})

TASK [heat : Copying over heat.conf] *******************************************
changed: [anfitrion] => (item={'key': 'heat-api', 'value': {'container_name': 'heat_api', 'group': 'heat-api', 'enabled': True, 'image': 'quay.io/openstack.kolla/heat-api:2025.2-ubuntu-noble', 'volumes': ['/etc/kolla/heat-api/:/var/lib/kolla/config_files/:ro', '/etc/localtime:/etc/localtime:ro', '/etc/timezone:/etc/timezone:ro', '', 'kolla_logs:/var/log/kolla/', '/dev/shm:/dev/shm'], 'dimensions': {'ulimits': {'nofile': {'soft': 1048576, 'hard': 1048576}}}, 'healthcheck': {'interval': '30', 'retries': '3', 'start_period': '5', 'test': ['CMD-SHELL', 'healthcheck_curl http://192.168.0.10:8004'], 'timeout': '30'}, 'wsgi': 'heat.wsgi.api:application', 'haproxy': {'heat_api': {'enabled': True, 'mode': 'http', 'external': False, 'port': '8004', 'listen_port': '8004', 'tls_backend': 'no', 'backend_http_extra': ['option httpchk']}, 'heat_api_external': {'enabled': True, 'mode': 'http', 'external': True, 'external_fqdn': '192.168.0.200', 'port': '8004', 'listen_port': '8004', 'tls_backend': 'no', 'backend_http_extra': ['option httpchk']}}}})
changed: [anfitrion] => (item={'key': 'heat-api-cfn', 'value': {'container_name': 'heat_api_cfn', 'group': 'heat-api-cfn', 'enabled': True, 'image': 'quay.io/openstack.kolla/heat-api-cfn:2025.2-ubuntu-noble', 'volumes': ['/etc/kolla/heat-api-cfn/:/var/lib/kolla/config_files/:ro', '/etc/localtime:/etc/localtime:ro', '/etc/timezone:/etc/timezone:ro', '', 'kolla_logs:/var/log/kolla/', '/dev/shm:/dev/shm'], 'dimensions': {'ulimits': {'nofile': {'soft': 1048576, 'hard': 1048576}}}, 'healthcheck': {'interval': '30', 'retries': '3', 'start_period': '5', 'test': ['CMD-SHELL', 'healthcheck_curl http://192.168.0.10:8000'], 'timeout': '30'}, 'wsgi': 'heat.wsgi.cfn:application', 'haproxy': {'heat_api_cfn': {'enabled': True, 'mode': 'http', 'external': False, 'port': '8000', 'listen_port': '8000', 'tls_backend': 'no', 'backend_http_extra': ['option httpchk']}, 'heat_api_cfn_external': {'enabled': True, 'mode': 'http', 'external': True, 'external_fqdn': '192.168.0.200', 'port': '8000', 'listen_port': '8000', 'tls_backend': 'no', 'backend_http_extra': ['option httpchk']}}}})
changed: [anfitrion] => (item={'key': 'heat-engine', 'value': {'container_name': 'heat_engine', 'group': 'heat-engine', 'enabled': True, 'image': 'quay.io/openstack.kolla/heat-engine:2025.2-ubuntu-noble', 'volumes': ['/etc/kolla/heat-engine/:/var/lib/kolla/config_files/:ro', '/etc/localtime:/etc/localtime:ro', '/etc/timezone:/etc/timezone:ro', '', 'kolla_logs:/var/log/kolla/', '/dev/shm:/dev/shm'], 'dimensions': {'ulimits': {'nofile': {'soft': 1048576, 'hard': 1048576}}}, 'healthcheck': {'interval': '30', 'retries': '3', 'start_period': '5', 'test': ['CMD-SHELL', 'healthcheck_port heat-engine 5672'], 'timeout': '30'}}})

TASK [heat : Copying over existing policy file] ********************************
skipping: [anfitrion] => (item={'key': 'heat-api', 'value': {'container_name': 'heat_api', 'group': 'heat-api', 'enabled': True, 'image': 'quay.io/openstack.kolla/heat-api:2025.2-ubuntu-noble', 'volumes': ['/etc/kolla/heat-api/:/var/lib/kolla/config_files/:ro', '/etc/localtime:/etc/localtime:ro', '/etc/timezone:/etc/timezone:ro', '', 'kolla_logs:/var/log/kolla/', '/dev/shm:/dev/shm'], 'dimensions': {'ulimits': {'nofile': {'soft': 1048576, 'hard': 1048576}}}, 'healthcheck': {'interval': '30', 'retries': '3', 'start_period': '5', 'test': ['CMD-SHELL', 'healthcheck_curl http://192.168.0.10:8004'], 'timeout': '30'}, 'wsgi': 'heat.wsgi.api:application', 'haproxy': {'heat_api': {'enabled': True, 'mode': 'http', 'external': False, 'port': '8004', 'listen_port': '8004', 'tls_backend': 'no', 'backend_http_extra': ['option httpchk']}, 'heat_api_external': {'enabled': True, 'mode': 'http', 'external': True, 'external_fqdn': '192.168.0.200', 'port': '8004', 'listen_port': '8004', 'tls_backend': 'no', 'backend_http_extra': ['option httpchk']}}}}) 
skipping: [anfitrion] => (item={'key': 'heat-api-cfn', 'value': {'container_name': 'heat_api_cfn', 'group': 'heat-api-cfn', 'enabled': True, 'image': 'quay.io/openstack.kolla/heat-api-cfn:2025.2-ubuntu-noble', 'volumes': ['/etc/kolla/heat-api-cfn/:/var/lib/kolla/config_files/:ro', '/etc/localtime:/etc/localtime:ro', '/etc/timezone:/etc/timezone:ro', '', 'kolla_logs:/var/log/kolla/', '/dev/shm:/dev/shm'], 'dimensions': {'ulimits': {'nofile': {'soft': 1048576, 'hard': 1048576}}}, 'healthcheck': {'interval': '30', 'retries': '3', 'start_period': '5', 'test': ['CMD-SHELL', 'healthcheck_curl http://192.168.0.10:8000'], 'timeout': '30'}, 'wsgi': 'heat.wsgi.cfn:application', 'haproxy': {'heat_api_cfn': {'enabled': True, 'mode': 'http', 'external': False, 'port': '8000', 'listen_port': '8000', 'tls_backend': 'no', 'backend_http_extra': ['option httpchk']}, 'heat_api_cfn_external': {'enabled': True, 'mode': 'http', 'external': True, 'external_fqdn': '192.168.0.200', 'port': '8000', 'listen_port': '8000', 'tls_backend': 'no', 'backend_http_extra': ['option httpchk']}}}}) 
skipping: [anfitrion] => (item={'key': 'heat-engine', 'value': {'container_name': 'heat_engine', 'group': 'heat-engine', 'enabled': True, 'image': 'quay.io/openstack.kolla/heat-engine:2025.2-ubuntu-noble', 'volumes': ['/etc/kolla/heat-engine/:/var/lib/kolla/config_files/:ro', '/etc/localtime:/etc/localtime:ro', '/etc/timezone:/etc/timezone:ro', '', 'kolla_logs:/var/log/kolla/', '/dev/shm:/dev/shm'], 'dimensions': {'ulimits': {'nofile': {'soft': 1048576, 'hard': 1048576}}}, 'healthcheck': {'interval': '30', 'retries': '3', 'start_period': '5', 'test': ['CMD-SHELL', 'healthcheck_port heat-engine 5672'], 'timeout': '30'}}}) 
skipping: [anfitrion]

TASK [heat : Copying over heat-api wsgi config] ********************************
skipping: [anfitrion]

TASK [Configure uWSGI for heat-api] ********************************************
included: service-uwsgi-config for anfitrion

TASK [service-uwsgi-config : Copying over heat-api uWSGI config] ***************
changed: [anfitrion]

TASK [heat : Copying over heat-api-cfn wsgi config] ****************************
skipping: [anfitrion]

TASK [Configure uWSGI for heat-api-cfn] ****************************************
included: service-uwsgi-config for anfitrion

TASK [service-uwsgi-config : Copying over heat-api-cfn uWSGI config] ***********
changed: [anfitrion]

TASK [service-check-containers : heat | Check containers] **********************
changed: [anfitrion] => (item={'key': 'heat-api', 'value': {'container_name': 'heat_api', 'group': 'heat-api', 'enabled': True, 'image': 'quay.io/openstack.kolla/heat-api:2025.2-ubuntu-noble', 'volumes': ['/etc/kolla/heat-api/:/var/lib/kolla/config_files/:ro', '/etc/localtime:/etc/localtime:ro', '/etc/timezone:/etc/timezone:ro', '', 'kolla_logs:/var/log/kolla/', '/dev/shm:/dev/shm'], 'dimensions': {'ulimits': {'nofile': {'soft': 1048576, 'hard': 1048576}}}, 'healthcheck': {'interval': '30', 'retries': '3', 'start_period': '5', 'test': ['CMD-SHELL', 'healthcheck_curl http://192.168.0.10:8004'], 'timeout': '30'}, 'wsgi': 'heat.wsgi.api:application', 'haproxy': {'heat_api': {'enabled': True, 'mode': 'http', 'external': False, 'port': '8004', 'listen_port': '8004', 'tls_backend': 'no', 'backend_http_extra': ['option httpchk']}, 'heat_api_external': {'enabled': True, 'mode': 'http', 'external': True, 'external_fqdn': '192.168.0.200', 'port': '8004', 'listen_port': '8004', 'tls_backend': 'no', 'backend_http_extra': ['option httpchk']}}}})
changed: [anfitrion] => (item={'key': 'heat-api-cfn', 'value': {'container_name': 'heat_api_cfn', 'group': 'heat-api-cfn', 'enabled': True, 'image': 'quay.io/openstack.kolla/heat-api-cfn:2025.2-ubuntu-noble', 'volumes': ['/etc/kolla/heat-api-cfn/:/var/lib/kolla/config_files/:ro', '/etc/localtime:/etc/localtime:ro', '/etc/timezone:/etc/timezone:ro', '', 'kolla_logs:/var/log/kolla/', '/dev/shm:/dev/shm'], 'dimensions': {'ulimits': {'nofile': {'soft': 1048576, 'hard': 1048576}}}, 'healthcheck': {'interval': '30', 'retries': '3', 'start_period': '5', 'test': ['CMD-SHELL', 'healthcheck_curl http://192.168.0.10:8000'], 'timeout': '30'}, 'wsgi': 'heat.wsgi.cfn:application', 'haproxy': {'heat_api_cfn': {'enabled': True, 'mode': 'http', 'external': False, 'port': '8000', 'listen_port': '8000', 'tls_backend': 'no', 'backend_http_extra': ['option httpchk']}, 'heat_api_cfn_external': {'enabled': True, 'mode': 'http', 'external': True, 'external_fqdn': '192.168.0.200', 'port': '8000', 'listen_port': '8000', 'tls_backend': 'no', 'backend_http_extra': ['option httpchk']}}}})
changed: [anfitrion] => (item={'key': 'heat-engine', 'value': {'container_name': 'heat_engine', 'group': 'heat-engine', 'enabled': True, 'image': 'quay.io/openstack.kolla/heat-engine:2025.2-ubuntu-noble', 'volumes': ['/etc/kolla/heat-engine/:/var/lib/kolla/config_files/:ro', '/etc/localtime:/etc/localtime:ro', '/etc/timezone:/etc/timezone:ro', '', 'kolla_logs:/var/log/kolla/', '/dev/shm:/dev/shm'], 'dimensions': {'ulimits': {'nofile': {'soft': 1048576, 'hard': 1048576}}}, 'healthcheck': {'interval': '30', 'retries': '3', 'start_period': '5', 'test': ['CMD-SHELL', 'healthcheck_port heat-engine 5672'], 'timeout': '30'}}})

TASK [service-check-containers : heat | Notify handlers to restart containers] ***
changed: [anfitrion] => {
    "msg": "Notifying handlers"
}

TASK [service-check-containers : Include tasks] ********************************
skipping: [anfitrion] => (item={'key': 'heat-api', 'value': {'container_name': 'heat_api', 'group': 'heat-api', 'enabled': True, 'image': 'quay.io/openstack.kolla/heat-api:2025.2-ubuntu-noble', 'volumes': ['/etc/kolla/heat-api/:/var/lib/kolla/config_files/:ro', '/etc/localtime:/etc/localtime:ro', '/etc/timezone:/etc/timezone:ro', '', 'kolla_logs:/var/log/kolla/', '/dev/shm:/dev/shm'], 'dimensions': {'ulimits': {'nofile': {'soft': 1048576, 'hard': 1048576}}}, 'healthcheck': {'interval': '30', 'retries': '3', 'start_period': '5', 'test': ['CMD-SHELL', 'healthcheck_curl http://192.168.0.10:8004'], 'timeout': '30'}, 'wsgi': 'heat.wsgi.api:application', 'haproxy': {'heat_api': {'enabled': True, 'mode': 'http', 'external': False, 'port': '8004', 'listen_port': '8004', 'tls_backend': 'no', 'backend_http_extra': ['option httpchk']}, 'heat_api_external': {'enabled': True, 'mode': 'http', 'external': True, 'external_fqdn': '192.168.0.200', 'port': '8004', 'listen_port': '8004', 'tls_backend': 'no', 'backend_http_extra': ['option httpchk']}}}}) 
skipping: [anfitrion] => (item={'key': 'heat-api-cfn', 'value': {'container_name': 'heat_api_cfn', 'group': 'heat-api-cfn', 'enabled': True, 'image': 'quay.io/openstack.kolla/heat-api-cfn:2025.2-ubuntu-noble', 'volumes': ['/etc/kolla/heat-api-cfn/:/var/lib/kolla/config_files/:ro', '/etc/localtime:/etc/localtime:ro', '/etc/timezone:/etc/timezone:ro', '', 'kolla_logs:/var/log/kolla/', '/dev/shm:/dev/shm'], 'dimensions': {'ulimits': {'nofile': {'soft': 1048576, 'hard': 1048576}}}, 'healthcheck': {'interval': '30', 'retries': '3', 'start_period': '5', 'test': ['CMD-SHELL', 'healthcheck_curl http://192.168.0.10:8000'], 'timeout': '30'}, 'wsgi': 'heat.wsgi.cfn:application', 'haproxy': {'heat_api_cfn': {'enabled': True, 'mode': 'http', 'external': False, 'port': '8000', 'listen_port': '8000', 'tls_backend': 'no', 'backend_http_extra': ['option httpchk']}, 'heat_api_cfn_external': {'enabled': True, 'mode': 'http', 'external': True, 'external_fqdn': '192.168.0.200', 'port': '8000', 'listen_port': '8000', 'tls_backend': 'no', 'backend_http_extra': ['option httpchk']}}}}) 
skipping: [anfitrion] => (item={'key': 'heat-engine', 'value': {'container_name': 'heat_engine', 'group': 'heat-engine', 'enabled': True, 'image': 'quay.io/openstack.kolla/heat-engine:2025.2-ubuntu-noble', 'volumes': ['/etc/kolla/heat-engine/:/var/lib/kolla/config_files/:ro', '/etc/localtime:/etc/localtime:ro', '/etc/timezone:/etc/timezone:ro', '', 'kolla_logs:/var/log/kolla/', '/dev/shm:/dev/shm'], 'dimensions': {'ulimits': {'nofile': {'soft': 1048576, 'hard': 1048576}}}, 'healthcheck': {'interval': '30', 'retries': '3', 'start_period': '5', 'test': ['CMD-SHELL', 'healthcheck_port heat-engine 5672'], 'timeout': '30'}}}) 
skipping: [anfitrion]

TASK [heat : include_tasks] ****************************************************
skipping: [anfitrion]

TASK [heat : Creating Heat database] *******************************************
changed: [anfitrion]

TASK [heat : Creating Heat database user and setting permissions] **************
changed: [anfitrion]

TASK [heat : Running Heat bootstrap container] *********************************
changed: [anfitrion]

TASK [heat : Flush handlers] ***************************************************

RUNNING HANDLER [heat : Restart heat-api container] ****************************
changed: [anfitrion]

RUNNING HANDLER [heat : Restart heat-api-cfn container] ************************
changed: [anfitrion]

RUNNING HANDLER [heat : Restart heat-engine container] *************************
changed: [anfitrion]

PLAY [Apply role horizon] ******************************************************

TASK [horizon : include_tasks] *************************************************
included: /opt/kolla-ansible/share/kolla-ansible/ansible/roles/horizon/tasks/deploy.yml for anfitrion

TASK [horizon : Ensuring config directories exist] *****************************
changed: [anfitrion] => (item={'key': 'horizon', 'value': {'container_name': 'horizon', 'group': 'horizon', 'enabled': True, 'image': 'quay.io/openstack.kolla/horizon:2025.2-ubuntu-noble', 'environment': {'ENABLE_BLAZAR': 'no', 'ENABLE_CLOUDKITTY': 'no', 'ENABLE_DESIGNATE': 'no', 'ENABLE_FWAAS': 'no', 'ENABLE_HEAT': 'yes', 'ENABLE_IRONIC': 'no', 'ENABLE_MAGNUM': 'no', 'ENABLE_MANILA': 'no', 'ENABLE_MASAKARI': 'no', 'ENABLE_MISTRAL': 'no', 'ENABLE_NEUTRON_VPNAAS': 'no', 'ENABLE_OCTAVIA': 'no', 'ENABLE_TACKER': 'no', 'ENABLE_TROVE': 'no', 'ENABLE_WATCHER': 'no', 'ENABLE_ZUN': 'no', 'FORCE_GENERATE': 'no'}, 'volumes': ['/etc/kolla/horizon/:/var/lib/kolla/config_files/:ro', '', '/etc/localtime:/etc/localtime:ro', '/etc/timezone:/etc/timezone:ro', 'kolla_logs:/var/log/kolla/'], 'dimensions': {'ulimits': {'nofile': {'soft': 1048576, 'hard': 1048576}}}, 'healthcheck': {'interval': '30', 'retries': '3', 'start_period': '5', 'test': ['CMD-SHELL', 'healthcheck_curl http://192.168.0.10:8080'], 'timeout': '30'}, 'wsgi': 'openstack_dashboard.wsgi:application', 'haproxy': {'horizon': {'enabled': True, 'mode': 'http', 'external': False, 'port': '80', 'listen_port': '8080', 'frontend_http_extra': [''], 'backend_http_extra': ['balance roundrobin', 'option httpchk'], 'tls_backend': 'no'}, 'horizon_redirect': {'enabled': False, 'mode': 'redirect', 'external': False, 'port': '80', 'listen_port': '8080', 'frontend_redirect_extra': ['']}, 'horizon_external': {'enabled': True, 'mode': 'http', 'external': True, 'external_fqdn': '192.168.0.200', 'port': '80', 'listen_port': '8080', 'frontend_http_extra': [''], 'backend_http_extra': ['balance roundrobin', 'option httpchk'], 'tls_backend': 'no'}, 'horizon_external_redirect': {'enabled': False, 'mode': 'redirect', 'external': True, 'external_fqdn': '192.168.0.200', 'port': '80', 'listen_port': '8080', 'frontend_redirect_extra': ['']}, 'acme_client': {'enabled': 'no', 'with_frontend': False, 'custom_member_list': []}}}})

TASK [horizon : Set empty custom policy] ***************************************
ok: [anfitrion]

TASK [horizon : include_tasks] *************************************************
skipping: [anfitrion] => (item={'name': 'ceilometer', 'enabled': 'no'}) 
skipping: [anfitrion] => (item={'name': 'cinder', 'enabled': 'no'}) 
skipping: [anfitrion] => (item={'name': 'cloudkitty', 'enabled': False}) 
skipping: [anfitrion] => (item={'name': 'designate', 'enabled': False}) 
skipping: [anfitrion] => (item={'name': 'ironic', 'enabled': False}) 
skipping: [anfitrion] => (item={'name': 'magnum', 'enabled': False}) 
skipping: [anfitrion] => (item={'name': 'manila', 'enabled': False}) 
skipping: [anfitrion] => (item={'name': 'masakari', 'enabled': False}) 
skipping: [anfitrion] => (item={'name': 'mistral', 'enabled': False}) 
skipping: [anfitrion] => (item={'name': 'octavia', 'enabled': False}) 
skipping: [anfitrion] => (item={'name': 'tacker', 'enabled': False}) 
skipping: [anfitrion] => (item={'name': 'trove', 'enabled': False}) 
skipping: [anfitrion] => (item={'name': 'watcher', 'enabled': False}) 
included: /opt/kolla-ansible/share/kolla-ansible/ansible/roles/horizon/tasks/policy_item.yml for anfitrion => (item={'name': 'glance', 'enabled': True})
included: /opt/kolla-ansible/share/kolla-ansible/ansible/roles/horizon/tasks/policy_item.yml for anfitrion => (item={'name': 'heat', 'enabled': True})
included: /opt/kolla-ansible/share/kolla-ansible/ansible/roles/horizon/tasks/policy_item.yml for anfitrion => (item={'name': 'keystone', 'enabled': True})
included: /opt/kolla-ansible/share/kolla-ansible/ansible/roles/horizon/tasks/policy_item.yml for anfitrion => (item={'name': 'neutron', 'enabled': True})
included: /opt/kolla-ansible/share/kolla-ansible/ansible/roles/horizon/tasks/policy_item.yml for anfitrion => (item={'name': 'nova', 'enabled': True})

TASK [horizon : Update policy file name] ***************************************
ok: [anfitrion]

TASK [horizon : Check if policies shall be overwritten] ************************
skipping: [anfitrion]

TASK [horizon : Update custom policy file name] ********************************
skipping: [anfitrion]

TASK [horizon : Update policy file name] ***************************************
ok: [anfitrion]

TASK [horizon : Check if policies shall be overwritten] ************************
skipping: [anfitrion]

TASK [horizon : Update custom policy file name] ********************************
skipping: [anfitrion]

TASK [horizon : Update policy file name] ***************************************
ok: [anfitrion]

TASK [horizon : Check if policies shall be overwritten] ************************
skipping: [anfitrion]

TASK [horizon : Update custom policy file name] ********************************
skipping: [anfitrion]

TASK [horizon : Update policy file name] ***************************************
ok: [anfitrion]

TASK [horizon : Check if policies shall be overwritten] ************************
skipping: [anfitrion]

TASK [horizon : Update custom policy file name] ********************************
skipping: [anfitrion]

TASK [horizon : Update policy file name] ***************************************
ok: [anfitrion]

TASK [horizon : Check if policies shall be overwritten] ************************
skipping: [anfitrion]

TASK [horizon : Update custom policy file name] ********************************
skipping: [anfitrion]

TASK [horizon : Copying over config.json files for services] *******************
changed: [anfitrion]

TASK [horizon : Copying over horizon.conf] *************************************
skipping: [anfitrion] => (item=/opt/kolla-ansible/share/kolla-ansible/ansible/roles/horizon/templates/horizon.conf.j2) 
skipping: [anfitrion]

TASK [Configure uWSGI for Horizon] *********************************************
included: service-uwsgi-config for anfitrion

TASK [service-uwsgi-config : Copying over horizon uWSGI config] ****************
changed: [anfitrion]

TASK [horizon : Copying over kolla-settings.py] ********************************
changed: [anfitrion] => (item=/opt/kolla-ansible/share/kolla-ansible/ansible/roles/horizon/templates/_9998-kolla-settings.py.j2)

TASK [horizon : Copying over custom-settings.py] *******************************
changed: [anfitrion] => (item=/opt/kolla-ansible/share/kolla-ansible/ansible/roles/horizon/templates/_9999-custom-settings.py.j2)

TASK [horizon : Copying over existing policy file] *****************************
skipping: [anfitrion]

TASK [horizon : Copying over custom themes] ************************************
skipping: [anfitrion]

TASK [horizon : include_tasks] *************************************************
skipping: [anfitrion]

TASK [service-check-containers : horizon | Check containers] *******************
changed: [anfitrion] => (item={'key': 'horizon', 'value': {'container_name': 'horizon', 'group': 'horizon', 'enabled': True, 'image': 'quay.io/openstack.kolla/horizon:2025.2-ubuntu-noble', 'environment': {'ENABLE_BLAZAR': 'no', 'ENABLE_CLOUDKITTY': 'no', 'ENABLE_DESIGNATE': 'no', 'ENABLE_FWAAS': 'no', 'ENABLE_HEAT': 'yes', 'ENABLE_IRONIC': 'no', 'ENABLE_MAGNUM': 'no', 'ENABLE_MANILA': 'no', 'ENABLE_MASAKARI': 'no', 'ENABLE_MISTRAL': 'no', 'ENABLE_NEUTRON_VPNAAS': 'no', 'ENABLE_OCTAVIA': 'no', 'ENABLE_TACKER': 'no', 'ENABLE_TROVE': 'no', 'ENABLE_WATCHER': 'no', 'ENABLE_ZUN': 'no', 'FORCE_GENERATE': 'no'}, 'volumes': ['/etc/kolla/horizon/:/var/lib/kolla/config_files/:ro', '', '/etc/localtime:/etc/localtime:ro', '/etc/timezone:/etc/timezone:ro', 'kolla_logs:/var/log/kolla/'], 'dimensions': {'ulimits': {'nofile': {'soft': 1048576, 'hard': 1048576}}}, 'healthcheck': {'interval': '30', 'retries': '3', 'start_period': '5', 'test': ['CMD-SHELL', 'healthcheck_curl http://192.168.0.10:8080'], 'timeout': '30'}, 'wsgi': 'openstack_dashboard.wsgi:application', 'haproxy': {'horizon': {'enabled': True, 'mode': 'http', 'external': False, 'port': '80', 'listen_port': '8080', 'frontend_http_extra': [''], 'backend_http_extra': ['balance roundrobin', 'option httpchk'], 'tls_backend': 'no'}, 'horizon_redirect': {'enabled': False, 'mode': 'redirect', 'external': False, 'port': '80', 'listen_port': '8080', 'frontend_redirect_extra': ['']}, 'horizon_external': {'enabled': True, 'mode': 'http', 'external': True, 'external_fqdn': '192.168.0.200', 'port': '80', 'listen_port': '8080', 'frontend_http_extra': [''], 'backend_http_extra': ['balance roundrobin', 'option httpchk'], 'tls_backend': 'no'}, 'horizon_external_redirect': {'enabled': False, 'mode': 'redirect', 'external': True, 'external_fqdn': '192.168.0.200', 'port': '80', 'listen_port': '8080', 'frontend_redirect_extra': ['']}, 'acme_client': {'enabled': 'no', 'with_frontend': False, 'custom_member_list': []}}}})

TASK [service-check-containers : horizon | Notify handlers to restart containers] ***
changed: [anfitrion] => {
    "msg": "Notifying handlers"
}

TASK [service-check-containers : Include tasks] ********************************
skipping: [anfitrion] => (item={'key': 'horizon', 'value': {'container_name': 'horizon', 'group': 'horizon', 'enabled': True, 'image': 'quay.io/openstack.kolla/horizon:2025.2-ubuntu-noble', 'environment': {'ENABLE_BLAZAR': 'no', 'ENABLE_CLOUDKITTY': 'no', 'ENABLE_DESIGNATE': 'no', 'ENABLE_FWAAS': 'no', 'ENABLE_HEAT': 'yes', 'ENABLE_IRONIC': 'no', 'ENABLE_MAGNUM': 'no', 'ENABLE_MANILA': 'no', 'ENABLE_MASAKARI': 'no', 'ENABLE_MISTRAL': 'no', 'ENABLE_NEUTRON_VPNAAS': 'no', 'ENABLE_OCTAVIA': 'no', 'ENABLE_TACKER': 'no', 'ENABLE_TROVE': 'no', 'ENABLE_WATCHER': 'no', 'ENABLE_ZUN': 'no', 'FORCE_GENERATE': 'no'}, 'volumes': ['/etc/kolla/horizon/:/var/lib/kolla/config_files/:ro', '', '/etc/localtime:/etc/localtime:ro', '/etc/timezone:/etc/timezone:ro', 'kolla_logs:/var/log/kolla/'], 'dimensions': {'ulimits': {'nofile': {'soft': 1048576, 'hard': 1048576}}}, 'healthcheck': {'interval': '30', 'retries': '3', 'start_period': '5', 'test': ['CMD-SHELL', 'healthcheck_curl http://192.168.0.10:8080'], 'timeout': '30'}, 'wsgi': 'openstack_dashboard.wsgi:application', 'haproxy': {'horizon': {'enabled': True, 'mode': 'http', 'external': False, 'port': '80', 'listen_port': '8080', 'frontend_http_extra': [''], 'backend_http_extra': ['balance roundrobin', 'option httpchk'], 'tls_backend': 'no'}, 'horizon_redirect': {'enabled': False, 'mode': 'redirect', 'external': False, 'port': '80', 'listen_port': '8080', 'frontend_redirect_extra': ['']}, 'horizon_external': {'enabled': True, 'mode': 'http', 'external': True, 'external_fqdn': '192.168.0.200', 'port': '80', 'listen_port': '8080', 'frontend_http_extra': [''], 'backend_http_extra': ['balance roundrobin', 'option httpchk'], 'tls_backend': 'no'}, 'horizon_external_redirect': {'enabled': False, 'mode': 'redirect', 'external': True, 'external_fqdn': '192.168.0.200', 'port': '80', 'listen_port': '8080', 'frontend_redirect_extra': ['']}, 'acme_client': {'enabled': 'no', 'with_frontend': False, 'custom_member_list': []}}}}) 
skipping: [anfitrion]

TASK [horizon : include_tasks] *************************************************
skipping: [anfitrion]

TASK [horizon : include_tasks] *************************************************
skipping: [anfitrion]

TASK [horizon : Flush handlers] ************************************************

RUNNING HANDLER [horizon : Restart horizon container] **************************
[WARNING]: Could not match supplied host pattern, ignoring: enable_magnum_True
[WARNING]: Could not match supplied host pattern, ignoring: enable_mistral_True
[WARNING]: Could not match supplied host pattern, ignoring: enable_manila_True
[WARNING]: Could not match supplied host pattern, ignoring: enable_gnocchi_True
[WARNING]: Could not match supplied host pattern, ignoring:
enable_ceilometer_True
[WARNING]: Could not match supplied host pattern, ignoring: enable_aodh_True
[WARNING]: Could not match supplied host pattern, ignoring:
enable_barbican_True
[WARNING]: Could not match supplied host pattern, ignoring: enable_cyborg_True
[WARNING]: Could not match supplied host pattern, ignoring:
enable_designate_True
[WARNING]: Could not match supplied host pattern, ignoring: enable_trove_True
[WARNING]: Could not match supplied host pattern, ignoring: enable_watcher_True
[WARNING]: Could not match supplied host pattern, ignoring: enable_grafana_True
[WARNING]: Could not match supplied host pattern, ignoring:
enable_cloudkitty_True
[WARNING]: Could not match supplied host pattern, ignoring: enable_tacker_True
[WARNING]: Could not match supplied host pattern, ignoring: enable_octavia_True
[WARNING]: Could not match supplied host pattern, ignoring: enable_zun_True
[WARNING]: Could not match supplied host pattern, ignoring: enable_blazar_True
[WARNING]: Could not match supplied host pattern, ignoring:
enable_masakari_True
[WARNING]: Could not match supplied host pattern, ignoring: enable_skyline_True
changed: [anfitrion]

PLAY [Apply role magnum] *******************************************************
skipping: no hosts matched

PLAY [Apply role mistral] ******************************************************
skipping: no hosts matched

PLAY [Apply role manila] *******************************************************
skipping: no hosts matched

PLAY [Apply role gnocchi] ******************************************************
skipping: no hosts matched

PLAY [Apply role ceilometer] ***************************************************
skipping: no hosts matched

PLAY [Apply role aodh] *********************************************************
skipping: no hosts matched

PLAY [Apply role barbican] *****************************************************
skipping: no hosts matched

PLAY [Apply role cyborg] *******************************************************
skipping: no hosts matched

PLAY [Apply role designate] ****************************************************
skipping: no hosts matched

PLAY [Apply role trove] ********************************************************
skipping: no hosts matched

PLAY [Apply role watcher] ******************************************************
skipping: no hosts matched

PLAY [Apply role grafana] ******************************************************
skipping: no hosts matched

PLAY [Apply role cloudkitty] ***************************************************
skipping: no hosts matched

PLAY [Apply role tacker] *******************************************************
skipping: no hosts matched

PLAY [Apply role octavia] ******************************************************
skipping: no hosts matched

PLAY [Apply role zun] **********************************************************
skipping: no hosts matched

PLAY [Apply role blazar] *******************************************************
skipping: no hosts matched

PLAY [Apply role masakari] *****************************************************
skipping: no hosts matched

PLAY [Apply role skyline] ******************************************************
skipping: no hosts matched

PLAY RECAP *********************************************************************
anfitrion                  : ok=392  changed=119  unreachable=0    failed=0    skipped=267  rescued=0    ignored=0   
asus-tuf                   : ok=74   changed=23   unreachable=0    failed=0    skipped=67   rescued=0    ignored=0   
localhost                  : ok=4    changed=0    unreachable=0    failed=0    skipped=0    rescued=0    ignored=0   
server                     : ok=74   changed=23   unreachable=0    failed=0    skipped=67   rescued=0    ignored=0   

